Metric,Value
subject,sub-019S5242
session,ses-02
run,run-01
mean_FD_mm,0.43708836056331163
median_FD_mm,0.38862049776245794
max_FD_mm,1.2885225198880215
FD_gt_0.2mm,122
FD_gt_0.5mm,35
FD_gt_1.0mm,7
mean_tSNR,138.1331024169922
median_tSNR,138.06983947753906
SNR,12.115947723388672
CNR,NOT_RELIABLY_COMPUTABLE
mean_DVARS_raw,12381.667178025886
median_DVARS_raw,11905.40625
max_DVARS_raw,37232.03515625
dvars_type,RAW_INTENSITY
spatial_entropy_bits,7.0641306499303145
temporal_entropy_bits,3.5808127309033253
mask_voxel_count,28549
WM_regressor,PERFORMED (template prior)
CSF_regressor,NOT PERFORMED
slice_timing,NOT_PERFORMED
registration_in_MNI,True
checksum_before,3fb2bb44607b7c5aa398bfa58468614e
checksum_after,3fb2bb44607b7c5aa398bfa58468614e
checksum_match,True
n_volumes_orig,140
n_volumes_retained,135
final_NaN,0
final_Inf,0
qc_status,WARN
qc_warnings,mean/frame FD: 35/135 volumes exceed 0.5mm (25.9%)
