subject_id,original_json,acquisition_datetime,series_number,BIDS_session,BIDS_run,reason
002_S_5018,002_S_5018_Resting_State_fMRI_20130516122033_501.json,20130516122033,501,ses-01,run-01,"Date 20130516 -> Session 01, Sequence 1 -> Run 01"
002_S_5018,002_S_5018_Resting_State_fMRI_20131118104100_501.json,20131118104100,501,ses-02,run-01,"Date 20131118 -> Session 02, Sequence 1 -> Run 01"
006_S_4153,006_S_4153_WIP_Resting_State_fMRI_20120327121013_501.json,20120327121013,501,ses-01,run-01,"Date 20120327 -> Session 01, Sequence 1 -> Run 01"
006_S_4192,006_S_4192_WIP_Resting_State_fMRI_20120507114909_701.json,20120507114909,701,ses-01,run-01,"Date 20120507 -> Session 01, Sequence 1 -> Run 01"
013_S_5071,013_S_5071_Resting_State_fMRI_20130827114820_501.json,20130827114820,501,ses-01,run-01,"Date 20130827 -> Session 01, Sequence 1 -> Run 01"
018_S_4696,018_S_4696_WIP_Resting_State_fMRI_20121101111701_601.json,20121101111701,601,ses-01,run-01,"Date 20121101 -> Session 01, Sequence 1 -> Run 01"
018_S_4733,018_S_4733_WIP_Resting_State_fMRI_20121130110351_601.json,20121130110351,601,ses-01,run-01,"Date 20121130 -> Session 01, Sequence 1 -> Run 01"
019_S_4252,019_S_4252_Resting_State_fMRI_20121023124915_501.json,20121023124915,501,ses-01,run-01,"Date 20121023 -> Session 01, Sequence 1 -> Run 01"
019_S_4477,019_S_4477_Resting_State_fMRI_20120807131900_701.json,20120807131900,701,ses-01,run-01,"Date 20120807 -> Session 01, Sequence 1 -> Run 01"
019_S_4477,019_S_4477_Resting_State_fMRI_20130213122116_501.json,20130213122116,501,ses-02,run-01,"Date 20130213 -> Session 02, Sequence 1 -> Run 01"
019_S_4549,019_S_4549_Resting_State_fMRI_20121030144055_601.json,20121030144055,601,ses-01,run-01,"Date 20121030 -> Session 01, Sequence 1 -> Run 01"
019_S_4549,019_S_4549_Resting_State_fMRI_20130313113703_601.json,20130313113703,601,ses-02,run-01,"Date 20130313 -> Session 02, Sequence 1 -> Run 01"
019_S_5012,019_S_5012_Resting_State_fMRI_20130515125619_501.json,20130515125619,501,ses-01,run-01,"Date 20130515 -> Session 01, Sequence 1 -> Run 01"
019_S_5019,019_S_5019_Resting_State_fMRI_20130514132411_501.json,20130514132411,501,ses-01,run-01,"Date 20130514 -> Session 01, Sequence 1 -> Run 01"
031_S_4024,031_S_4024_WIP_Resting_State_fMRI_20111028135128_601.json,20111028135128,601,ses-01,run-01,"Date 20111028 -> Session 01, Sequence 1 -> Run 01"
130_S_4641,130_S_4641_Resting_State_fMRI_20121010131159_501.json,20121010131159,501,ses-01,run-01,"Date 20121010 -> Session 01, Sequence 1 -> Run 01"
130_S_4660,130_S_4660_Resting_State_fMRI_20121017134229_701.json,20121017134229,701,ses-01,run-01,"Date 20121017 -> Session 01, Sequence 1 -> Run 01"
130_S_4730,130_S_4730_Resting_State_fMRI_20121219085923_701.json,20121219085923,701,ses-01,run-01,"Date 20121219 -> Session 01, Sequence 1 -> Run 01"
130_S_4730,130_S_4730_WIP_Resting_State_fMRI_20130612085835_701.json,20130612085835,701,ses-02,run-01,"Date 20130612 -> Session 02, Sequence 1 -> Run 01"
130_S_4971,130_S_4971_Resting_State_fMRI_20130503125602_501.json,20130503125602,501,ses-01,run-01,"Date 20130503 -> Session 01, Sequence 1 -> Run 01"
130_S_4982,130_S_4982_Resting_State_fMRI_20130426091244_501.json,20130426091244,501,ses-01,run-01,"Date 20130426 -> Session 01, Sequence 1 -> Run 01"
130_S_4982,130_S_4982_Resting_State_fMRI_20131025101621_501.json,20131025101621,501,ses-02,run-01,"Date 20131025 -> Session 02, Sequence 1 -> Run 01"
130_S_4984,130_S_4984_Resting_State_fMRI_20130328100512_501.json,20130328100512,501,ses-01,run-01,"Date 20130328 -> Session 01, Sequence 1 -> Run 01"
130_S_4990,130_S_4990_Resting_State_fMRI_20130426105741_501.json,20130426105741,501,ses-01,run-01,"Date 20130426 -> Session 01, Sequence 1 -> Run 01"
130_S_5059,130_S_5059_Resting_State_fMRI_20130809090025_501.json,20130809090025,501,ses-01,run-01,"Date 20130809 -> Session 01, Sequence 1 -> Run 01"
002_S_2010,002_S_2010_Resting_State_fMRI_20110122123155_601.json,20110122123155,601,ses-01,run-01,"Date 20110122 -> Session 01, Sequence 1 -> Run 01"
002_S_2043,002_S_2043_Resting_State_fMRI_20110916171205_601.json,20110916171205,601,ses-01,run-01,"Date 20110916 -> Session 01, Sequence 1 -> Run 01"
002_S_2073,002_S_2073_Resting_State_fMRI_20110309071133_501.json,20110309071133,501,ses-01,run-01,"Date 20110309 -> Session 01, Sequence 1 -> Run 01"
002_S_4237,002_S_4237_Resting_State_fMRI_20120503141207_501.json,20120503141207,501,ses-01,run-01,"Date 20120503 -> Session 01, Sequence 1 -> Run 01"
002_S_4447,002_S_4447_Resting_State_fMRI_20120814162006_501.json,20120814162006,501,ses-01,run-01,"Date 20120814 -> Session 01, Sequence 1 -> Run 01"
002_S_4473,002_S_4473_Resting_State_fMRI_20120823144214_501.json,20120823144214,501,ses-01,run-01,"Date 20120823 -> Session 01, Sequence 1 -> Run 01"
006_S_4679,006_S_4679_WIP_Resting_State_fMRI_20130718115841_501.json,20130718115841,501,ses-01,run-01,"Date 20130718 -> Session 01, Sequence 1 -> Run 01"
012_S_4012,012_S_4012_WIP_Resting_State_fMRI_20111107122211_501.json,20111107122211,501,ses-01,run-01,"Date 20111107 -> Session 01, Sequence 1 -> Run 01"
012_S_4128,012_S_4128_WIP_Resting_State_fMRI_20120306102645_501.json,20120306102645,501,ses-01,run-01,"Date 20120306 -> Session 01, Sequence 1 -> Run 01"
012_S_4128,012_S_4128_Resting_State_fMRI_20130805083817_501.json,20130805083817,501,ses-02,run-01,"Date 20130805 -> Session 02, Sequence 1 -> Run 01"
012_S_4188,012_S_4188_WIP_Resting_State_fMRI_20120502132256_501.json,20120502132256,501,ses-01,run-01,"Date 20120502 -> Session 01, Sequence 1 -> Run 01"
012_S_4849,012_S_4849_Resting_State_fMRI_20130225132441_501.json,20130225132441,501,ses-01,run-01,"Date 20130225 -> Session 01, Sequence 1 -> Run 01"
012_S_4987,012_S_4987_Resting_State_fMRI_20130513135801_501.json,20130513135801,501,ses-01,run-01,"Date 20130513 -> Session 01, Sequence 1 -> Run 01"
013_S_2324,013_S_2324_Resting_State_fMRI_20120417161313_501.json,20120417161313,501,ses-01,run-01,"Date 20120417 -> Session 01, Sequence 1 -> Run 01"
013_S_4268,013_S_4268_Resting_State_fMRI_20120523143432_501.json,20120523143432,501,ses-01,run-01,"Date 20120523 -> Session 01, Sequence 1 -> Run 01"
013_S_4791,013_S_4791_Resting_State_fMRI_20130417145358_501.json,20130417145358,501,ses-01,run-01,"Date 20130417 -> Session 01, Sequence 1 -> Run 01"
013_S_4917,013_S_4917_Resting_State_fMRI_20130320115625_501.json,20130320115625,501,ses-01,run-01,"Date 20130320 -> Session 01, Sequence 1 -> Run 01"
018_S_2133,018_S_2133_WIP_Resting_State_fMRI_20110802121305_501.json,20110802121305,501,ses-01,run-01,"Date 20110802 -> Session 01, Sequence 1 -> Run 01"
018_S_2138,018_S_2138_WIP_Resting_State_fMRI_20110908100255_501.json,20110908100255,501,ses-01,run-01,"Date 20110908 -> Session 01, Sequence 1 -> Run 01"
018_S_2155,018_S_2155_WIP_Resting_State_fMRI_20110701131206_501.json,20110701131206,501,ses-01,run-01,"Date 20110701 -> Session 01, Sequence 1 -> Run 01"
018_S_4597,018_S_4597_WIP_Resting_State_fMRI_20130311101535_501.json,20130311101535,501,ses-01,run-01,"Date 20130311 -> Session 01, Sequence 1 -> Run 01"
018_S_4809,018_S_4809_WIP_Resting_State_fMRI_20130108104016_501.json,20130108104016,501,ses-01,run-01,"Date 20130108 -> Session 01, Sequence 1 -> Run 01"
018_S_4868,018_S_4868_WIP_Resting_State_fMRI_20130211090227_501.json,20130211090227,501,ses-01,run-01,"Date 20130211 -> Session 01, Sequence 1 -> Run 01"
019_S_4285,019_S_4285_Resting_State_fMRI_20120430122224_501.json,20120430122224,501,ses-01,run-01,"Date 20120430 -> Session 01, Sequence 1 -> Run 01"
019_S_4680,019_S_4680_Resting_State_fMRI_20121029125616_501.json,20121029125616,501,ses-01,run-01,"Date 20121029 -> Session 01, Sequence 1 -> Run 01"
031_S_2018,031_S_2018_WIP_Resting_State_fMRI_20110131140823_501.json,20110131140823,501,ses-01,run-01,"Date 20110131 -> Session 01, Sequence 1 -> Run 01"
031_S_2018,031_S_2018_WIP_Resting_State_fMRI_20110627143001_601.json,20110627143001,601,ses-02,run-01,"Date 20110627 -> Session 02, Sequence 1 -> Run 01"
031_S_2022,031_S_2022_Resting_State_fMRI_20110215090021_501.json,20110215090021,501,ses-01,run-01,"Date 20110215 -> Session 01, Sequence 1 -> Run 01"
031_S_2233,031_S_2233_WIP_Resting_State_fMRI_20110613161310_501.json,20110613161310,501,ses-01,run-01,"Date 20110613 -> Session 01, Sequence 1 -> Run 01"
031_S_2233,031_S_2233_WIP_Resting_State_fMRI_20120105121317_801.json,20120105121317,801,ses-02,run-01,"Date 20120105 -> Session 02, Sequence 1 -> Run 01"
002_S_4171,002_S_4171_Resting_State_fMRI_20110808171700_501.json,20110808171700,501,ses-01,run-01,"Date 20110808 -> Session 01, Sequence 1 -> Run 01"
002_S_4171,002_S_4171_Resting_State_fMRI_20120229125052_501.json,20120229125052,501,ses-02,run-01,"Date 20120229 -> Session 02, Sequence 1 -> Run 01"
002_S_4219,002_S_4219_Resting_State_fMRI_20120323165321_501.json,20120323165321,501,ses-01,run-01,"Date 20120323 -> Session 01, Sequence 1 -> Run 01"
002_S_4251,002_S_4251_Resting_State_fMRI_20120417172207_701.json,20120417172207,701,ses-01,run-01,"Date 20120417 -> Session 01, Sequence 1 -> Run 01"
002_S_4521,002_S_4521_Resting_State_fMRI_20120904123335_501.json,20120904123335,501,ses-01,run-01,"Date 20120904 -> Session 01, Sequence 1 -> Run 01"
002_S_4654,002_S_4654_Resting_State_fMRI_20121023071342_501.json,20121023071342,501,ses-01,run-01,"Date 20121023 -> Session 01, Sequence 1 -> Run 01"
002_S_4746,002_S_4746_Resting_State_fMRI_20121211152153_501.json,20121211152153,501,ses-01,run-01,"Date 20121211 -> Session 01, Sequence 1 -> Run 01"
006_S_4346,006_S_4346_WIP_Resting_State_fMRI_20120524084456_601.json,20120524084456,601,ses-01,run-01,"Date 20120524 -> Session 01, Sequence 1 -> Run 01"
006_S_4363,006_S_4363_WIP_Resting_State_fMRI_20120619135852_501.json,20120619135852,501,ses-01,run-01,"Date 20120619 -> Session 01, Sequence 1 -> Run 01"
006_S_4363,006_S_4363_WIP_Resting_State_fMRI_20120619135852_601.json,20120619135852,601,ses-01,run-02,"Date 20120619 -> Session 01, Sequence 2 -> Run 02"
006_S_4515,006_S_4515_WIP_Resting_State_fMRI_20130314114338_501.json,20130314114338,501,ses-01,run-01,"Date 20130314 -> Session 01, Sequence 1 -> Run 01"
013_S_4595,013_S_4595_Resting_State_fMRI_20121024160050_501.json,20121024160050,501,ses-01,run-01,"Date 20121024 -> Session 01, Sequence 1 -> Run 01"
018_S_4889,018_S_4889_WIP_Resting_State_fMRI_20130228100754_601.json,20130228100754,601,ses-01,run-01,"Date 20130228 -> Session 01, Sequence 1 -> Run 01"
019_S_4293,019_S_4293_Resting_State_fMRI_20120509115825_401.json,20120509115825,401,ses-01,run-01,"Date 20120509 -> Session 01, Sequence 1 -> Run 01"
019_S_4548,019_S_4548_Resting_State_fMRI_20120827112137_501.json,20120827112137,501,ses-01,run-01,"Date 20120827 -> Session 01, Sequence 1 -> Run 01"
031_S_4194,031_S_4194_WIP_Resting_State_fMRI_20120228125625_501.json,20120228125625,501,ses-01,run-01,"Date 20120228 -> Session 01, Sequence 1 -> Run 01"
031_S_4203,031_S_4203_WIP_Resting_State_fMRI_20120320121200_701.json,20120320121200,701,ses-01,run-01,"Date 20120320 -> Session 01, Sequence 1 -> Run 01"
031_S_4203,031_S_4203_WIP_Resting_State_fMRI_20120926135547_601.json,20120926135547,601,ses-02,run-01,"Date 20120926 -> Session 02, Sequence 1 -> Run 01"
031_S_4590,031_S_4590_WIP_Resting_State_fMRI_20121001144850_501.json,20121001144850,501,ses-01,run-01,"Date 20121001 -> Session 01, Sequence 1 -> Run 01"
130_S_4250,130_S_4250_WIP_Resting_State_fMRI_20120411101533_601.json,20120411101533,601,ses-01,run-01,"Date 20120411 -> Session 01, Sequence 1 -> Run 01"
130_S_4542,130_S_4542_WIP_Resting_State_fMRI_20120905131830_501.json,20120905131830,501,ses-01,run-01,"Date 20120905 -> Session 01, Sequence 1 -> Run 01"
130_S_4605,130_S_4605_Resting_State_fMRI_20121019110807_501.json,20121019110807,501,ses-01,run-01,"Date 20121019 -> Session 01, Sequence 1 -> Run 01"
130_S_4817,130_S_4817_Resting_State_fMRI_20130122083214_601.json,20130122083214,601,ses-01,run-01,"Date 20130122 -> Session 01, Sequence 1 -> Run 01"
002_S_0413,002_S_0413_Resting_State_fMRI_20110616121849_601.json,20110616121849,601,ses-01,run-01,"Date 20110616 -> Session 01, Sequence 1 -> Run 01"
002_S_0685,002_S_0685_Resting_State_fMRI_20110708070427_501.json,20110708070427,501,ses-01,run-01,"Date 20110708 -> Session 01, Sequence 1 -> Run 01"
002_S_1261,002_S_1261_Resting_State_fMRI_20110314160431_501.json,20110314160431,501,ses-01,run-01,"Date 20110314 -> Session 01, Sequence 1 -> Run 01"
002_S_1280,002_S_1280_Resting_State_fMRI_20110504132634_501.json,20110504132634,501,ses-01,run-01,"Date 20110504 -> Session 01, Sequence 1 -> Run 01"
006_S_4357,006_S_4357_WIP_Resting_State_fMRI_20140122104819_601.json,20140122104819,601,ses-01,run-01,"Date 20140122 -> Session 01, Sequence 1 -> Run 01"
010_S_4345,010_S_4345_Resting_State_fMRI_20120920131508_501.json,20120920131508,501,ses-01,run-01,"Date 20120920 -> Session 01, Sequence 1 -> Run 01"
010_S_4442,010_S_4442_Resting_State_fMRI_20121203120121_501.json,20121203120121,501,ses-01,run-01,"Date 20121203 -> Session 01, Sequence 1 -> Run 01"
010_S_4442,010_S_4442_Resting_State_fMRI_20130510112930_501.json,20130510112930,501,ses-02,run-01,"Date 20130510 -> Session 02, Sequence 1 -> Run 01"
012_S_4026,012_S_4026_WIP_Resting_State_fMRI_20111207100211_501.json,20111207100211,501,ses-01,run-01,"Date 20111207 -> Session 01, Sequence 1 -> Run 01"
012_S_4545,012_S_4545_WIP_Resting_State_fMRI_20120924121609_501.json,20120924121609,501,ses-01,run-01,"Date 20120924 -> Session 01, Sequence 1 -> Run 01"
012_S_4643,012_S_4643_WIP_Resting_State_fMRI_20121016125418_501.json,20121016125418,501,ses-01,run-01,"Date 20121016 -> Session 01, Sequence 1 -> Run 01"
013_S_4579,013_S_4579_Resting_State_fMRI_20121219171218_501.json,20121219171218,501,ses-01,run-01,"Date 20121219 -> Session 01, Sequence 1 -> Run 01"
013_S_4616,013_S_4616_Resting_State_fMRI_20121025162640_601.json,20121025162640,601,ses-01,run-01,"Date 20121025 -> Session 01, Sequence 1 -> Run 01"
018_S_4257,018_S_4257_WIP_Resting_State_fMRI_20120731140147_501.json,20120731140147,501,ses-01,run-01,"Date 20120731 -> Session 01, Sequence 1 -> Run 01"
018_S_4313,018_S_4313_WIP_Resting_State_fMRI_20121128121558_501.json,20121128121558,501,ses-01,run-01,"Date 20121128 -> Session 01, Sequence 1 -> Run 01"
018_S_4349,018_S_4349_WIP_Resting_State_fMRI_20120710110712_501.json,20120710110712,501,ses-01,run-01,"Date 20120710 -> Session 01, Sequence 1 -> Run 01"
018_S_4399,018_S_4399_WIP_Resting_State_fMRI_20130111121513_501.json,20130111121513,501,ses-01,run-01,"Date 20130111 -> Session 01, Sequence 1 -> Run 01"
018_S_4400,018_S_4400_WIP_Resting_State_fMRI_20130102135322_901.json,20130102135322,901,ses-01,run-01,"Date 20130102 -> Session 01, Sequence 1 -> Run 01"
019_S_4367,019_S_4367_Resting_State_fMRI_20121119105319_601.json,20121119105319,601,ses-01,run-01,"Date 20121119 -> Session 01, Sequence 1 -> Run 01"
019_S_4835,019_S_4835_Resting_State_fMRI_20130115131516_501.json,20130115131516,501,ses-01,run-01,"Date 20130115 -> Session 01, Sequence 1 -> Run 01"
031_S_4021,031_S_4021_WIP_Resting_State_fMRI_20130506140130_501.json,20130506140130,501,ses-01,run-01,"Date 20130506 -> Session 01, Sequence 1 -> Run 01"
031_S_4032,031_S_4032_WIP_Resting_State_fMRI_20130509092815_501.json,20130509092815,501,ses-01,run-01,"Date 20130509 -> Session 01, Sequence 1 -> Run 01"
031_S_4218,031_S_4218_WIP_Resting_State_fMRI_20121002133556_601.json,20121002133556,601,ses-01,run-01,"Date 20121002 -> Session 01, Sequence 1 -> Run 01"
031_S_4474,031_S_4474_WIP_Resting_State_fMRI_20120801155904_501.json,20120801155904,501,ses-01,run-01,"Date 20120801 -> Session 01, Sequence 1 -> Run 01"
031_S_4496,031_S_4496_WIP_Resting_State_fMRI_20140220112140_501.json,20140220112140,501,ses-01,run-01,"Date 20140220 -> Session 01, Sequence 1 -> Run 01"
129_S_0778,129_S_0778_WIP_Resting_State_fMRI_20120913135953_501.json,20120913135953,501,ses-01,run-01,"Date 20120913 -> Session 01, Sequence 1 -> Run 01"
129_S_4422,129_S_4422_WIP_Resting_State_fMRI_20130107120408_201.json,20130107120408,201,ses-01,run-01,"Date 20130107 -> Session 01, Sequence 1 -> Run 01"
130_S_4343,130_S_4343_Resting_State_fMRI_20131114094612_501.json,20131114094612,501,ses-01,run-01,"Date 20131114 -> Session 01, Sequence 1 -> Run 01"
130_S_4352,130_S_4352_Resting_State_fMRI_20131204130702_501.json,20131204130702,501,ses-01,run-01,"Date 20131204 -> Session 01, Sequence 1 -> Run 01"
136_S_0186,136_S_0186_Resting_State_fMRI_20121011130857_501.json,20121011130857,501,ses-01,run-01,"Date 20121011 -> Session 01, Sequence 1 -> Run 01"
002_S_0729,002_S_0729_Resting_State_fMRI_20110816150745_501.json,20110816150745,501,ses-01,run-01,"Date 20110816 -> Session 01, Sequence 1 -> Run 01"
002_S_0729,002_S_0729_Resting_State_fMRI_20120807072109_501.json,20120807072109,501,ses-02,run-01,"Date 20120807 -> Session 02, Sequence 1 -> Run 01"
002_S_0729,002_S_0729_Resting_State_fMRI_20130816131444_501.json,20130816131444,501,ses-03,run-01,"Date 20130816 -> Session 03, Sequence 1 -> Run 01"
002_S_1155,002_S_1155_Resting_State_fMRI_20111222093538_501.json,20111222093538,501,ses-01,run-01,"Date 20111222 -> Session 01, Sequence 1 -> Run 01"
002_S_1155,002_S_1155_Resting_State_fMRI_20121220121612_501.json,20121220121612,501,ses-02,run-01,"Date 20121220 -> Session 02, Sequence 1 -> Run 01"
002_S_1155,002_S_1155_Resting_State_fMRI_20140109094525_501.json,20140109094525,501,ses-03,run-01,"Date 20140109 -> Session 03, Sequence 1 -> Run 01"
002_S_1268,002_S_1268_Resting_State_fMRI_20110413141227_501.json,20110413141227,501,ses-01,run-01,"Date 20110413 -> Session 01, Sequence 1 -> Run 01"
002_S_1268,002_S_1268_Resting_State_fMRI_20120322081204_501.json,20120322081204,501,ses-02,run-01,"Date 20120322 -> Session 02, Sequence 1 -> Run 01"
002_S_4229,002_S_4229_Resting_State_fMRI_20120410072800_501.json,20120410072800,501,ses-01,run-01,"Date 20120410 -> Session 01, Sequence 1 -> Run 01"
002_S_4229,002_S_4229_Resting_State_fMRI_20120918120730_501.json,20120918120730,501,ses-02,run-01,"Date 20120918 -> Session 02, Sequence 1 -> Run 01"
002_S_4229,002_S_4229_Resting_State_fMRI_20131016191144_601.json,20131016191144,601,ses-03,run-01,"Date 20131016 -> Session 03, Sequence 1 -> Run 01"
002_S_4799,002_S_4799_Resting_State_fMRI_20130110170144_501.json,20130110170144,501,ses-01,run-01,"Date 20130110 -> Session 01, Sequence 1 -> Run 01"
002_S_4799,002_S_4799_Resting_State_fMRI_20130702065742_601.json,20130702065742,601,ses-02,run-01,"Date 20130702 -> Session 02, Sequence 1 -> Run 01"
006_S_4713,006_S_4713_WIP_Resting_State_fMRI_20121128113857_501.json,20121128113857,501,ses-01,run-01,"Date 20121128 -> Session 01, Sequence 1 -> Run 01"
006_S_4713,006_S_4713_WIP_Resting_State_fMRI_20121128113857_601.json,20121128113857,601,ses-01,run-02,"Date 20121128 -> Session 01, Sequence 2 -> Run 02"
006_S_4713,006_S_4713_WIP_Resting_State_fMRI_20130612133514_601.json,20130612133514,601,ses-02,run-01,"Date 20130612 -> Session 02, Sequence 1 -> Run 01"
013_S_1186,013_S_1186_Resting_State_fMRI_20110223111215_601.json,20110223111215,601,ses-01,run-01,"Date 20110223 -> Session 01, Sequence 1 -> Run 01"
013_S_1186,013_S_1186_Resting_State_fMRI_20120216164155_501.json,20120216164155,501,ses-02,run-01,"Date 20120216 -> Session 02, Sequence 1 -> Run 01"
013_S_1186,013_S_1186_Resting_State_fMRI_20130129150419_501.json,20130129150419,501,ses-03,run-01,"Date 20130129 -> Session 03, Sequence 1 -> Run 01"
013_S_2389,013_S_2389_Resting_State_fMRI_20120215161724_501.json,20120215161724,501,ses-01,run-01,"Date 20120215 -> Session 01, Sequence 1 -> Run 01"
013_S_2389,013_S_2389_Resting_State_fMRI_20121010171113_501.json,20121010171113,501,ses-02,run-01,"Date 20121010 -> Session 02, Sequence 1 -> Run 01"
018_S_2180,018_S_2180_WIP_Resting_State_fMRI_20110726085824_501.json,20110726085824,501,ses-01,run-01,"Date 20110726 -> Session 01, Sequence 1 -> Run 01"
018_S_2180,018_S_2180_WIP_Resting_State_fMRI_20120127115319_501.json,20120127115319,501,ses-02,run-01,"Date 20120127 -> Session 02, Sequence 1 -> Run 01"
018_S_2180,018_S_2180_WIP_Resting_State_fMRI_20130102123650_901.json,20130102123650,901,ses-03,run-01,"Date 20130102 -> Session 03, Sequence 1 -> Run 01"
018_S_2180,018_S_2180_WIP_Resting_State_fMRI_20140107105839_601.json,20140107105839,601,ses-04,run-01,"Date 20140107 -> Session 04, Sequence 1 -> Run 01"
053_S_0919,053_S_0919_WIP_Resting_State_fMRI_20130104133039_701.json,20130104133039,701,ses-01,run-01,"Date 20130104 -> Session 01, Sequence 1 -> Run 01"
053_S_0919,053_S_0919_WIP_Resting_State_fMRI_20131205141516_901.json,20131205141516,901,ses-02,run-01,"Date 20131205 -> Session 02, Sequence 1 -> Run 01"
053_S_4813,053_S_4813_WIP_Resting_State_fMRI_20130110145000_501.json,20130110145000,501,ses-01,run-01,"Date 20130110 -> Session 01, Sequence 1 -> Run 01"
053_S_4813,053_S_4813_WIP_Resting_State_fMRI_20130731113808_501.json,20130731113808,501,ses-02,run-01,"Date 20130731 -> Session 02, Sequence 1 -> Run 01"
100_S_4556,100_S_4556_Resting_State_fMRI_20121126104757_501.json,20121126104757,501,ses-01,run-01,"Date 20121126 -> Session 01, Sequence 1 -> Run 01"
100_S_4556,100_S_4556_Resting_State_fMRI_20130606105751_501.json,20130606105751,501,ses-02,run-01,"Date 20130606 -> Session 02, Sequence 1 -> Run 01"
130_S_4294,130_S_4294_WIP_Resting_State_fMRI_20120515085854_501.json,20120515085854,501,ses-01,run-01,"Date 20120515 -> Session 01, Sequence 1 -> Run 01"
130_S_4294,130_S_4294_Resting_State_fMRI_20121127085220_601.json,20121127085220,601,ses-02,run-01,"Date 20121127 -> Session 02, Sequence 1 -> Run 01"
130_S_4294,130_S_4294_Resting_State_fMRI_20131115085607_501.json,20131115085607,501,ses-03,run-01,"Date 20131115 -> Session 03, Sequence 1 -> Run 01"
136_S_0107,136_S_0107_Resting_State_fMRI_20120906092942_501.json,20120906092942,501,ses-01,run-01,"Date 20120906 -> Session 01, Sequence 1 -> Run 01"
002_S_5230,002_S_5230_Resting_State_fMRI_20130627072358_501.json,20130627072358,501,ses-01,run-01,"Date 20130627 -> Session 01, Sequence 1 -> Run 01"
002_S_5230,002_S_5230_Resting_State_fMRI_20130923071859_501.json,20130923071859,501,ses-02,run-01,"Date 20130923 -> Session 02, Sequence 1 -> Run 01"
002_S_5230,002_S_5230_Resting_State_fMRI_20140124084608_501.json,20140124084608,501,ses-03,run-01,"Date 20140124 -> Session 03, Sequence 1 -> Run 01"
002_S_5256,002_S_5256_Resting_State_fMRI_20130715135848_501.json,20130715135848,501,ses-01,run-01,"Date 20130715 -> Session 01, Sequence 1 -> Run 01"
002_S_5256,002_S_5256_Resting_State_fMRI_20140219183724_501.json,20140219183724,501,ses-02,run-01,"Date 20140219 -> Session 02, Sequence 1 -> Run 01"
006_S_5153,006_S_5153_WIP_Resting_State_fMRI_20130422121056_601.json,20130422121056,601,ses-01,run-01,"Date 20130422 -> Session 01, Sequence 1 -> Run 01"
006_S_5153,006_S_5153_WIP_Resting_State_fMRI_20130802124448_501.json,20130802124448,501,ses-02,run-01,"Date 20130802 -> Session 02, Sequence 1 -> Run 01"
012_S_5121,012_S_5121_Resting_State_fMRI_20130315121050_501.json,20130315121050,501,ses-01,run-01,"Date 20130315 -> Session 01, Sequence 1 -> Run 01"
012_S_5121,012_S_5121_Resting_State_fMRI_20130628102151_501.json,20130628102151,501,ses-02,run-01,"Date 20130628 -> Session 02, Sequence 1 -> Run 01"
012_S_5157,012_S_5157_Resting_State_fMRI_20130516141520_501.json,20130516141520,501,ses-01,run-01,"Date 20130516 -> Session 01, Sequence 1 -> Run 01"
012_S_5157,012_S_5157_Resting_State_fMRI_20130919102633_501.json,20130919102633,501,ses-02,run-01,"Date 20130919 -> Session 02, Sequence 1 -> Run 01"
012_S_5195,012_S_5195_Resting_State_fMRI_20130614141931_501.json,20130614141931,501,ses-01,run-01,"Date 20130614 -> Session 01, Sequence 1 -> Run 01"
012_S_5213,012_S_5213_Resting_State_fMRI_20130710125726_501.json,20130710125726,501,ses-01,run-01,"Date 20130710 -> Session 01, Sequence 1 -> Run 01"
013_S_5137,013_S_5137_Resting_State_fMRI_20130419163152_501.json,20130419163152,501,ses-01,run-01,"Date 20130419 -> Session 01, Sequence 1 -> Run 01"
013_S_5137,013_S_5137_Resting_State_fMRI_20130724150050_501.json,20130724150050,501,ses-02,run-01,"Date 20130724 -> Session 02, Sequence 1 -> Run 01"
018_S_5250,018_S_5250_WIP_Resting_State_fMRI_20130808124511_501.json,20130808124511,501,ses-01,run-01,"Date 20130808 -> Session 01, Sequence 1 -> Run 01"
018_S_5262,018_S_5262_WIP_Resting_State_fMRI_20130812100022_501.json,20130812100022,501,ses-01,run-01,"Date 20130812 -> Session 01, Sequence 1 -> Run 01"
019_S_5180,019_S_5180_Resting_State_fMRI_20130522113941_601.json,20130522113941,601,ses-01,run-01,"Date 20130522 -> Session 01, Sequence 1 -> Run 01"
019_S_5242,019_S_5242_Resting_State_fMRI_20130702124503_701.json,20130702124503,701,ses-01,run-01,"Date 20130702 -> Session 01, Sequence 1 -> Run 01"
019_S_5242,019_S_5242_Resting_State_fMRI_20140117140335_601.json,20140117140335,601,ses-02,run-01,"Date 20140117 -> Session 02, Sequence 1 -> Run 01"
053_S_5202,053_S_5202_WIP_Resting_State_fMRI_20130607121216_501.json,20130607121216,501,ses-01,run-01,"Date 20130607 -> Session 01, Sequence 1 -> Run 01"
053_S_5202,053_S_5202_WIP_Resting_State_fMRI_20130920091211_501.json,20130920091211,501,ses-02,run-01,"Date 20130920 -> Session 02, Sequence 1 -> Run 01"
053_S_5272,053_S_5272_WIP_Resting_State_fMRI_20130812080932_501.json,20130812080932,501,ses-01,run-01,"Date 20130812 -> Session 01, Sequence 1 -> Run 01"
053_S_5287,053_S_5287_WIP_Resting_State_fMRI_20130910165518_501.json,20130910165518,501,ses-01,run-01,"Date 20130910 -> Session 01, Sequence 1 -> Run 01"
100_S_5096,100_S_5096_Resting_State_fMRI_20130328132018_501.json,20130328132018,501,ses-01,run-01,"Date 20130328 -> Session 01, Sequence 1 -> Run 01"
100_S_5102,100_S_5102_Resting_State_fMRI_20130329110911_501.json,20130329110911,501,ses-01,run-01,"Date 20130329 -> Session 01, Sequence 1 -> Run 01"
100_S_5280,100_S_5280_Resting_State_fMRI_20130816120412_501.json,20130816120412,501,ses-01,run-01,"Date 20130816 -> Session 01, Sequence 1 -> Run 01"
100_S_5280,100_S_5280_Resting_State_fMRI_20150929141020_501.json,20150929141020,501,ses-02,run-01,"Date 20150929 -> Session 02, Sequence 1 -> Run 01"
130_S_5142,130_S_5142_Resting_State_fMRI_20130419142414_501.json,20130419142414,501,ses-01,run-01,"Date 20130419 -> Session 01, Sequence 1 -> Run 01"
130_S_5142,130_S_5142_Resting_State_fMRI_20130726104415_501.json,20130726104415,501,ses-02,run-01,"Date 20130726 -> Session 02, Sequence 1 -> Run 01"
130_S_5258,130_S_5258_Resting_State_fMRI_20130718071910_501.json,20130718071910,501,ses-01,run-01,"Date 20130718 -> Session 01, Sequence 1 -> Run 01"
131_S_5148,131_S_5148_Resting_State_fMRI_20130418065419_501.json,20130418065419,501,ses-01,run-01,"Date 20130418 -> Session 01, Sequence 1 -> Run 01"
