group,subject_id,json_path,nii_path,acquisition_datetime,scan_description,series_number,mapping_status
AD,002_S_5018,C:\Users\krish\FYP\NIfTI\NIfTI\AD\002_S_5018\002_S_5018_Resting_State_fMRI_20130516122033_501.json,C:\Users\krish\FYP\NIfTI\NIfTI\AD\002_S_5018\002_S_5018_Resting_State_fMRI_20130516122033_501.nii.gz,20130516122033,Resting State fMRI,501,EXACT_MATCH
AD,002_S_5018,C:\Users\krish\FYP\NIfTI\NIfTI\AD\002_S_5018\002_S_5018_Resting_State_fMRI_20131118104100_501.json,C:\Users\krish\FYP\NIfTI\NIfTI\AD\002_S_5018\002_S_5018_Resting_State_fMRI_20131118104100_501.nii.gz,20131118104100,Resting State fMRI,501,EXACT_MATCH
AD,006_S_4153,C:\Users\krish\FYP\NIfTI\NIfTI\AD\006_S_4153\006_S_4153_WIP_Resting_State_fMRI_20120327121013_501.json,C:\Users\krish\FYP\NIfTI\NIfTI\AD\006_S_4153\006_S_4153_WIP_Resting_State_fMRI_20120327121013_501.nii.gz,20120327121013,Resting State fMRI,501,EXACT_MATCH
AD,006_S_4192,C:\Users\krish\FYP\NIfTI\NIfTI\AD\006_S_4192\006_S_4192_WIP_Resting_State_fMRI_20120507114909_701.json,C:\Users\krish\FYP\NIfTI\NIfTI\AD\006_S_4192\006_S_4192_WIP_Resting_State_fMRI_20120507114909_701.nii,20120507114909,Resting State fMRI,701,EXACT_MATCH
AD,013_S_5071,C:\Users\krish\FYP\NIfTI\NIfTI\AD\013_S_5071\013_S_5071_Resting_State_fMRI_20130827114820_501.json,C:\Users\krish\FYP\NIfTI\NIfTI\AD\013_S_5071\013_S_5071_Resting_State_fMRI_20130827114820_501.nii,20130827114820,Resting State fMRI,501,EXACT_MATCH
AD,018_S_4696,C:\Users\krish\FYP\NIfTI\NIfTI\AD\018_S_4696\018_S_4696_WIP_Resting_State_fMRI_20121101111701_601.json,C:\Users\krish\FYP\NIfTI\NIfTI\AD\018_S_4696\018_S_4696_WIP_Resting_State_fMRI_20121101111701_601.nii,20121101111701,Resting State fMRI,601,EXACT_MATCH
AD,018_S_4733,C:\Users\krish\FYP\NIfTI\NIfTI\AD\018_S_4733\018_S_4733_WIP_Resting_State_fMRI_20121130110351_601.json,C:\Users\krish\FYP\NIfTI\NIfTI\AD\018_S_4733\018_S_4733_WIP_Resting_State_fMRI_20121130110351_601.nii,20121130110351,Resting State fMRI,601,EXACT_MATCH
AD,019_S_4252,C:\Users\krish\FYP\NIfTI\NIfTI\AD\019_S_4252\019_S_4252_Resting_State_fMRI_20121023124915_501.json,C:\Users\krish\FYP\NIfTI\NIfTI\AD\019_S_4252\019_S_4252_Resting_State_fMRI_20121023124915_501.nii,20121023124915,Resting State fMRI,501,EXACT_MATCH
AD,019_S_4477,C:\Users\krish\FYP\NIfTI\NIfTI\AD\019_S_4477\019_S_4477_Resting_State_fMRI_20120807131900_701.json,C:\Users\krish\FYP\NIfTI\NIfTI\AD\019_S_4477\019_S_4477_Resting_State_fMRI_20120807131900_701.nii.gz,20120807131900,Resting State fMRI,701,EXACT_MATCH
AD,019_S_4477,C:\Users\krish\FYP\NIfTI\NIfTI\AD\019_S_4477\019_S_4477_Resting_State_fMRI_20130213122116_501.json,C:\Users\krish\FYP\NIfTI\NIfTI\AD\019_S_4477\019_S_4477_Resting_State_fMRI_20130213122116_501.nii.gz,20130213122116,Resting State fMRI,501,EXACT_MATCH
AD,019_S_4549,C:\Users\krish\FYP\NIfTI\NIfTI\AD\019_S_4549\019_S_4549_Resting_State_fMRI_20121030144055_601.json,C:\Users\krish\FYP\NIfTI\NIfTI\AD\019_S_4549\019_S_4549_Resting_State_fMRI_20121030144055_601.nii.gz,20121030144055,Resting State fMRI,601,EXACT_MATCH
AD,019_S_4549,C:\Users\krish\FYP\NIfTI\NIfTI\AD\019_S_4549\019_S_4549_Resting_State_fMRI_20130313113703_601.json,C:\Users\krish\FYP\NIfTI\NIfTI\AD\019_S_4549\019_S_4549_Resting_State_fMRI_20130313113703_601.nii.gz,20130313113703,Resting State fMRI,601,EXACT_MATCH
AD,019_S_5012,C:\Users\krish\FYP\NIfTI\NIfTI\AD\019_S_5012\019_S_5012_Resting_State_fMRI_20130515125619_501.json,C:\Users\krish\FYP\NIfTI\NIfTI\AD\019_S_5012\019_S_5012_Resting_State_fMRI_20130515125619_501.nii,20130515125619,Resting State fMRI,501,EXACT_MATCH
AD,019_S_5019,C:\Users\krish\FYP\NIfTI\NIfTI\AD\019_S_5019\019_S_5019_Resting_State_fMRI_20130514132411_501.json,C:\Users\krish\FYP\NIfTI\NIfTI\AD\019_S_5019\019_S_5019_Resting_State_fMRI_20130514132411_501.nii,20130514132411,Resting State fMRI,501,EXACT_MATCH
AD,031_S_4024,C:\Users\krish\FYP\NIfTI\NIfTI\AD\031_S_4024\031_S_4024_WIP_Resting_State_fMRI_20111028135128_601.json,C:\Users\krish\FYP\NIfTI\NIfTI\AD\031_S_4024\031_S_4024_WIP_Resting_State_fMRI_20111028135128_601.nii,20111028135128,Resting State fMRI,601,EXACT_MATCH
AD,130_S_4641,C:\Users\krish\FYP\NIfTI\NIfTI\AD\130_S_4641\130_S_4641_Resting_State_fMRI_20121010131159_501.json,C:\Users\krish\FYP\NIfTI\NIfTI\AD\130_S_4641\130_S_4641_Resting_State_fMRI_20121010131159_501.nii,20121010131159,Resting State fMRI,501,EXACT_MATCH
AD,130_S_4660,C:\Users\krish\FYP\NIfTI\NIfTI\AD\130_S_4660\130_S_4660_Resting_State_fMRI_20121017134229_701.json,C:\Users\krish\FYP\NIfTI\NIfTI\AD\130_S_4660\130_S_4660_Resting_State_fMRI_20121017134229_701.nii,20121017134229,Resting State fMRI,701,EXACT_MATCH
AD,130_S_4730,C:\Users\krish\FYP\NIfTI\NIfTI\AD\130_S_4730\130_S_4730_Resting_State_fMRI_20121219085923_701.json,C:\Users\krish\FYP\NIfTI\NIfTI\AD\130_S_4730\130_S_4730_Resting_State_fMRI_20121219085923_701.nii.gz,20121219085923,Resting State fMRI,701,EXACT_MATCH
AD,130_S_4730,C:\Users\krish\FYP\NIfTI\NIfTI\AD\130_S_4730\130_S_4730_WIP_Resting_State_fMRI_20130612085835_701.json,C:\Users\krish\FYP\NIfTI\NIfTI\AD\130_S_4730\130_S_4730_WIP_Resting_State_fMRI_20130612085835_701.nii.gz,20130612085835,Resting State fMRI,701,EXACT_MATCH
AD,130_S_4971,C:\Users\krish\FYP\NIfTI\NIfTI\AD\130_S_4971\130_S_4971_Resting_State_fMRI_20130503125602_501.json,C:\Users\krish\FYP\NIfTI\NIfTI\AD\130_S_4971\130_S_4971_Resting_State_fMRI_20130503125602_501.nii,20130503125602,Resting State fMRI,501,EXACT_MATCH
AD,130_S_4982,C:\Users\krish\FYP\NIfTI\NIfTI\AD\130_S_4982\130_S_4982_Resting_State_fMRI_20130426091244_501.json,C:\Users\krish\FYP\NIfTI\NIfTI\AD\130_S_4982\130_S_4982_Resting_State_fMRI_20130426091244_501.nii.gz,20130426091244,Resting State fMRI,501,EXACT_MATCH
AD,130_S_4982,C:\Users\krish\FYP\NIfTI\NIfTI\AD\130_S_4982\130_S_4982_Resting_State_fMRI_20131025101621_501.json,C:\Users\krish\FYP\NIfTI\NIfTI\AD\130_S_4982\130_S_4982_Resting_State_fMRI_20131025101621_501.nii.gz,20131025101621,Resting State fMRI,501,EXACT_MATCH
AD,130_S_4984,C:\Users\krish\FYP\NIfTI\NIfTI\AD\130_S_4984\130_S_4984_Resting_State_fMRI_20130328100512_501.json,C:\Users\krish\FYP\NIfTI\NIfTI\AD\130_S_4984\130_S_4984_Resting_State_fMRI_20130328100512_501.nii,20130328100512,Resting State fMRI,501,EXACT_MATCH
AD,130_S_4990,C:\Users\krish\FYP\NIfTI\NIfTI\AD\130_S_4990\130_S_4990_Resting_State_fMRI_20130426105741_501.json,C:\Users\krish\FYP\NIfTI\NIfTI\AD\130_S_4990\130_S_4990_Resting_State_fMRI_20130426105741_501.nii,20130426105741,Resting State fMRI,501,EXACT_MATCH
AD,130_S_5059,C:\Users\krish\FYP\NIfTI\NIfTI\AD\130_S_5059\130_S_5059_Resting_State_fMRI_20130809090025_501.json,C:\Users\krish\FYP\NIfTI\NIfTI\AD\130_S_5059\130_S_5059_Resting_State_fMRI_20130809090025_501.nii,20130809090025,Resting State fMRI,501,EXACT_MATCH
EMCI,002_S_2010,C:\Users\krish\FYP\NIfTI\NIfTI\EMCI\002_S_2010\002_S_2010_Resting_State_fMRI_20110122123155_601.json,C:\Users\krish\FYP\NIfTI\NIfTI\EMCI\002_S_2010\002_S_2010_Resting_State_fMRI_20110122123155_601.nii.gz,20110122123155,Resting State fMRI,601,EXACT_MATCH
EMCI,002_S_2043,C:\Users\krish\FYP\NIfTI\NIfTI\EMCI\002_S_2043\002_S_2043_Resting_State_fMRI_20110916171205_601.json,C:\Users\krish\FYP\NIfTI\NIfTI\EMCI\002_S_2043\002_S_2043_Resting_State_fMRI_20110916171205_601.nii.gz,20110916171205,Resting State fMRI,601,EXACT_MATCH
EMCI,002_S_2073,C:\Users\krish\FYP\NIfTI\NIfTI\EMCI\002_S_2073\002_S_2073_Resting_State_fMRI_20110309071133_501.json,C:\Users\krish\FYP\NIfTI\NIfTI\EMCI\002_S_2073\002_S_2073_Resting_State_fMRI_20110309071133_501.nii.gz,20110309071133,Resting State fMRI,501,EXACT_MATCH
EMCI,002_S_4237,C:\Users\krish\FYP\NIfTI\NIfTI\EMCI\002_S_4237\002_S_4237_Resting_State_fMRI_20120503141207_501.json,C:\Users\krish\FYP\NIfTI\NIfTI\EMCI\002_S_4237\002_S_4237_Resting_State_fMRI_20120503141207_501.nii,20120503141207,Resting State fMRI,501,EXACT_MATCH
EMCI,002_S_4447,C:\Users\krish\FYP\NIfTI\NIfTI\EMCI\002_S_4447\002_S_4447_Resting_State_fMRI_20120814162006_501.json,C:\Users\krish\FYP\NIfTI\NIfTI\EMCI\002_S_4447\002_S_4447_Resting_State_fMRI_20120814162006_501.nii.gz,20120814162006,Resting State fMRI,501,EXACT_MATCH
EMCI,002_S_4473,C:\Users\krish\FYP\NIfTI\NIfTI\EMCI\002_S_4473\002_S_4473_Resting_State_fMRI_20120823144214_501.json,C:\Users\krish\FYP\NIfTI\NIfTI\EMCI\002_S_4473\002_S_4473_Resting_State_fMRI_20120823144214_501.nii.gz,20120823144214,Resting State fMRI,501,EXACT_MATCH
EMCI,006_S_4679,C:\Users\krish\FYP\NIfTI\NIfTI\EMCI\006_S_4679\006_S_4679_WIP_Resting_State_fMRI_20130718115841_501.json,C:\Users\krish\FYP\NIfTI\NIfTI\EMCI\006_S_4679\006_S_4679_WIP_Resting_State_fMRI_20130718115841_501.nii.gz,20130718115841,Resting State fMRI,501,EXACT_MATCH
EMCI,012_S_4012,C:\Users\krish\FYP\NIfTI\NIfTI\EMCI\012_S_4012\012_S_4012_WIP_Resting_State_fMRI_20111107122211_501.json,C:\Users\krish\FYP\NIfTI\NIfTI\EMCI\012_S_4012\012_S_4012_WIP_Resting_State_fMRI_20111107122211_501.nii,20111107122211,Resting State fMRI,501,EXACT_MATCH
EMCI,012_S_4128,C:\Users\krish\FYP\NIfTI\NIfTI\EMCI\012_S_4128\012_S_4128_Resting_State_fMRI_20130805083817_501.json,C:\Users\krish\FYP\NIfTI\NIfTI\EMCI\012_S_4128\012_S_4128_Resting_State_fMRI_20130805083817_501.nii.gz,20130805083817,Resting State fMRI,501,EXACT_MATCH
EMCI,012_S_4128,C:\Users\krish\FYP\NIfTI\NIfTI\EMCI\012_S_4128\012_S_4128_WIP_Resting_State_fMRI_20120306102645_501.json,C:\Users\krish\FYP\NIfTI\NIfTI\EMCI\012_S_4128\012_S_4128_WIP_Resting_State_fMRI_20120306102645_501.nii.gz,20120306102645,Resting State fMRI,501,EXACT_MATCH
EMCI,012_S_4188,C:\Users\krish\FYP\NIfTI\NIfTI\EMCI\012_S_4188\012_S_4188_WIP_Resting_State_fMRI_20120502132256_501.json,C:\Users\krish\FYP\NIfTI\NIfTI\EMCI\012_S_4188\012_S_4188_WIP_Resting_State_fMRI_20120502132256_501.nii.gz,20120502132256,Resting State fMRI,501,EXACT_MATCH
EMCI,012_S_4849,C:\Users\krish\FYP\NIfTI\NIfTI\EMCI\012_S_4849\012_S_4849_Resting_State_fMRI_20130225132441_501.json,C:\Users\krish\FYP\NIfTI\NIfTI\EMCI\012_S_4849\012_S_4849_Resting_State_fMRI_20130225132441_501.nii.gz,20130225132441,Resting State fMRI,501,EXACT_MATCH
EMCI,012_S_4987,C:\Users\krish\FYP\NIfTI\NIfTI\EMCI\012_S_4987\012_S_4987_Resting_State_fMRI_20130513135801_501.json,C:\Users\krish\FYP\NIfTI\NIfTI\EMCI\012_S_4987\012_S_4987_Resting_State_fMRI_20130513135801_501.nii.gz,20130513135801,Resting State fMRI,501,EXACT_MATCH
EMCI,013_S_2324,C:\Users\krish\FYP\NIfTI\NIfTI\EMCI\013_S_2324\013_S_2324_Resting_State_fMRI_20120417161313_501.json,C:\Users\krish\FYP\NIfTI\NIfTI\EMCI\013_S_2324\013_S_2324_Resting_State_fMRI_20120417161313_501.nii,20120417161313,Resting State fMRI,501,EXACT_MATCH
EMCI,013_S_4268,C:\Users\krish\FYP\NIfTI\NIfTI\EMCI\013_S_4268\013_S_4268_Resting_State_fMRI_20120523143432_501.json,C:\Users\krish\FYP\NIfTI\NIfTI\EMCI\013_S_4268\013_S_4268_Resting_State_fMRI_20120523143432_501.nii,20120523143432,Resting State fMRI,501,EXACT_MATCH
EMCI,013_S_4791,C:\Users\krish\FYP\NIfTI\NIfTI\EMCI\013_S_4791\013_S_4791_Resting_State_fMRI_20130417145358_501.json,C:\Users\krish\FYP\NIfTI\NIfTI\EMCI\013_S_4791\013_S_4791_Resting_State_fMRI_20130417145358_501.nii.gz,20130417145358,Resting State fMRI,501,EXACT_MATCH
EMCI,013_S_4917,C:\Users\krish\FYP\NIfTI\NIfTI\EMCI\013_S_4917\013_S_4917_Resting_State_fMRI_20130320115625_501.json,C:\Users\krish\FYP\NIfTI\NIfTI\EMCI\013_S_4917\013_S_4917_Resting_State_fMRI_20130320115625_501.nii,20130320115625,Resting State fMRI,501,EXACT_MATCH
EMCI,018_S_2133,C:\Users\krish\FYP\NIfTI\NIfTI\EMCI\018_S_2133\018_S_2133_WIP_Resting_State_fMRI_20110802121305_501.json,C:\Users\krish\FYP\NIfTI\NIfTI\EMCI\018_S_2133\018_S_2133_WIP_Resting_State_fMRI_20110802121305_501.nii.gz,20110802121305,Resting State fMRI,501,EXACT_MATCH
EMCI,018_S_2138,C:\Users\krish\FYP\NIfTI\NIfTI\EMCI\018_S_2138\018_S_2138_WIP_Resting_State_fMRI_20110908100255_501.json,C:\Users\krish\FYP\NIfTI\NIfTI\EMCI\018_S_2138\018_S_2138_WIP_Resting_State_fMRI_20110908100255_501.nii.gz,20110908100255,Resting State fMRI,501,EXACT_MATCH
EMCI,018_S_2155,C:\Users\krish\FYP\NIfTI\NIfTI\EMCI\018_S_2155\018_S_2155_WIP_Resting_State_fMRI_20110701131206_501.json,C:\Users\krish\FYP\NIfTI\NIfTI\EMCI\018_S_2155\018_S_2155_WIP_Resting_State_fMRI_20110701131206_501.nii,20110701131206,Resting State fMRI,501,EXACT_MATCH
EMCI,018_S_4597,C:\Users\krish\FYP\NIfTI\NIfTI\EMCI\018_S_4597\018_S_4597_WIP_Resting_State_fMRI_20130311101535_501.json,C:\Users\krish\FYP\NIfTI\NIfTI\EMCI\018_S_4597\018_S_4597_WIP_Resting_State_fMRI_20130311101535_501.nii,20130311101535,Resting State fMRI,501,EXACT_MATCH
EMCI,018_S_4809,C:\Users\krish\FYP\NIfTI\NIfTI\EMCI\018_S_4809\018_S_4809_WIP_Resting_State_fMRI_20130108104016_501.json,C:\Users\krish\FYP\NIfTI\NIfTI\EMCI\018_S_4809\018_S_4809_WIP_Resting_State_fMRI_20130108104016_501.nii,20130108104016,Resting State fMRI,501,EXACT_MATCH
EMCI,018_S_4868,C:\Users\krish\FYP\NIfTI\NIfTI\EMCI\018_S_4868\018_S_4868_WIP_Resting_State_fMRI_20130211090227_501.json,C:\Users\krish\FYP\NIfTI\NIfTI\EMCI\018_S_4868\018_S_4868_WIP_Resting_State_fMRI_20130211090227_501.nii,20130211090227,Resting State fMRI,501,EXACT_MATCH
EMCI,019_S_4285,C:\Users\krish\FYP\NIfTI\NIfTI\EMCI\019_S_4285\019_S_4285_Resting_State_fMRI_20120430122224_501.json,C:\Users\krish\FYP\NIfTI\NIfTI\EMCI\019_S_4285\019_S_4285_Resting_State_fMRI_20120430122224_501.nii.gz,20120430122224,Resting State fMRI,501,EXACT_MATCH
EMCI,019_S_4680,C:\Users\krish\FYP\NIfTI\NIfTI\EMCI\019_S_4680\019_S_4680_Resting_State_fMRI_20121029125616_501.json,C:\Users\krish\FYP\NIfTI\NIfTI\EMCI\019_S_4680\019_S_4680_Resting_State_fMRI_20121029125616_501.nii,20121029125616,Resting State fMRI,501,EXACT_MATCH
EMCI,031_S_2018,C:\Users\krish\FYP\NIfTI\NIfTI\EMCI\031_S_2018\031_S_2018_WIP_Resting_State_fMRI_20110131140823_501.json,C:\Users\krish\FYP\NIfTI\NIfTI\EMCI\031_S_2018\031_S_2018_WIP_Resting_State_fMRI_20110131140823_501.nii,20110131140823,Resting State fMRI,501,EXACT_MATCH
EMCI,031_S_2018,C:\Users\krish\FYP\NIfTI\NIfTI\EMCI\031_S_2018\031_S_2018_WIP_Resting_State_fMRI_20110627143001_601.json,C:\Users\krish\FYP\NIfTI\NIfTI\EMCI\031_S_2018\031_S_2018_WIP_Resting_State_fMRI_20110627143001_601.nii,20110627143001,Resting State fMRI,601,EXACT_MATCH
EMCI,031_S_2022,C:\Users\krish\FYP\NIfTI\NIfTI\EMCI\031_S_2022\031_S_2022_Resting_State_fMRI_20110215090021_501.json,C:\Users\krish\FYP\NIfTI\NIfTI\EMCI\031_S_2022\031_S_2022_Resting_State_fMRI_20110215090021_501.nii,20110215090021,Resting State fMRI,501,EXACT_MATCH
EMCI,031_S_2233,C:\Users\krish\FYP\NIfTI\NIfTI\EMCI\031_S_2233\031_S_2233_WIP_Resting_State_fMRI_20110613161310_501.json,C:\Users\krish\FYP\NIfTI\NIfTI\EMCI\031_S_2233\031_S_2233_WIP_Resting_State_fMRI_20110613161310_501.nii,20110613161310,Resting State fMRI,501,EXACT_MATCH
EMCI,031_S_2233,C:\Users\krish\FYP\NIfTI\NIfTI\EMCI\031_S_2233\031_S_2233_WIP_Resting_State_fMRI_20120105121317_801.json,C:\Users\krish\FYP\NIfTI\NIfTI\EMCI\031_S_2233\031_S_2233_WIP_Resting_State_fMRI_20120105121317_801.nii,20120105121317,Resting State fMRI,801,EXACT_MATCH
LMCI,002_S_4171,C:\Users\krish\FYP\NIfTI\NIfTI\LMCI\002_S_4171\002_S_4171_Resting_State_fMRI_20110808171700_501.json,C:\Users\krish\FYP\NIfTI\NIfTI\LMCI\002_S_4171\002_S_4171_Resting_State_fMRI_20110808171700_501.nii,20110808171700,Resting State fMRI,501,EXACT_MATCH
LMCI,002_S_4171,C:\Users\krish\FYP\NIfTI\NIfTI\LMCI\002_S_4171\002_S_4171_Resting_State_fMRI_20120229125052_501.json,C:\Users\krish\FYP\NIfTI\NIfTI\LMCI\002_S_4171\002_S_4171_Resting_State_fMRI_20120229125052_501.nii,20120229125052,Resting State fMRI,501,EXACT_MATCH
LMCI,002_S_4219,C:\Users\krish\FYP\NIfTI\NIfTI\LMCI\002_S_4219\002_S_4219_Resting_State_fMRI_20120323165321_501.json,C:\Users\krish\FYP\NIfTI\NIfTI\LMCI\002_S_4219\002_S_4219_Resting_State_fMRI_20120323165321_501.nii,20120323165321,Resting State fMRI,501,EXACT_MATCH
LMCI,002_S_4251,C:\Users\krish\FYP\NIfTI\NIfTI\LMCI\002_S_4251\002_S_4251_Resting_State_fMRI_20120417172207_701.json,C:\Users\krish\FYP\NIfTI\NIfTI\LMCI\002_S_4251\002_S_4251_Resting_State_fMRI_20120417172207_701.nii,20120417172207,Resting State fMRI,701,EXACT_MATCH
LMCI,002_S_4521,C:\Users\krish\FYP\NIfTI\NIfTI\LMCI\002_S_4521\002_S_4521_Resting_State_fMRI_20120904123335_501.json,C:\Users\krish\FYP\NIfTI\NIfTI\LMCI\002_S_4521\002_S_4521_Resting_State_fMRI_20120904123335_501.nii,20120904123335,Resting State fMRI,501,EXACT_MATCH
LMCI,002_S_4654,C:\Users\krish\FYP\NIfTI\NIfTI\LMCI\002_S_4654\002_S_4654_Resting_State_fMRI_20121023071342_501.json,C:\Users\krish\FYP\NIfTI\NIfTI\LMCI\002_S_4654\002_S_4654_Resting_State_fMRI_20121023071342_501.nii,20121023071342,Resting State fMRI,501,EXACT_MATCH
LMCI,002_S_4746,C:\Users\krish\FYP\NIfTI\NIfTI\LMCI\002_S_4746\002_S_4746_Resting_State_fMRI_20121211152153_501.json,C:\Users\krish\FYP\NIfTI\NIfTI\LMCI\002_S_4746\002_S_4746_Resting_State_fMRI_20121211152153_501.nii,20121211152153,Resting State fMRI,501,EXACT_MATCH
LMCI,006_S_4346,C:\Users\krish\FYP\NIfTI\NIfTI\LMCI\006_S_4346\006_S_4346_WIP_Resting_State_fMRI_20120524084456_601.json,C:\Users\krish\FYP\NIfTI\NIfTI\LMCI\006_S_4346\006_S_4346_WIP_Resting_State_fMRI_20120524084456_601.nii,20120524084456,Resting State fMRI,601,EXACT_MATCH
LMCI,006_S_4363,C:\Users\krish\FYP\NIfTI\NIfTI\LMCI\006_S_4363\006_S_4363_WIP_Resting_State_fMRI_20120619135852_501.json,C:\Users\krish\FYP\NIfTI\NIfTI\LMCI\006_S_4363\006_S_4363_WIP_Resting_State_fMRI_20120619135852_501.nii,20120619135852,Resting State fMRI,501,EXACT_MATCH
LMCI,006_S_4363,C:\Users\krish\FYP\NIfTI\NIfTI\LMCI\006_S_4363\006_S_4363_WIP_Resting_State_fMRI_20120619135852_601.json,C:\Users\krish\FYP\NIfTI\NIfTI\LMCI\006_S_4363\006_S_4363_WIP_Resting_State_fMRI_20120619135852_601.nii,20120619135852,Resting State fMRI,601,EXACT_MATCH
LMCI,006_S_4515,C:\Users\krish\FYP\NIfTI\NIfTI\LMCI\006_S_4515\006_S_4515_WIP_Resting_State_fMRI_20130314114338_501.json,C:\Users\krish\FYP\NIfTI\NIfTI\LMCI\006_S_4515\006_S_4515_WIP_Resting_State_fMRI_20130314114338_501.nii,20130314114338,Resting State fMRI,501,EXACT_MATCH
LMCI,013_S_4595,C:\Users\krish\FYP\NIfTI\NIfTI\LMCI\013_S_4595\013_S_4595_Resting_State_fMRI_20121024160050_501.json,C:\Users\krish\FYP\NIfTI\NIfTI\LMCI\013_S_4595\013_S_4595_Resting_State_fMRI_20121024160050_501.nii,20121024160050,Resting State fMRI,501,EXACT_MATCH
LMCI,018_S_4889,C:\Users\krish\FYP\NIfTI\NIfTI\LMCI\018_S_4889\018_S_4889_WIP_Resting_State_fMRI_20130228100754_601.json,C:\Users\krish\FYP\NIfTI\NIfTI\LMCI\018_S_4889\018_S_4889_WIP_Resting_State_fMRI_20130228100754_601.nii,20130228100754,Resting State fMRI,601,EXACT_MATCH
LMCI,019_S_4293,C:\Users\krish\FYP\NIfTI\NIfTI\LMCI\019_S_4293\019_S_4293_Resting_State_fMRI_20120509115825_401.json,C:\Users\krish\FYP\NIfTI\NIfTI\LMCI\019_S_4293\019_S_4293_Resting_State_fMRI_20120509115825_401.nii,20120509115825,Resting State fMRI,401,EXACT_MATCH
LMCI,019_S_4548,C:\Users\krish\FYP\NIfTI\NIfTI\LMCI\019_S_4548\019_S_4548_Resting_State_fMRI_20120827112137_501.json,C:\Users\krish\FYP\NIfTI\NIfTI\LMCI\019_S_4548\019_S_4548_Resting_State_fMRI_20120827112137_501.nii,20120827112137,Resting State fMRI,501,EXACT_MATCH
LMCI,031_S_4194,C:\Users\krish\FYP\NIfTI\NIfTI\LMCI\031_S_4194\031_S_4194_WIP_Resting_State_fMRI_20120228125625_501.json,C:\Users\krish\FYP\NIfTI\NIfTI\LMCI\031_S_4194\031_S_4194_WIP_Resting_State_fMRI_20120228125625_501.nii,20120228125625,Resting State fMRI,501,EXACT_MATCH
LMCI,031_S_4203,C:\Users\krish\FYP\NIfTI\NIfTI\LMCI\031_S_4203\031_S_4203_WIP_Resting_State_fMRI_20120320121200_701.json,C:\Users\krish\FYP\NIfTI\NIfTI\LMCI\031_S_4203\031_S_4203_WIP_Resting_State_fMRI_20120320121200_701.nii,20120320121200,Resting State fMRI,701,EXACT_MATCH
LMCI,031_S_4203,C:\Users\krish\FYP\NIfTI\NIfTI\LMCI\031_S_4203\031_S_4203_WIP_Resting_State_fMRI_20120926135547_601.json,C:\Users\krish\FYP\NIfTI\NIfTI\LMCI\031_S_4203\031_S_4203_WIP_Resting_State_fMRI_20120926135547_601.nii,20120926135547,Resting State fMRI,601,EXACT_MATCH
LMCI,031_S_4590,C:\Users\krish\FYP\NIfTI\NIfTI\LMCI\031_S_4590\031_S_4590_WIP_Resting_State_fMRI_20121001144850_501.json,C:\Users\krish\FYP\NIfTI\NIfTI\LMCI\031_S_4590\031_S_4590_WIP_Resting_State_fMRI_20121001144850_501.nii,20121001144850,Resting State fMRI,501,EXACT_MATCH
LMCI,130_S_4250,C:\Users\krish\FYP\NIfTI\NIfTI\LMCI\130_S_4250\130_S_4250_WIP_Resting_State_fMRI_20120411101533_601.json,C:\Users\krish\FYP\NIfTI\NIfTI\LMCI\130_S_4250\130_S_4250_WIP_Resting_State_fMRI_20120411101533_601.nii,20120411101533,Resting State fMRI,601,EXACT_MATCH
LMCI,130_S_4542,C:\Users\krish\FYP\NIfTI\NIfTI\LMCI\130_S_4542\130_S_4542_WIP_Resting_State_fMRI_20120905131830_501.json,C:\Users\krish\FYP\NIfTI\NIfTI\LMCI\130_S_4542\130_S_4542_WIP_Resting_State_fMRI_20120905131830_501.nii,20120905131830,Resting State fMRI,501,EXACT_MATCH
LMCI,130_S_4605,C:\Users\krish\FYP\NIfTI\NIfTI\LMCI\130_S_4605\130_S_4605_Resting_State_fMRI_20121019110807_501.json,C:\Users\krish\FYP\NIfTI\NIfTI\LMCI\130_S_4605\130_S_4605_Resting_State_fMRI_20121019110807_501.nii,20121019110807,Resting State fMRI,501,EXACT_MATCH
LMCI,130_S_4817,C:\Users\krish\FYP\NIfTI\NIfTI\LMCI\130_S_4817\130_S_4817_Resting_State_fMRI_20130122083214_601.json,C:\Users\krish\FYP\NIfTI\NIfTI\LMCI\130_S_4817\130_S_4817_Resting_State_fMRI_20130122083214_601.nii,20130122083214,Resting State fMRI,601,EXACT_MATCH
CN_Final,002_S_0413,C:\Users\krish\FYP\NIfTI\NIfTI\CN_Final\002_S_0413\002_S_0413_Resting_State_fMRI_20110616121849_601.json,C:\Users\krish\FYP\NIfTI\NIfTI\CN_Final\002_S_0413\002_S_0413_Resting_State_fMRI_20110616121849_601.nii.gz,20110616121849,Resting State fMRI,601,EXACT_MATCH
CN_Final,002_S_0685,C:\Users\krish\FYP\NIfTI\NIfTI\CN_Final\002_S_0685\002_S_0685_Resting_State_fMRI_20110708070427_501.json,C:\Users\krish\FYP\NIfTI\NIfTI\CN_Final\002_S_0685\002_S_0685_Resting_State_fMRI_20110708070427_501.nii.gz,20110708070427,Resting State fMRI,501,EXACT_MATCH
CN_Final,002_S_1261,C:\Users\krish\FYP\NIfTI\NIfTI\CN_Final\002_S_1261\002_S_1261_Resting_State_fMRI_20110314160431_501.json,C:\Users\krish\FYP\NIfTI\NIfTI\CN_Final\002_S_1261\002_S_1261_Resting_State_fMRI_20110314160431_501.nii,20110314160431,Resting State fMRI,501,EXACT_MATCH
CN_Final,002_S_1280,C:\Users\krish\FYP\NIfTI\NIfTI\CN_Final\002_S_1280\002_S_1280_Resting_State_fMRI_20110504132634_501.json,C:\Users\krish\FYP\NIfTI\NIfTI\CN_Final\002_S_1280\002_S_1280_Resting_State_fMRI_20110504132634_501.nii,20110504132634,Resting State fMRI,501,EXACT_MATCH
CN_Final,006_S_4357,C:\Users\krish\FYP\NIfTI\NIfTI\CN_Final\006_S_4357\006_S_4357_WIP_Resting_State_fMRI_20140122104819_601.json,C:\Users\krish\FYP\NIfTI\NIfTI\CN_Final\006_S_4357\006_S_4357_WIP_Resting_State_fMRI_20140122104819_601.nii.gz,20140122104819,Resting State fMRI,601,EXACT_MATCH
CN_Final,010_S_4345,C:\Users\krish\FYP\NIfTI\NIfTI\CN_Final\010_S_4345\010_S_4345_Resting_State_fMRI_20120920131508_501.json,C:\Users\krish\FYP\NIfTI\NIfTI\CN_Final\010_S_4345\010_S_4345_Resting_State_fMRI_20120920131508_501.nii.gz,20120920131508,Resting State fMRI,501,EXACT_MATCH
CN_Final,010_S_4442,C:\Users\krish\FYP\NIfTI\NIfTI\CN_Final\010_S_4442\010_S_4442_Resting_State_fMRI_20121203120121_501.json,C:\Users\krish\FYP\NIfTI\NIfTI\CN_Final\010_S_4442\010_S_4442_Resting_State_fMRI_20121203120121_501.nii.gz,20121203120121,Resting State fMRI,501,EXACT_MATCH
CN_Final,010_S_4442,C:\Users\krish\FYP\NIfTI\NIfTI\CN_Final\010_S_4442\010_S_4442_Resting_State_fMRI_20130510112930_501.json,C:\Users\krish\FYP\NIfTI\NIfTI\CN_Final\010_S_4442\010_S_4442_Resting_State_fMRI_20130510112930_501.nii,20130510112930,Resting State fMRI,501,EXACT_MATCH
CN_Final,012_S_4026,C:\Users\krish\FYP\NIfTI\NIfTI\CN_Final\012_S_4026\012_S_4026_WIP_Resting_State_fMRI_20111207100211_501.json,C:\Users\krish\FYP\NIfTI\NIfTI\CN_Final\012_S_4026\012_S_4026_WIP_Resting_State_fMRI_20111207100211_501.nii.gz,20111207100211,Resting State fMRI,501,EXACT_MATCH
CN_Final,012_S_4545,C:\Users\krish\FYP\NIfTI\NIfTI\CN_Final\012_S_4545\012_S_4545_WIP_Resting_State_fMRI_20120924121609_501.json,C:\Users\krish\FYP\NIfTI\NIfTI\CN_Final\012_S_4545\012_S_4545_WIP_Resting_State_fMRI_20120924121609_501.nii,20120924121609,Resting State fMRI,501,EXACT_MATCH
CN_Final,012_S_4643,C:\Users\krish\FYP\NIfTI\NIfTI\CN_Final\012_S_4643\012_S_4643_WIP_Resting_State_fMRI_20121016125418_501.json,C:\Users\krish\FYP\NIfTI\NIfTI\CN_Final\012_S_4643\012_S_4643_WIP_Resting_State_fMRI_20121016125418_501.nii.gz,20121016125418,Resting State fMRI,501,EXACT_MATCH
CN_Final,013_S_4579,C:\Users\krish\FYP\NIfTI\NIfTI\CN_Final\013_S_4579\013_S_4579_Resting_State_fMRI_20121219171218_501.json,C:\Users\krish\FYP\NIfTI\NIfTI\CN_Final\013_S_4579\013_S_4579_Resting_State_fMRI_20121219171218_501.nii.gz,20121219171218,Resting State fMRI,501,EXACT_MATCH
CN_Final,013_S_4616,C:\Users\krish\FYP\NIfTI\NIfTI\CN_Final\013_S_4616\013_S_4616_Resting_State_fMRI_20121025162640_601.json,C:\Users\krish\FYP\NIfTI\NIfTI\CN_Final\013_S_4616\013_S_4616_Resting_State_fMRI_20121025162640_601.nii.gz,20121025162640,Resting State fMRI,601,EXACT_MATCH
CN_Final,018_S_4257,C:\Users\krish\FYP\NIfTI\NIfTI\CN_Final\018_S_4257\018_S_4257_WIP_Resting_State_fMRI_20120731140147_501.json,C:\Users\krish\FYP\NIfTI\NIfTI\CN_Final\018_S_4257\018_S_4257_WIP_Resting_State_fMRI_20120731140147_501.nii,20120731140147,Resting State fMRI,501,EXACT_MATCH
CN_Final,018_S_4313,C:\Users\krish\FYP\NIfTI\NIfTI\CN_Final\018_S_4313\018_S_4313_WIP_Resting_State_fMRI_20121128121558_501.json,C:\Users\krish\FYP\NIfTI\NIfTI\CN_Final\018_S_4313\018_S_4313_WIP_Resting_State_fMRI_20121128121558_501.nii.gz,20121128121558,Resting State fMRI,501,EXACT_MATCH
CN_Final,018_S_4349,C:\Users\krish\FYP\NIfTI\NIfTI\CN_Final\018_S_4349\018_S_4349_WIP_Resting_State_fMRI_20120710110712_501.json,C:\Users\krish\FYP\NIfTI\NIfTI\CN_Final\018_S_4349\018_S_4349_WIP_Resting_State_fMRI_20120710110712_501.nii.gz,20120710110712,Resting State fMRI,501,EXACT_MATCH
CN_Final,018_S_4399,C:\Users\krish\FYP\NIfTI\NIfTI\CN_Final\018_S_4399\018_S_4399_WIP_Resting_State_fMRI_20130111121513_501.json,C:\Users\krish\FYP\NIfTI\NIfTI\CN_Final\018_S_4399\018_S_4399_WIP_Resting_State_fMRI_20130111121513_501.nii.gz,20130111121513,Resting State fMRI,501,EXACT_MATCH
CN_Final,018_S_4400,C:\Users\krish\FYP\NIfTI\NIfTI\CN_Final\018_S_4400\018_S_4400_WIP_Resting_State_fMRI_20130102135322_901.json,C:\Users\krish\FYP\NIfTI\NIfTI\CN_Final\018_S_4400\018_S_4400_WIP_Resting_State_fMRI_20130102135322_901.nii.gz,20130102135322,Resting State fMRI,901,EXACT_MATCH
CN_Final,019_S_4367,C:\Users\krish\FYP\NIfTI\NIfTI\CN_Final\019_S_4367\019_S_4367_Resting_State_fMRI_20121119105319_601.json,C:\Users\krish\FYP\NIfTI\NIfTI\CN_Final\019_S_4367\019_S_4367_Resting_State_fMRI_20121119105319_601.nii.gz,20121119105319,Resting State fMRI,601,EXACT_MATCH
CN_Final,019_S_4835,C:\Users\krish\FYP\NIfTI\NIfTI\CN_Final\019_S_4835\019_S_4835_Resting_State_fMRI_20130115131516_501.json,C:\Users\krish\FYP\NIfTI\NIfTI\CN_Final\019_S_4835\019_S_4835_Resting_State_fMRI_20130115131516_501.nii,20130115131516,Resting State fMRI,501,EXACT_MATCH
CN_Final,031_S_4021,C:\Users\krish\FYP\NIfTI\NIfTI\CN_Final\031_S_4021\031_S_4021_WIP_Resting_State_fMRI_20130506140130_501.json,C:\Users\krish\FYP\NIfTI\NIfTI\CN_Final\031_S_4021\031_S_4021_WIP_Resting_State_fMRI_20130506140130_501.nii.gz,20130506140130,Resting State fMRI,501,EXACT_MATCH
CN_Final,031_S_4032,C:\Users\krish\FYP\NIfTI\NIfTI\CN_Final\031_S_4032\031_S_4032_WIP_Resting_State_fMRI_20130509092815_501.json,C:\Users\krish\FYP\NIfTI\NIfTI\CN_Final\031_S_4032\031_S_4032_WIP_Resting_State_fMRI_20130509092815_501.nii,20130509092815,Resting State fMRI,501,EXACT_MATCH
CN_Final,031_S_4218,C:\Users\krish\FYP\NIfTI\NIfTI\CN_Final\031_S_4218\031_S_4218_WIP_Resting_State_fMRI_20121002133556_601.json,C:\Users\krish\FYP\NIfTI\NIfTI\CN_Final\031_S_4218\031_S_4218_WIP_Resting_State_fMRI_20121002133556_601.nii,20121002133556,Resting State fMRI,601,EXACT_MATCH
CN_Final,031_S_4474,C:\Users\krish\FYP\NIfTI\NIfTI\CN_Final\031_S_4474\031_S_4474_WIP_Resting_State_fMRI_20120801155904_501.json,C:\Users\krish\FYP\NIfTI\NIfTI\CN_Final\031_S_4474\031_S_4474_WIP_Resting_State_fMRI_20120801155904_501.nii.gz,20120801155904,Resting State fMRI,501,EXACT_MATCH
CN_Final,031_S_4496,C:\Users\krish\FYP\NIfTI\NIfTI\CN_Final\031_S_4496\031_S_4496_WIP_Resting_State_fMRI_20140220112140_501.json,C:\Users\krish\FYP\NIfTI\NIfTI\CN_Final\031_S_4496\031_S_4496_WIP_Resting_State_fMRI_20140220112140_501.nii,20140220112140,Resting State fMRI,501,EXACT_MATCH
CN_Final,129_S_0778,C:\Users\krish\FYP\NIfTI\NIfTI\CN_Final\129_S_0778\129_S_0778_WIP_Resting_State_fMRI_20120913135953_501.json,C:\Users\krish\FYP\NIfTI\NIfTI\CN_Final\129_S_0778\129_S_0778_WIP_Resting_State_fMRI_20120913135953_501.nii.gz,20120913135953,Resting State fMRI,501,EXACT_MATCH
CN_Final,129_S_4422,C:\Users\krish\FYP\NIfTI\NIfTI\CN_Final\129_S_4422\129_S_4422_WIP_Resting_State_fMRI_20130107120408_201.json,C:\Users\krish\FYP\NIfTI\NIfTI\CN_Final\129_S_4422\129_S_4422_WIP_Resting_State_fMRI_20130107120408_201.nii.gz,20130107120408,Resting State fMRI,201,EXACT_MATCH
CN_Final,130_S_4343,C:\Users\krish\FYP\NIfTI\NIfTI\CN_Final\130_S_4343\130_S_4343_Resting_State_fMRI_20131114094612_501.json,C:\Users\krish\FYP\NIfTI\NIfTI\CN_Final\130_S_4343\130_S_4343_Resting_State_fMRI_20131114094612_501.nii,20131114094612,Resting State fMRI,501,EXACT_MATCH
CN_Final,130_S_4352,C:\Users\krish\FYP\NIfTI\NIfTI\CN_Final\130_S_4352\130_S_4352_Resting_State_fMRI_20131204130702_501.json,C:\Users\krish\FYP\NIfTI\NIfTI\CN_Final\130_S_4352\130_S_4352_Resting_State_fMRI_20131204130702_501.nii.gz,20131204130702,Resting State fMRI,501,EXACT_MATCH
CN_Final,136_S_0186,C:\Users\krish\FYP\NIfTI\NIfTI\CN_Final\136_S_0186\136_S_0186_Resting_State_fMRI_20121011130857_501.json,C:\Users\krish\FYP\NIfTI\NIfTI\CN_Final\136_S_0186\136_S_0186_Resting_State_fMRI_20121011130857_501.nii,20121011130857,Resting State fMRI,501,EXACT_MATCH
MCI,002_S_0729,C:\Users\krish\FYP\NIfTI\NIfTI\MCI\002_S_0729\002_S_0729_Resting_State_fMRI_20110816150745_501.json,C:\Users\krish\FYP\NIfTI\NIfTI\MCI\002_S_0729\002_S_0729_Resting_State_fMRI_20110816150745_501.nii,20110816150745,Resting State fMRI,501,EXACT_MATCH
MCI,002_S_0729,C:\Users\krish\FYP\NIfTI\NIfTI\MCI\002_S_0729\002_S_0729_Resting_State_fMRI_20120807072109_501.json,C:\Users\krish\FYP\NIfTI\NIfTI\MCI\002_S_0729\002_S_0729_Resting_State_fMRI_20120807072109_501.nii.gz,20120807072109,Resting State fMRI,501,EXACT_MATCH
MCI,002_S_0729,C:\Users\krish\FYP\NIfTI\NIfTI\MCI\002_S_0729\002_S_0729_Resting_State_fMRI_20130816131444_501.json,C:\Users\krish\FYP\NIfTI\NIfTI\MCI\002_S_0729\002_S_0729_Resting_State_fMRI_20130816131444_501.nii.gz,20130816131444,Resting State fMRI,501,EXACT_MATCH
MCI,002_S_1155,C:\Users\krish\FYP\NIfTI\NIfTI\MCI\002_S_1155\002_S_1155_Resting_State_fMRI_20111222093538_501.json,C:\Users\krish\FYP\NIfTI\NIfTI\MCI\002_S_1155\002_S_1155_Resting_State_fMRI_20111222093538_501.nii.gz,20111222093538,Resting State fMRI,501,EXACT_MATCH
MCI,002_S_1155,C:\Users\krish\FYP\NIfTI\NIfTI\MCI\002_S_1155\002_S_1155_Resting_State_fMRI_20121220121612_501.json,C:\Users\krish\FYP\NIfTI\NIfTI\MCI\002_S_1155\002_S_1155_Resting_State_fMRI_20121220121612_501.nii,20121220121612,Resting State fMRI,501,EXACT_MATCH
MCI,002_S_1155,C:\Users\krish\FYP\NIfTI\NIfTI\MCI\002_S_1155\002_S_1155_Resting_State_fMRI_20140109094525_501.json,C:\Users\krish\FYP\NIfTI\NIfTI\MCI\002_S_1155\002_S_1155_Resting_State_fMRI_20140109094525_501.nii.gz,20140109094525,Resting State fMRI,501,EXACT_MATCH
MCI,002_S_1268,C:\Users\krish\FYP\NIfTI\NIfTI\MCI\002_S_1268\002_S_1268_Resting_State_fMRI_20110413141227_501.json,C:\Users\krish\FYP\NIfTI\NIfTI\MCI\002_S_1268\002_S_1268_Resting_State_fMRI_20110413141227_501.nii.gz,20110413141227,Resting State fMRI,501,EXACT_MATCH
MCI,002_S_1268,C:\Users\krish\FYP\NIfTI\NIfTI\MCI\002_S_1268\002_S_1268_Resting_State_fMRI_20120322081204_501.json,C:\Users\krish\FYP\NIfTI\NIfTI\MCI\002_S_1268\002_S_1268_Resting_State_fMRI_20120322081204_501.nii,20120322081204,Resting State fMRI,501,EXACT_MATCH
MCI,002_S_4229,C:\Users\krish\FYP\NIfTI\NIfTI\MCI\002_S_4229\002_S_4229_Resting_State_fMRI_20120410072800_501.json,C:\Users\krish\FYP\NIfTI\NIfTI\MCI\002_S_4229\002_S_4229_Resting_State_fMRI_20120410072800_501.nii,20120410072800,Resting State fMRI,501,EXACT_MATCH
MCI,002_S_4229,C:\Users\krish\FYP\NIfTI\NIfTI\MCI\002_S_4229\002_S_4229_Resting_State_fMRI_20120918120730_501.json,C:\Users\krish\FYP\NIfTI\NIfTI\MCI\002_S_4229\002_S_4229_Resting_State_fMRI_20120918120730_501.nii,20120918120730,Resting State fMRI,501,EXACT_MATCH
MCI,002_S_4229,C:\Users\krish\FYP\NIfTI\NIfTI\MCI\002_S_4229\002_S_4229_Resting_State_fMRI_20131016191144_601.json,C:\Users\krish\FYP\NIfTI\NIfTI\MCI\002_S_4229\002_S_4229_Resting_State_fMRI_20131016191144_601.nii.gz,20131016191144,Resting State fMRI,601,EXACT_MATCH
MCI,002_S_4799,C:\Users\krish\FYP\NIfTI\NIfTI\MCI\002_S_4799\002_S_4799_Resting_State_fMRI_20130110170144_501.json,C:\Users\krish\FYP\NIfTI\NIfTI\MCI\002_S_4799\002_S_4799_Resting_State_fMRI_20130110170144_501.nii.gz,20130110170144,Resting State fMRI,501,EXACT_MATCH
MCI,002_S_4799,C:\Users\krish\FYP\NIfTI\NIfTI\MCI\002_S_4799\002_S_4799_Resting_State_fMRI_20130702065742_601.json,C:\Users\krish\FYP\NIfTI\NIfTI\MCI\002_S_4799\002_S_4799_Resting_State_fMRI_20130702065742_601.nii,20130702065742,Resting State fMRI,601,EXACT_MATCH
MCI,006_S_4713,C:\Users\krish\FYP\NIfTI\NIfTI\MCI\006_S_4713\006_S_4713_WIP_Resting_State_fMRI_20121128113857_501.json,C:\Users\krish\FYP\NIfTI\NIfTI\MCI\006_S_4713\006_S_4713_WIP_Resting_State_fMRI_20121128113857_501.nii.gz,20121128113857,Resting State fMRI,501,EXACT_MATCH
MCI,006_S_4713,C:\Users\krish\FYP\NIfTI\NIfTI\MCI\006_S_4713\006_S_4713_WIP_Resting_State_fMRI_20121128113857_601.json,C:\Users\krish\FYP\NIfTI\NIfTI\MCI\006_S_4713\006_S_4713_WIP_Resting_State_fMRI_20121128113857_601.nii.gz,20121128113857,Resting State fMRI,601,EXACT_MATCH
MCI,006_S_4713,C:\Users\krish\FYP\NIfTI\NIfTI\MCI\006_S_4713\006_S_4713_WIP_Resting_State_fMRI_20130612133514_601.json,C:\Users\krish\FYP\NIfTI\NIfTI\MCI\006_S_4713\006_S_4713_WIP_Resting_State_fMRI_20130612133514_601.nii.gz,20130612133514,Resting State fMRI,601,EXACT_MATCH
MCI,013_S_1186,C:\Users\krish\FYP\NIfTI\NIfTI\MCI\013_S_1186\013_S_1186_Resting_State_fMRI_20110223111215_601.json,C:\Users\krish\FYP\NIfTI\NIfTI\MCI\013_S_1186\013_S_1186_Resting_State_fMRI_20110223111215_601.nii.gz,20110223111215,Resting State fMRI,601,EXACT_MATCH
MCI,013_S_1186,C:\Users\krish\FYP\NIfTI\NIfTI\MCI\013_S_1186\013_S_1186_Resting_State_fMRI_20120216164155_501.json,C:\Users\krish\FYP\NIfTI\NIfTI\MCI\013_S_1186\013_S_1186_Resting_State_fMRI_20120216164155_501.nii.gz,20120216164155,Resting State fMRI,501,EXACT_MATCH
MCI,013_S_1186,C:\Users\krish\FYP\NIfTI\NIfTI\MCI\013_S_1186\013_S_1186_Resting_State_fMRI_20130129150419_501.json,C:\Users\krish\FYP\NIfTI\NIfTI\MCI\013_S_1186\013_S_1186_Resting_State_fMRI_20130129150419_501.nii.gz,20130129150419,Resting State fMRI,501,EXACT_MATCH
MCI,013_S_2389,C:\Users\krish\FYP\NIfTI\NIfTI\MCI\013_S_2389\013_S_2389_Resting_State_fMRI_20120215161724_501.json,C:\Users\krish\FYP\NIfTI\NIfTI\MCI\013_S_2389\013_S_2389_Resting_State_fMRI_20120215161724_501.nii,20120215161724,Resting State fMRI,501,EXACT_MATCH
MCI,013_S_2389,C:\Users\krish\FYP\NIfTI\NIfTI\MCI\013_S_2389\013_S_2389_Resting_State_fMRI_20121010171113_501.json,C:\Users\krish\FYP\NIfTI\NIfTI\MCI\013_S_2389\013_S_2389_Resting_State_fMRI_20121010171113_501.nii.gz,20121010171113,Resting State fMRI,501,EXACT_MATCH
MCI,018_S_2180,C:\Users\krish\FYP\NIfTI\NIfTI\MCI\018_S_2180\018_S_2180_WIP_Resting_State_fMRI_20110726085824_501.json,C:\Users\krish\FYP\NIfTI\NIfTI\MCI\018_S_2180\018_S_2180_WIP_Resting_State_fMRI_20110726085824_501.nii.gz,20110726085824,Resting State fMRI,501,EXACT_MATCH
MCI,018_S_2180,C:\Users\krish\FYP\NIfTI\NIfTI\MCI\018_S_2180\018_S_2180_WIP_Resting_State_fMRI_20120127115319_501.json,C:\Users\krish\FYP\NIfTI\NIfTI\MCI\018_S_2180\018_S_2180_WIP_Resting_State_fMRI_20120127115319_501.nii.gz,20120127115319,Resting State fMRI,501,EXACT_MATCH
MCI,018_S_2180,C:\Users\krish\FYP\NIfTI\NIfTI\MCI\018_S_2180\018_S_2180_WIP_Resting_State_fMRI_20130102123650_901.json,C:\Users\krish\FYP\NIfTI\NIfTI\MCI\018_S_2180\018_S_2180_WIP_Resting_State_fMRI_20130102123650_901.nii.gz,20130102123650,Resting State fMRI,901,EXACT_MATCH
MCI,018_S_2180,C:\Users\krish\FYP\NIfTI\NIfTI\MCI\018_S_2180\018_S_2180_WIP_Resting_State_fMRI_20140107105839_601.json,C:\Users\krish\FYP\NIfTI\NIfTI\MCI\018_S_2180\018_S_2180_WIP_Resting_State_fMRI_20140107105839_601.nii.gz,20140107105839,Resting State fMRI,601,EXACT_MATCH
MCI,053_S_0919,C:\Users\krish\FYP\NIfTI\NIfTI\MCI\053_S_0919\053_S_0919_WIP_Resting_State_fMRI_20130104133039_701.json,C:\Users\krish\FYP\NIfTI\NIfTI\MCI\053_S_0919\053_S_0919_WIP_Resting_State_fMRI_20130104133039_701.nii.gz,20130104133039,Resting State fMRI,701,EXACT_MATCH
MCI,053_S_0919,C:\Users\krish\FYP\NIfTI\NIfTI\MCI\053_S_0919\053_S_0919_WIP_Resting_State_fMRI_20131205141516_901.json,C:\Users\krish\FYP\NIfTI\NIfTI\MCI\053_S_0919\053_S_0919_WIP_Resting_State_fMRI_20131205141516_901.nii.gz,20131205141516,Resting State fMRI,901,EXACT_MATCH
MCI,053_S_4813,C:\Users\krish\FYP\NIfTI\NIfTI\MCI\053_S_4813\053_S_4813_WIP_Resting_State_fMRI_20130110145000_501.json,C:\Users\krish\FYP\NIfTI\NIfTI\MCI\053_S_4813\053_S_4813_WIP_Resting_State_fMRI_20130110145000_501.nii.gz,20130110145000,Resting State fMRI,501,EXACT_MATCH
MCI,053_S_4813,C:\Users\krish\FYP\NIfTI\NIfTI\MCI\053_S_4813\053_S_4813_WIP_Resting_State_fMRI_20130731113808_501.json,C:\Users\krish\FYP\NIfTI\NIfTI\MCI\053_S_4813\053_S_4813_WIP_Resting_State_fMRI_20130731113808_501.nii.gz,20130731113808,Resting State fMRI,501,EXACT_MATCH
MCI,100_S_4556,C:\Users\krish\FYP\NIfTI\NIfTI\MCI\100_S_4556\100_S_4556_Resting_State_fMRI_20121126104757_501.json,C:\Users\krish\FYP\NIfTI\NIfTI\MCI\100_S_4556\100_S_4556_Resting_State_fMRI_20121126104757_501.nii,20121126104757,Resting State fMRI,501,EXACT_MATCH
MCI,100_S_4556,C:\Users\krish\FYP\NIfTI\NIfTI\MCI\100_S_4556\100_S_4556_Resting_State_fMRI_20130606105751_501.json,C:\Users\krish\FYP\NIfTI\NIfTI\MCI\100_S_4556\100_S_4556_Resting_State_fMRI_20130606105751_501.nii.gz,20130606105751,Resting State fMRI,501,EXACT_MATCH
MCI,130_S_4294,C:\Users\krish\FYP\NIfTI\NIfTI\MCI\130_S_4294\130_S_4294_Resting_State_fMRI_20121127085220_601.json,C:\Users\krish\FYP\NIfTI\NIfTI\MCI\130_S_4294\130_S_4294_Resting_State_fMRI_20121127085220_601.nii.gz,20121127085220,Resting State fMRI,601,EXACT_MATCH
MCI,130_S_4294,C:\Users\krish\FYP\NIfTI\NIfTI\MCI\130_S_4294\130_S_4294_Resting_State_fMRI_20131115085607_501.json,C:\Users\krish\FYP\NIfTI\NIfTI\MCI\130_S_4294\130_S_4294_Resting_State_fMRI_20131115085607_501.nii.gz,20131115085607,Resting State fMRI,501,EXACT_MATCH
MCI,130_S_4294,C:\Users\krish\FYP\NIfTI\NIfTI\MCI\130_S_4294\130_S_4294_WIP_Resting_State_fMRI_20120515085854_501.json,C:\Users\krish\FYP\NIfTI\NIfTI\MCI\130_S_4294\130_S_4294_WIP_Resting_State_fMRI_20120515085854_501.nii,20120515085854,Resting State fMRI,501,EXACT_MATCH
MCI,136_S_0107,C:\Users\krish\FYP\NIfTI\NIfTI\MCI\136_S_0107\136_S_0107_Resting_State_fMRI_20120906092942_501.json,C:\Users\krish\FYP\NIfTI\NIfTI\MCI\136_S_0107\136_S_0107_Resting_State_fMRI_20120906092942_501.nii.gz,20120906092942,Resting State fMRI,501,EXACT_MATCH
SMC_Final,002_S_5230,C:\Users\krish\FYP\NIfTI\NIfTI\SMC_Final\002_S_5230\002_S_5230_Resting_State_fMRI_20130627072358_501.json,C:\Users\krish\FYP\NIfTI\NIfTI\SMC_Final\002_S_5230\002_S_5230_Resting_State_fMRI_20130627072358_501.nii.gz,20130627072358,Resting State fMRI,501,EXACT_MATCH
SMC_Final,002_S_5230,C:\Users\krish\FYP\NIfTI\NIfTI\SMC_Final\002_S_5230\002_S_5230_Resting_State_fMRI_20130923071859_501.json,C:\Users\krish\FYP\NIfTI\NIfTI\SMC_Final\002_S_5230\002_S_5230_Resting_State_fMRI_20130923071859_501.nii,20130923071859,Resting State fMRI,501,EXACT_MATCH
SMC_Final,002_S_5230,C:\Users\krish\FYP\NIfTI\NIfTI\SMC_Final\002_S_5230\002_S_5230_Resting_State_fMRI_20140124084608_501.json,C:\Users\krish\FYP\NIfTI\NIfTI\SMC_Final\002_S_5230\002_S_5230_Resting_State_fMRI_20140124084608_501.nii,20140124084608,Resting State fMRI,501,EXACT_MATCH
SMC_Final,002_S_5256,C:\Users\krish\FYP\NIfTI\NIfTI\SMC_Final\002_S_5256\002_S_5256_Resting_State_fMRI_20130715135848_501.json,C:\Users\krish\FYP\NIfTI\NIfTI\SMC_Final\002_S_5256\002_S_5256_Resting_State_fMRI_20130715135848_501.nii.gz,20130715135848,Resting State fMRI,501,EXACT_MATCH
SMC_Final,002_S_5256,C:\Users\krish\FYP\NIfTI\NIfTI\SMC_Final\002_S_5256\002_S_5256_Resting_State_fMRI_20140219183724_501.json,C:\Users\krish\FYP\NIfTI\NIfTI\SMC_Final\002_S_5256\002_S_5256_Resting_State_fMRI_20140219183724_501.nii.gz,20140219183724,Resting State fMRI,501,EXACT_MATCH
SMC_Final,006_S_5153,C:\Users\krish\FYP\NIfTI\NIfTI\SMC_Final\006_S_5153\006_S_5153_WIP_Resting_State_fMRI_20130422121056_601.json,C:\Users\krish\FYP\NIfTI\NIfTI\SMC_Final\006_S_5153\006_S_5153_WIP_Resting_State_fMRI_20130422121056_601.nii.gz,20130422121056,Resting State fMRI,601,EXACT_MATCH
SMC_Final,006_S_5153,C:\Users\krish\FYP\NIfTI\NIfTI\SMC_Final\006_S_5153\006_S_5153_WIP_Resting_State_fMRI_20130802124448_501.json,C:\Users\krish\FYP\NIfTI\NIfTI\SMC_Final\006_S_5153\006_S_5153_WIP_Resting_State_fMRI_20130802124448_501.nii.gz,20130802124448,Resting State fMRI,501,EXACT_MATCH
SMC_Final,012_S_5121,C:\Users\krish\FYP\NIfTI\NIfTI\SMC_Final\012_S_5121\012_S_5121_Resting_State_fMRI_20130315121050_501.json,C:\Users\krish\FYP\NIfTI\NIfTI\SMC_Final\012_S_5121\012_S_5121_Resting_State_fMRI_20130315121050_501.nii,20130315121050,Resting State fMRI,501,EXACT_MATCH
SMC_Final,012_S_5121,C:\Users\krish\FYP\NIfTI\NIfTI\SMC_Final\012_S_5121\012_S_5121_Resting_State_fMRI_20130628102151_501.json,C:\Users\krish\FYP\NIfTI\NIfTI\SMC_Final\012_S_5121\012_S_5121_Resting_State_fMRI_20130628102151_501.nii.gz,20130628102151,Resting State fMRI,501,EXACT_MATCH
SMC_Final,012_S_5157,C:\Users\krish\FYP\NIfTI\NIfTI\SMC_Final\012_S_5157\012_S_5157_Resting_State_fMRI_20130516141520_501.json,C:\Users\krish\FYP\NIfTI\NIfTI\SMC_Final\012_S_5157\012_S_5157_Resting_State_fMRI_20130516141520_501.nii.gz,20130516141520,Resting State fMRI,501,EXACT_MATCH
SMC_Final,012_S_5157,C:\Users\krish\FYP\NIfTI\NIfTI\SMC_Final\012_S_5157\012_S_5157_Resting_State_fMRI_20130919102633_501.json,C:\Users\krish\FYP\NIfTI\NIfTI\SMC_Final\012_S_5157\012_S_5157_Resting_State_fMRI_20130919102633_501.nii.gz,20130919102633,Resting State fMRI,501,EXACT_MATCH
SMC_Final,012_S_5195,C:\Users\krish\FYP\NIfTI\NIfTI\SMC_Final\012_S_5195\012_S_5195_Resting_State_fMRI_20130614141931_501.json,C:\Users\krish\FYP\NIfTI\NIfTI\SMC_Final\012_S_5195\012_S_5195_Resting_State_fMRI_20130614141931_501.nii,20130614141931,Resting State fMRI,501,EXACT_MATCH
SMC_Final,012_S_5213,C:\Users\krish\FYP\NIfTI\NIfTI\SMC_Final\012_S_5213\012_S_5213_Resting_State_fMRI_20130710125726_501.json,C:\Users\krish\FYP\NIfTI\NIfTI\SMC_Final\012_S_5213\012_S_5213_Resting_State_fMRI_20130710125726_501.nii,20130710125726,Resting State fMRI,501,EXACT_MATCH
SMC_Final,013_S_5137,C:\Users\krish\FYP\NIfTI\NIfTI\SMC_Final\013_S_5137\013_S_5137_Resting_State_fMRI_20130419163152_501.json,C:\Users\krish\FYP\NIfTI\NIfTI\SMC_Final\013_S_5137\013_S_5137_Resting_State_fMRI_20130419163152_501.nii.gz,20130419163152,Resting State fMRI,501,EXACT_MATCH
SMC_Final,013_S_5137,C:\Users\krish\FYP\NIfTI\NIfTI\SMC_Final\013_S_5137\013_S_5137_Resting_State_fMRI_20130724150050_501.json,C:\Users\krish\FYP\NIfTI\NIfTI\SMC_Final\013_S_5137\013_S_5137_Resting_State_fMRI_20130724150050_501.nii.gz,20130724150050,Resting State fMRI,501,EXACT_MATCH
SMC_Final,018_S_5250,C:\Users\krish\FYP\NIfTI\NIfTI\SMC_Final\018_S_5250\018_S_5250_WIP_Resting_State_fMRI_20130808124511_501.json,C:\Users\krish\FYP\NIfTI\NIfTI\SMC_Final\018_S_5250\018_S_5250_WIP_Resting_State_fMRI_20130808124511_501.nii,20130808124511,Resting State fMRI,501,EXACT_MATCH
SMC_Final,018_S_5262,C:\Users\krish\FYP\NIfTI\NIfTI\SMC_Final\018_S_5262\018_S_5262_WIP_Resting_State_fMRI_20130812100022_501.json,C:\Users\krish\FYP\NIfTI\NIfTI\SMC_Final\018_S_5262\018_S_5262_WIP_Resting_State_fMRI_20130812100022_501.nii.gz,20130812100022,Resting State fMRI,501,EXACT_MATCH
SMC_Final,019_S_5180,C:\Users\krish\FYP\NIfTI\NIfTI\SMC_Final\019_S_5180\019_S_5180_Resting_State_fMRI_20130522113941_601.json,C:\Users\krish\FYP\NIfTI\NIfTI\SMC_Final\019_S_5180\019_S_5180_Resting_State_fMRI_20130522113941_601.nii.gz,20130522113941,Resting State fMRI,601,EXACT_MATCH
SMC_Final,019_S_5242,C:\Users\krish\FYP\NIfTI\NIfTI\SMC_Final\019_S_5242\019_S_5242_Resting_State_fMRI_20130702124503_701.json,C:\Users\krish\FYP\NIfTI\NIfTI\SMC_Final\019_S_5242\019_S_5242_Resting_State_fMRI_20130702124503_701.nii,20130702124503,Resting State fMRI,701,EXACT_MATCH
SMC_Final,019_S_5242,C:\Users\krish\FYP\NIfTI\NIfTI\SMC_Final\019_S_5242\019_S_5242_Resting_State_fMRI_20140117140335_601.json,C:\Users\krish\FYP\NIfTI\NIfTI\SMC_Final\019_S_5242\019_S_5242_Resting_State_fMRI_20140117140335_601.nii,20140117140335,Resting State fMRI,601,EXACT_MATCH
SMC_Final,053_S_5202,C:\Users\krish\FYP\NIfTI\NIfTI\SMC_Final\053_S_5202\053_S_5202_WIP_Resting_State_fMRI_20130607121216_501.json,C:\Users\krish\FYP\NIfTI\NIfTI\SMC_Final\053_S_5202\053_S_5202_WIP_Resting_State_fMRI_20130607121216_501.nii,20130607121216,Resting State fMRI,501,EXACT_MATCH
SMC_Final,053_S_5202,C:\Users\krish\FYP\NIfTI\NIfTI\SMC_Final\053_S_5202\053_S_5202_WIP_Resting_State_fMRI_20130920091211_501.json,C:\Users\krish\FYP\NIfTI\NIfTI\SMC_Final\053_S_5202\053_S_5202_WIP_Resting_State_fMRI_20130920091211_501.nii,20130920091211,Resting State fMRI,501,EXACT_MATCH
SMC_Final,053_S_5272,C:\Users\krish\FYP\NIfTI\NIfTI\SMC_Final\053_S_5272\053_S_5272_WIP_Resting_State_fMRI_20130812080932_501.json,C:\Users\krish\FYP\NIfTI\NIfTI\SMC_Final\053_S_5272\053_S_5272_WIP_Resting_State_fMRI_20130812080932_501.nii,20130812080932,Resting State fMRI,501,EXACT_MATCH
SMC_Final,053_S_5287,C:\Users\krish\FYP\NIfTI\NIfTI\SMC_Final\053_S_5287\053_S_5287_WIP_Resting_State_fMRI_20130910165518_501.json,C:\Users\krish\FYP\NIfTI\NIfTI\SMC_Final\053_S_5287\053_S_5287_WIP_Resting_State_fMRI_20130910165518_501.nii,20130910165518,Resting State fMRI,501,EXACT_MATCH
SMC_Final,100_S_5096,C:\Users\krish\FYP\NIfTI\NIfTI\SMC_Final\100_S_5096\100_S_5096_Resting_State_fMRI_20130328132018_501.json,C:\Users\krish\FYP\NIfTI\NIfTI\SMC_Final\100_S_5096\100_S_5096_Resting_State_fMRI_20130328132018_501.nii,20130328132018,Resting State fMRI,501,EXACT_MATCH
SMC_Final,100_S_5102,C:\Users\krish\FYP\NIfTI\NIfTI\SMC_Final\100_S_5102\100_S_5102_Resting_State_fMRI_20130329110911_501.json,C:\Users\krish\FYP\NIfTI\NIfTI\SMC_Final\100_S_5102\100_S_5102_Resting_State_fMRI_20130329110911_501.nii,20130329110911,Resting State fMRI,501,EXACT_MATCH
SMC_Final,100_S_5280,C:\Users\krish\FYP\NIfTI\NIfTI\SMC_Final\100_S_5280\100_S_5280_Resting_State_fMRI_20130816120412_501.json,C:\Users\krish\FYP\NIfTI\NIfTI\SMC_Final\100_S_5280\100_S_5280_Resting_State_fMRI_20130816120412_501.nii,20130816120412,Resting State fMRI,501,EXACT_MATCH
SMC_Final,100_S_5280,C:\Users\krish\FYP\NIfTI\NIfTI\SMC_Final\100_S_5280\100_S_5280_Resting_State_fMRI_20150929141020_501.json,C:\Users\krish\FYP\NIfTI\NIfTI\SMC_Final\100_S_5280\100_S_5280_Resting_State_fMRI_20150929141020_501.nii,20150929141020,Resting State fMRI,501,EXACT_MATCH
SMC_Final,130_S_5142,C:\Users\krish\FYP\NIfTI\NIfTI\SMC_Final\130_S_5142\130_S_5142_Resting_State_fMRI_20130419142414_501.json,C:\Users\krish\FYP\NIfTI\NIfTI\SMC_Final\130_S_5142\130_S_5142_Resting_State_fMRI_20130419142414_501.nii,20130419142414,Resting State fMRI,501,EXACT_MATCH
SMC_Final,130_S_5142,C:\Users\krish\FYP\NIfTI\NIfTI\SMC_Final\130_S_5142\130_S_5142_Resting_State_fMRI_20130726104415_501.json,C:\Users\krish\FYP\NIfTI\NIfTI\SMC_Final\130_S_5142\130_S_5142_Resting_State_fMRI_20130726104415_501.nii,20130726104415,Resting State fMRI,501,EXACT_MATCH
SMC_Final,130_S_5258,C:\Users\krish\FYP\NIfTI\NIfTI\SMC_Final\130_S_5258\130_S_5258_Resting_State_fMRI_20130718071910_501.json,C:\Users\krish\FYP\NIfTI\NIfTI\SMC_Final\130_S_5258\130_S_5258_Resting_State_fMRI_20130718071910_501.nii,20130718071910,Resting State fMRI,501,EXACT_MATCH
SMC_Final,131_S_5148,C:\Users\krish\FYP\NIfTI\NIfTI\SMC_Final\131_S_5148\131_S_5148_Resting_State_fMRI_20130418065419_501.json,C:\Users\krish\FYP\NIfTI\NIfTI\SMC_Final\131_S_5148\131_S_5148_Resting_State_fMRI_20130418065419_501.nii,20130418065419,Resting State fMRI,501,EXACT_MATCH
