participant_id,session
sub-002S0413,ses-01
sub-002S0685,ses-01
sub-002S1261,ses-01
sub-002S1280,ses-01
sub-006S4357,ses-01
sub-010S4345,ses-01
sub-010S4442,ses-01
sub-010S4442,ses-02
sub-012S4545,ses-01
sub-012S4643,ses-01
sub-013S4579,ses-01
sub-013S4616,ses-01
sub-018S4257,ses-01
sub-018S4313,ses-01
sub-018S4349,ses-01
sub-018S4399,ses-01
sub-018S4400,ses-01
sub-019S4367,ses-01
sub-019S4835,ses-01
sub-031S4021,ses-01
sub-031S4032,ses-01
sub-031S4218,ses-01
sub-031S4474,ses-01
sub-031S4496,ses-01
sub-129S0778,ses-01
sub-129S4422,ses-01
sub-130S4343,ses-01
sub-130S4352,ses-01
sub-136S0186,ses-01
