diagnostic_group,subject_id,json_filename,json_path,image_id,acquisition_datetime,scan_description,nifti_exists,status
AD,002_S_5018,002_S_5018_Resting_State_fMRI_20130516122033_501.json,C:\Users\krish\FYP\NIfTI\NIfTI\AD\002_S_5018\002_S_5018_Resting_State_fMRI_20130516122033_501.json,501,20130516122033,Resting State fMRI,NO,JSON_ONLY
AD,002_S_5018,002_S_5018_Resting_State_fMRI_20131118104100_501.json,C:\Users\krish\FYP\NIfTI\NIfTI\AD\002_S_5018\002_S_5018_Resting_State_fMRI_20131118104100_501.json,501,20131118104100,Resting State fMRI,NO,JSON_ONLY
AD,006_S_4153,006_S_4153_WIP_Resting_State_fMRI_20120327121013_501.json,C:\Users\krish\FYP\NIfTI\NIfTI\AD\006_S_4153\006_S_4153_WIP_Resting_State_fMRI_20120327121013_501.json,501,20120327121013,Resting State fMRI,NO,JSON_ONLY
AD,006_S_4192,006_S_4192_WIP_Resting_State_fMRI_20120507114909_701.json,C:\Users\krish\FYP\NIfTI\NIfTI\AD\006_S_4192\006_S_4192_WIP_Resting_State_fMRI_20120507114909_701.json,701,20120507114909,Resting State fMRI,NO,JSON_ONLY
AD,013_S_5071,013_S_5071_Resting_State_fMRI_20130827114820_501.json,C:\Users\krish\FYP\NIfTI\NIfTI\AD\013_S_5071\013_S_5071_Resting_State_fMRI_20130827114820_501.json,501,20130827114820,Resting State fMRI,NO,JSON_ONLY
AD,018_S_4696,018_S_4696_WIP_Resting_State_fMRI_20121101111701_601.json,C:\Users\krish\FYP\NIfTI\NIfTI\AD\018_S_4696\018_S_4696_WIP_Resting_State_fMRI_20121101111701_601.json,601,20121101111701,Resting State fMRI,NO,JSON_ONLY
AD,018_S_4733,018_S_4733_WIP_Resting_State_fMRI_20121130110351_601.json,C:\Users\krish\FYP\NIfTI\NIfTI\AD\018_S_4733\018_S_4733_WIP_Resting_State_fMRI_20121130110351_601.json,601,20121130110351,Resting State fMRI,NO,JSON_ONLY
AD,019_S_4252,019_S_4252_Resting_State_fMRI_20121023124915_501.json,C:\Users\krish\FYP\NIfTI\NIfTI\AD\019_S_4252\019_S_4252_Resting_State_fMRI_20121023124915_501.json,501,20121023124915,Resting State fMRI,NO,JSON_ONLY
AD,019_S_4477,019_S_4477_Resting_State_fMRI_20120807131900_701.json,C:\Users\krish\FYP\NIfTI\NIfTI\AD\019_S_4477\019_S_4477_Resting_State_fMRI_20120807131900_701.json,701,20120807131900,Resting State fMRI,NO,JSON_ONLY
AD,019_S_4477,019_S_4477_Resting_State_fMRI_20130213122116_501.json,C:\Users\krish\FYP\NIfTI\NIfTI\AD\019_S_4477\019_S_4477_Resting_State_fMRI_20130213122116_501.json,501,20130213122116,Resting State fMRI,NO,JSON_ONLY
AD,019_S_4549,019_S_4549_Resting_State_fMRI_20121030144055_601.json,C:\Users\krish\FYP\NIfTI\NIfTI\AD\019_S_4549\019_S_4549_Resting_State_fMRI_20121030144055_601.json,601,20121030144055,Resting State fMRI,NO,JSON_ONLY
AD,019_S_4549,019_S_4549_Resting_State_fMRI_20130313113703_601.json,C:\Users\krish\FYP\NIfTI\NIfTI\AD\019_S_4549\019_S_4549_Resting_State_fMRI_20130313113703_601.json,601,20130313113703,Resting State fMRI,NO,JSON_ONLY
AD,019_S_5012,019_S_5012_Resting_State_fMRI_20130515125619_501.json,C:\Users\krish\FYP\NIfTI\NIfTI\AD\019_S_5012\019_S_5012_Resting_State_fMRI_20130515125619_501.json,501,20130515125619,Resting State fMRI,NO,JSON_ONLY
AD,019_S_5019,019_S_5019_Resting_State_fMRI_20130514132411_501.json,C:\Users\krish\FYP\NIfTI\NIfTI\AD\019_S_5019\019_S_5019_Resting_State_fMRI_20130514132411_501.json,501,20130514132411,Resting State fMRI,NO,JSON_ONLY
AD,031_S_4024,031_S_4024_WIP_Resting_State_fMRI_20111028135128_601.json,C:\Users\krish\FYP\NIfTI\NIfTI\AD\031_S_4024\031_S_4024_WIP_Resting_State_fMRI_20111028135128_601.json,601,20111028135128,Resting State fMRI,NO,JSON_ONLY
AD,130_S_4641,130_S_4641_Resting_State_fMRI_20121010131159_501.json,C:\Users\krish\FYP\NIfTI\NIfTI\AD\130_S_4641\130_S_4641_Resting_State_fMRI_20121010131159_501.json,501,20121010131159,Resting State fMRI,NO,JSON_ONLY
AD,130_S_4660,130_S_4660_Resting_State_fMRI_20121017134229_701.json,C:\Users\krish\FYP\NIfTI\NIfTI\AD\130_S_4660\130_S_4660_Resting_State_fMRI_20121017134229_701.json,701,20121017134229,Resting State fMRI,NO,JSON_ONLY
AD,130_S_4730,130_S_4730_Resting_State_fMRI_20121219085923_701.json,C:\Users\krish\FYP\NIfTI\NIfTI\AD\130_S_4730\130_S_4730_Resting_State_fMRI_20121219085923_701.json,701,20121219085923,Resting State fMRI,NO,JSON_ONLY
AD,130_S_4730,130_S_4730_WIP_Resting_State_fMRI_20130612085835_701.json,C:\Users\krish\FYP\NIfTI\NIfTI\AD\130_S_4730\130_S_4730_WIP_Resting_State_fMRI_20130612085835_701.json,701,20130612085835,Resting State fMRI,NO,JSON_ONLY
AD,130_S_4971,130_S_4971_Resting_State_fMRI_20130503125602_501.json,C:\Users\krish\FYP\NIfTI\NIfTI\AD\130_S_4971\130_S_4971_Resting_State_fMRI_20130503125602_501.json,501,20130503125602,Resting State fMRI,NO,JSON_ONLY
AD,130_S_4982,130_S_4982_Resting_State_fMRI_20130426091244_501.json,C:\Users\krish\FYP\NIfTI\NIfTI\AD\130_S_4982\130_S_4982_Resting_State_fMRI_20130426091244_501.json,501,20130426091244,Resting State fMRI,NO,JSON_ONLY
AD,130_S_4982,130_S_4982_Resting_State_fMRI_20131025101621_501.json,C:\Users\krish\FYP\NIfTI\NIfTI\AD\130_S_4982\130_S_4982_Resting_State_fMRI_20131025101621_501.json,501,20131025101621,Resting State fMRI,NO,JSON_ONLY
AD,130_S_4984,130_S_4984_Resting_State_fMRI_20130328100512_501.json,C:\Users\krish\FYP\NIfTI\NIfTI\AD\130_S_4984\130_S_4984_Resting_State_fMRI_20130328100512_501.json,501,20130328100512,Resting State fMRI,NO,JSON_ONLY
AD,130_S_4990,130_S_4990_Resting_State_fMRI_20130426105741_501.json,C:\Users\krish\FYP\NIfTI\NIfTI\AD\130_S_4990\130_S_4990_Resting_State_fMRI_20130426105741_501.json,501,20130426105741,Resting State fMRI,NO,JSON_ONLY
AD,130_S_5059,130_S_5059_Resting_State_fMRI_20130809090025_501.json,C:\Users\krish\FYP\NIfTI\NIfTI\AD\130_S_5059\130_S_5059_Resting_State_fMRI_20130809090025_501.json,501,20130809090025,Resting State fMRI,NO,JSON_ONLY
CN_Final,002_S_1261,002_S_1261_Resting_State_fMRI_20110314160431_501.json,C:\Users\krish\FYP\NIfTI\NIfTI\CN_Final\002_S_1261\002_S_1261_Resting_State_fMRI_20110314160431_501.json,501,20110314160431,Resting State fMRI,NO,JSON_ONLY
CN_Final,002_S_1280,002_S_1280_Resting_State_fMRI_20110504132634_501.json,C:\Users\krish\FYP\NIfTI\NIfTI\CN_Final\002_S_1280\002_S_1280_Resting_State_fMRI_20110504132634_501.json,501,20110504132634,Resting State fMRI,NO,JSON_ONLY
CN_Final,010_S_4442,010_S_4442_Resting_State_fMRI_20130510112930_501.json,C:\Users\krish\FYP\NIfTI\NIfTI\CN_Final\010_S_4442\010_S_4442_Resting_State_fMRI_20130510112930_501.json,501,20130510112930,Resting State fMRI,NO,JSON_ONLY
CN_Final,012_S_4545,012_S_4545_WIP_Resting_State_fMRI_20120924121609_501.json,C:\Users\krish\FYP\NIfTI\NIfTI\CN_Final\012_S_4545\012_S_4545_WIP_Resting_State_fMRI_20120924121609_501.json,501,20120924121609,Resting State fMRI,NO,JSON_ONLY
CN_Final,018_S_4257,018_S_4257_WIP_Resting_State_fMRI_20120731140147_501.json,C:\Users\krish\FYP\NIfTI\NIfTI\CN_Final\018_S_4257\018_S_4257_WIP_Resting_State_fMRI_20120731140147_501.json,501,20120731140147,Resting State fMRI,NO,JSON_ONLY
CN_Final,019_S_4835,019_S_4835_Resting_State_fMRI_20130115131516_501.json,C:\Users\krish\FYP\NIfTI\NIfTI\CN_Final\019_S_4835\019_S_4835_Resting_State_fMRI_20130115131516_501.json,501,20130115131516,Resting State fMRI,NO,JSON_ONLY
CN_Final,031_S_4032,031_S_4032_WIP_Resting_State_fMRI_20130509092815_501.json,C:\Users\krish\FYP\NIfTI\NIfTI\CN_Final\031_S_4032\031_S_4032_WIP_Resting_State_fMRI_20130509092815_501.json,501,20130509092815,Resting State fMRI,NO,JSON_ONLY
CN_Final,031_S_4218,031_S_4218_WIP_Resting_State_fMRI_20121002133556_601.json,C:\Users\krish\FYP\NIfTI\NIfTI\CN_Final\031_S_4218\031_S_4218_WIP_Resting_State_fMRI_20121002133556_601.json,601,20121002133556,Resting State fMRI,NO,JSON_ONLY
CN_Final,031_S_4496,031_S_4496_WIP_Resting_State_fMRI_20140220112140_501.json,C:\Users\krish\FYP\NIfTI\NIfTI\CN_Final\031_S_4496\031_S_4496_WIP_Resting_State_fMRI_20140220112140_501.json,501,20140220112140,Resting State fMRI,NO,JSON_ONLY
CN_Final,130_S_4343,130_S_4343_Resting_State_fMRI_20131114094612_501.json,C:\Users\krish\FYP\NIfTI\NIfTI\CN_Final\130_S_4343\130_S_4343_Resting_State_fMRI_20131114094612_501.json,501,20131114094612,Resting State fMRI,NO,JSON_ONLY
CN_Final,136_S_0186,136_S_0186_Resting_State_fMRI_20121011130857_501.json,C:\Users\krish\FYP\NIfTI\NIfTI\CN_Final\136_S_0186\136_S_0186_Resting_State_fMRI_20121011130857_501.json,501,20121011130857,Resting State fMRI,NO,JSON_ONLY
EMCI,002_S_4237,002_S_4237_Resting_State_fMRI_20120503141207_501.json,C:\Users\krish\FYP\NIfTI\NIfTI\EMCI\002_S_4237\002_S_4237_Resting_State_fMRI_20120503141207_501.json,501,20120503141207,Resting State fMRI,NO,JSON_ONLY
EMCI,012_S_4012,012_S_4012_WIP_Resting_State_fMRI_20111107122211_501.json,C:\Users\krish\FYP\NIfTI\NIfTI\EMCI\012_S_4012\012_S_4012_WIP_Resting_State_fMRI_20111107122211_501.json,501,20111107122211,Resting State fMRI,NO,JSON_ONLY
EMCI,013_S_2324,013_S_2324_Resting_State_fMRI_20120417161313_501.json,C:\Users\krish\FYP\NIfTI\NIfTI\EMCI\013_S_2324\013_S_2324_Resting_State_fMRI_20120417161313_501.json,501,20120417161313,Resting State fMRI,NO,JSON_ONLY
EMCI,013_S_4268,013_S_4268_Resting_State_fMRI_20120523143432_501.json,C:\Users\krish\FYP\NIfTI\NIfTI\EMCI\013_S_4268\013_S_4268_Resting_State_fMRI_20120523143432_501.json,501,20120523143432,Resting State fMRI,NO,JSON_ONLY
EMCI,013_S_4917,013_S_4917_Resting_State_fMRI_20130320115625_501.json,C:\Users\krish\FYP\NIfTI\NIfTI\EMCI\013_S_4917\013_S_4917_Resting_State_fMRI_20130320115625_501.json,501,20130320115625,Resting State fMRI,NO,JSON_ONLY
EMCI,018_S_2155,018_S_2155_WIP_Resting_State_fMRI_20110701131206_501.json,C:\Users\krish\FYP\NIfTI\NIfTI\EMCI\018_S_2155\018_S_2155_WIP_Resting_State_fMRI_20110701131206_501.json,501,20110701131206,Resting State fMRI,NO,JSON_ONLY
EMCI,018_S_4597,018_S_4597_WIP_Resting_State_fMRI_20130311101535_501.json,C:\Users\krish\FYP\NIfTI\NIfTI\EMCI\018_S_4597\018_S_4597_WIP_Resting_State_fMRI_20130311101535_501.json,501,20130311101535,Resting State fMRI,NO,JSON_ONLY
EMCI,018_S_4809,018_S_4809_WIP_Resting_State_fMRI_20130108104016_501.json,C:\Users\krish\FYP\NIfTI\NIfTI\EMCI\018_S_4809\018_S_4809_WIP_Resting_State_fMRI_20130108104016_501.json,501,20130108104016,Resting State fMRI,NO,JSON_ONLY
EMCI,018_S_4868,018_S_4868_WIP_Resting_State_fMRI_20130211090227_501.json,C:\Users\krish\FYP\NIfTI\NIfTI\EMCI\018_S_4868\018_S_4868_WIP_Resting_State_fMRI_20130211090227_501.json,501,20130211090227,Resting State fMRI,NO,JSON_ONLY
EMCI,019_S_4680,019_S_4680_Resting_State_fMRI_20121029125616_501.json,C:\Users\krish\FYP\NIfTI\NIfTI\EMCI\019_S_4680\019_S_4680_Resting_State_fMRI_20121029125616_501.json,501,20121029125616,Resting State fMRI,NO,JSON_ONLY
EMCI,031_S_2018,031_S_2018_WIP_Resting_State_fMRI_20110131140823_501.json,C:\Users\krish\FYP\NIfTI\NIfTI\EMCI\031_S_2018\031_S_2018_WIP_Resting_State_fMRI_20110131140823_501.json,501,20110131140823,Resting State fMRI,NO,JSON_ONLY
EMCI,031_S_2018,031_S_2018_WIP_Resting_State_fMRI_20110627143001_601.json,C:\Users\krish\FYP\NIfTI\NIfTI\EMCI\031_S_2018\031_S_2018_WIP_Resting_State_fMRI_20110627143001_601.json,601,20110627143001,Resting State fMRI,NO,JSON_ONLY
EMCI,031_S_2022,031_S_2022_Resting_State_fMRI_20110215090021_501.json,C:\Users\krish\FYP\NIfTI\NIfTI\EMCI\031_S_2022\031_S_2022_Resting_State_fMRI_20110215090021_501.json,501,20110215090021,Resting State fMRI,NO,JSON_ONLY
EMCI,031_S_2233,031_S_2233_WIP_Resting_State_fMRI_20110613161310_501.json,C:\Users\krish\FYP\NIfTI\NIfTI\EMCI\031_S_2233\031_S_2233_WIP_Resting_State_fMRI_20110613161310_501.json,501,20110613161310,Resting State fMRI,NO,JSON_ONLY
EMCI,031_S_2233,031_S_2233_WIP_Resting_State_fMRI_20120105121317_801.json,C:\Users\krish\FYP\NIfTI\NIfTI\EMCI\031_S_2233\031_S_2233_WIP_Resting_State_fMRI_20120105121317_801.json,801,20120105121317,Resting State fMRI,NO,JSON_ONLY
LMCI,002_S_4171,002_S_4171_Resting_State_fMRI_20110808171700_501.json,C:\Users\krish\FYP\NIfTI\NIfTI\LMCI\002_S_4171\002_S_4171_Resting_State_fMRI_20110808171700_501.json,501,20110808171700,Resting State fMRI,NO,JSON_ONLY
LMCI,002_S_4171,002_S_4171_Resting_State_fMRI_20120229125052_501.json,C:\Users\krish\FYP\NIfTI\NIfTI\LMCI\002_S_4171\002_S_4171_Resting_State_fMRI_20120229125052_501.json,501,20120229125052,Resting State fMRI,NO,JSON_ONLY
LMCI,002_S_4219,002_S_4219_Resting_State_fMRI_20120323165321_501.json,C:\Users\krish\FYP\NIfTI\NIfTI\LMCI\002_S_4219\002_S_4219_Resting_State_fMRI_20120323165321_501.json,501,20120323165321,Resting State fMRI,NO,JSON_ONLY
LMCI,002_S_4251,002_S_4251_Resting_State_fMRI_20120417172207_701.json,C:\Users\krish\FYP\NIfTI\NIfTI\LMCI\002_S_4251\002_S_4251_Resting_State_fMRI_20120417172207_701.json,701,20120417172207,Resting State fMRI,NO,JSON_ONLY
LMCI,002_S_4521,002_S_4521_Resting_State_fMRI_20120904123335_501.json,C:\Users\krish\FYP\NIfTI\NIfTI\LMCI\002_S_4521\002_S_4521_Resting_State_fMRI_20120904123335_501.json,501,20120904123335,Resting State fMRI,NO,JSON_ONLY
LMCI,002_S_4654,002_S_4654_Resting_State_fMRI_20121023071342_501.json,C:\Users\krish\FYP\NIfTI\NIfTI\LMCI\002_S_4654\002_S_4654_Resting_State_fMRI_20121023071342_501.json,501,20121023071342,Resting State fMRI,NO,JSON_ONLY
LMCI,002_S_4746,002_S_4746_Resting_State_fMRI_20121211152153_501.json,C:\Users\krish\FYP\NIfTI\NIfTI\LMCI\002_S_4746\002_S_4746_Resting_State_fMRI_20121211152153_501.json,501,20121211152153,Resting State fMRI,NO,JSON_ONLY
LMCI,006_S_4346,006_S_4346_WIP_Resting_State_fMRI_20120524084456_601.json,C:\Users\krish\FYP\NIfTI\NIfTI\LMCI\006_S_4346\006_S_4346_WIP_Resting_State_fMRI_20120524084456_601.json,601,20120524084456,Resting State fMRI,NO,JSON_ONLY
LMCI,006_S_4363,006_S_4363_WIP_Resting_State_fMRI_20120619135852_501.json,C:\Users\krish\FYP\NIfTI\NIfTI\LMCI\006_S_4363\006_S_4363_WIP_Resting_State_fMRI_20120619135852_501.json,501,20120619135852,Resting State fMRI,NO,JSON_ONLY
LMCI,006_S_4363,006_S_4363_WIP_Resting_State_fMRI_20120619135852_601.json,C:\Users\krish\FYP\NIfTI\NIfTI\LMCI\006_S_4363\006_S_4363_WIP_Resting_State_fMRI_20120619135852_601.json,601,20120619135852,Resting State fMRI,NO,JSON_ONLY
LMCI,006_S_4515,006_S_4515_WIP_Resting_State_fMRI_20130314114338_501.json,C:\Users\krish\FYP\NIfTI\NIfTI\LMCI\006_S_4515\006_S_4515_WIP_Resting_State_fMRI_20130314114338_501.json,501,20130314114338,Resting State fMRI,NO,JSON_ONLY
LMCI,013_S_4595,013_S_4595_Resting_State_fMRI_20121024160050_501.json,C:\Users\krish\FYP\NIfTI\NIfTI\LMCI\013_S_4595\013_S_4595_Resting_State_fMRI_20121024160050_501.json,501,20121024160050,Resting State fMRI,NO,JSON_ONLY
LMCI,018_S_4889,018_S_4889_WIP_Resting_State_fMRI_20130228100754_601.json,C:\Users\krish\FYP\NIfTI\NIfTI\LMCI\018_S_4889\018_S_4889_WIP_Resting_State_fMRI_20130228100754_601.json,601,20130228100754,Resting State fMRI,NO,JSON_ONLY
LMCI,019_S_4293,019_S_4293_Resting_State_fMRI_20120509115825_401.json,C:\Users\krish\FYP\NIfTI\NIfTI\LMCI\019_S_4293\019_S_4293_Resting_State_fMRI_20120509115825_401.json,401,20120509115825,Resting State fMRI,NO,JSON_ONLY
LMCI,019_S_4548,019_S_4548_Resting_State_fMRI_20120827112137_501.json,C:\Users\krish\FYP\NIfTI\NIfTI\LMCI\019_S_4548\019_S_4548_Resting_State_fMRI_20120827112137_501.json,501,20120827112137,Resting State fMRI,NO,JSON_ONLY
LMCI,031_S_4194,031_S_4194_WIP_Resting_State_fMRI_20120228125625_501.json,C:\Users\krish\FYP\NIfTI\NIfTI\LMCI\031_S_4194\031_S_4194_WIP_Resting_State_fMRI_20120228125625_501.json,501,20120228125625,Resting State fMRI,NO,JSON_ONLY
LMCI,031_S_4203,031_S_4203_WIP_Resting_State_fMRI_20120320121200_701.json,C:\Users\krish\FYP\NIfTI\NIfTI\LMCI\031_S_4203\031_S_4203_WIP_Resting_State_fMRI_20120320121200_701.json,701,20120320121200,Resting State fMRI,NO,JSON_ONLY
LMCI,031_S_4203,031_S_4203_WIP_Resting_State_fMRI_20120926135547_601.json,C:\Users\krish\FYP\NIfTI\NIfTI\LMCI\031_S_4203\031_S_4203_WIP_Resting_State_fMRI_20120926135547_601.json,601,20120926135547,Resting State fMRI,NO,JSON_ONLY
LMCI,031_S_4590,031_S_4590_WIP_Resting_State_fMRI_20121001144850_501.json,C:\Users\krish\FYP\NIfTI\NIfTI\LMCI\031_S_4590\031_S_4590_WIP_Resting_State_fMRI_20121001144850_501.json,501,20121001144850,Resting State fMRI,NO,JSON_ONLY
LMCI,130_S_4250,130_S_4250_WIP_Resting_State_fMRI_20120411101533_601.json,C:\Users\krish\FYP\NIfTI\NIfTI\LMCI\130_S_4250\130_S_4250_WIP_Resting_State_fMRI_20120411101533_601.json,601,20120411101533,Resting State fMRI,NO,JSON_ONLY
LMCI,130_S_4542,130_S_4542_WIP_Resting_State_fMRI_20120905131830_501.json,C:\Users\krish\FYP\NIfTI\NIfTI\LMCI\130_S_4542\130_S_4542_WIP_Resting_State_fMRI_20120905131830_501.json,501,20120905131830,Resting State fMRI,NO,JSON_ONLY
LMCI,130_S_4605,130_S_4605_Resting_State_fMRI_20121019110807_501.json,C:\Users\krish\FYP\NIfTI\NIfTI\LMCI\130_S_4605\130_S_4605_Resting_State_fMRI_20121019110807_501.json,501,20121019110807,Resting State fMRI,NO,JSON_ONLY
LMCI,130_S_4817,130_S_4817_Resting_State_fMRI_20130122083214_601.json,C:\Users\krish\FYP\NIfTI\NIfTI\LMCI\130_S_4817\130_S_4817_Resting_State_fMRI_20130122083214_601.json,601,20130122083214,Resting State fMRI,NO,JSON_ONLY
MCI,002_S_0729,002_S_0729_Resting_State_fMRI_20110816150745_501.json,C:\Users\krish\FYP\NIfTI\NIfTI\MCI\002_S_0729\002_S_0729_Resting_State_fMRI_20110816150745_501.json,501,20110816150745,Resting State fMRI,NO,JSON_ONLY
MCI,002_S_1155,002_S_1155_Resting_State_fMRI_20121220121612_501.json,C:\Users\krish\FYP\NIfTI\NIfTI\MCI\002_S_1155\002_S_1155_Resting_State_fMRI_20121220121612_501.json,501,20121220121612,Resting State fMRI,NO,JSON_ONLY
MCI,002_S_1268,002_S_1268_Resting_State_fMRI_20120322081204_501.json,C:\Users\krish\FYP\NIfTI\NIfTI\MCI\002_S_1268\002_S_1268_Resting_State_fMRI_20120322081204_501.json,501,20120322081204,Resting State fMRI,NO,JSON_ONLY
MCI,002_S_4229,002_S_4229_Resting_State_fMRI_20120410072800_501.json,C:\Users\krish\FYP\NIfTI\NIfTI\MCI\002_S_4229\002_S_4229_Resting_State_fMRI_20120410072800_501.json,501,20120410072800,Resting State fMRI,NO,JSON_ONLY
MCI,002_S_4229,002_S_4229_Resting_State_fMRI_20120918120730_501.json,C:\Users\krish\FYP\NIfTI\NIfTI\MCI\002_S_4229\002_S_4229_Resting_State_fMRI_20120918120730_501.json,501,20120918120730,Resting State fMRI,NO,JSON_ONLY
MCI,002_S_4799,002_S_4799_Resting_State_fMRI_20130702065742_601.json,C:\Users\krish\FYP\NIfTI\NIfTI\MCI\002_S_4799\002_S_4799_Resting_State_fMRI_20130702065742_601.json,601,20130702065742,Resting State fMRI,NO,JSON_ONLY
MCI,013_S_2389,013_S_2389_Resting_State_fMRI_20120215161724_501.json,C:\Users\krish\FYP\NIfTI\NIfTI\MCI\013_S_2389\013_S_2389_Resting_State_fMRI_20120215161724_501.json,501,20120215161724,Resting State fMRI,NO,JSON_ONLY
MCI,100_S_4556,100_S_4556_Resting_State_fMRI_20121126104757_501.json,C:\Users\krish\FYP\NIfTI\NIfTI\MCI\100_S_4556\100_S_4556_Resting_State_fMRI_20121126104757_501.json,501,20121126104757,Resting State fMRI,NO,JSON_ONLY
MCI,130_S_4294,130_S_4294_WIP_Resting_State_fMRI_20120515085854_501.json,C:\Users\krish\FYP\NIfTI\NIfTI\MCI\130_S_4294\130_S_4294_WIP_Resting_State_fMRI_20120515085854_501.json,501,20120515085854,Resting State fMRI,NO,JSON_ONLY
UNKNOWN,002_S_5230,002_S_5230_Resting_State_fMRI_20130923071859_501.json,C:\Users\krish\FYP\NIfTI\NIfTI\SMC_Final\002_S_5230\002_S_5230_Resting_State_fMRI_20130923071859_501.json,501,20130923071859,Resting State fMRI,NO,JSON_ONLY
UNKNOWN,002_S_5230,002_S_5230_Resting_State_fMRI_20140124084608_501.json,C:\Users\krish\FYP\NIfTI\NIfTI\SMC_Final\002_S_5230\002_S_5230_Resting_State_fMRI_20140124084608_501.json,501,20140124084608,Resting State fMRI,NO,JSON_ONLY
UNKNOWN,012_S_5121,012_S_5121_Resting_State_fMRI_20130315121050_501.json,C:\Users\krish\FYP\NIfTI\NIfTI\SMC_Final\012_S_5121\012_S_5121_Resting_State_fMRI_20130315121050_501.json,501,20130315121050,Resting State fMRI,NO,JSON_ONLY
UNKNOWN,012_S_5195,012_S_5195_Resting_State_fMRI_20130614141931_501.json,C:\Users\krish\FYP\NIfTI\NIfTI\SMC_Final\012_S_5195\012_S_5195_Resting_State_fMRI_20130614141931_501.json,501,20130614141931,Resting State fMRI,NO,JSON_ONLY
UNKNOWN,012_S_5213,012_S_5213_Resting_State_fMRI_20130710125726_501.json,C:\Users\krish\FYP\NIfTI\NIfTI\SMC_Final\012_S_5213\012_S_5213_Resting_State_fMRI_20130710125726_501.json,501,20130710125726,Resting State fMRI,NO,JSON_ONLY
UNKNOWN,018_S_5250,018_S_5250_WIP_Resting_State_fMRI_20130808124511_501.json,C:\Users\krish\FYP\NIfTI\NIfTI\SMC_Final\018_S_5250\018_S_5250_WIP_Resting_State_fMRI_20130808124511_501.json,501,20130808124511,Resting State fMRI,NO,JSON_ONLY
UNKNOWN,019_S_5242,019_S_5242_Resting_State_fMRI_20130702124503_701.json,C:\Users\krish\FYP\NIfTI\NIfTI\SMC_Final\019_S_5242\019_S_5242_Resting_State_fMRI_20130702124503_701.json,701,20130702124503,Resting State fMRI,NO,JSON_ONLY
UNKNOWN,019_S_5242,019_S_5242_Resting_State_fMRI_20140117140335_601.json,C:\Users\krish\FYP\NIfTI\NIfTI\SMC_Final\019_S_5242\019_S_5242_Resting_State_fMRI_20140117140335_601.json,601,20140117140335,Resting State fMRI,NO,JSON_ONLY
UNKNOWN,053_S_5202,053_S_5202_WIP_Resting_State_fMRI_20130607121216_501.json,C:\Users\krish\FYP\NIfTI\NIfTI\SMC_Final\053_S_5202\053_S_5202_WIP_Resting_State_fMRI_20130607121216_501.json,501,20130607121216,Resting State fMRI,NO,JSON_ONLY
UNKNOWN,053_S_5202,053_S_5202_WIP_Resting_State_fMRI_20130920091211_501.json,C:\Users\krish\FYP\NIfTI\NIfTI\SMC_Final\053_S_5202\053_S_5202_WIP_Resting_State_fMRI_20130920091211_501.json,501,20130920091211,Resting State fMRI,NO,JSON_ONLY
UNKNOWN,053_S_5272,053_S_5272_WIP_Resting_State_fMRI_20130812080932_501.json,C:\Users\krish\FYP\NIfTI\NIfTI\SMC_Final\053_S_5272\053_S_5272_WIP_Resting_State_fMRI_20130812080932_501.json,501,20130812080932,Resting State fMRI,NO,JSON_ONLY
UNKNOWN,053_S_5287,053_S_5287_WIP_Resting_State_fMRI_20130910165518_501.json,C:\Users\krish\FYP\NIfTI\NIfTI\SMC_Final\053_S_5287\053_S_5287_WIP_Resting_State_fMRI_20130910165518_501.json,501,20130910165518,Resting State fMRI,NO,JSON_ONLY
UNKNOWN,100_S_5096,100_S_5096_Resting_State_fMRI_20130328132018_501.json,C:\Users\krish\FYP\NIfTI\NIfTI\SMC_Final\100_S_5096\100_S_5096_Resting_State_fMRI_20130328132018_501.json,501,20130328132018,Resting State fMRI,NO,JSON_ONLY
UNKNOWN,100_S_5102,100_S_5102_Resting_State_fMRI_20130329110911_501.json,C:\Users\krish\FYP\NIfTI\NIfTI\SMC_Final\100_S_5102\100_S_5102_Resting_State_fMRI_20130329110911_501.json,501,20130329110911,Resting State fMRI,NO,JSON_ONLY
UNKNOWN,100_S_5280,100_S_5280_Resting_State_fMRI_20130816120412_501.json,C:\Users\krish\FYP\NIfTI\NIfTI\SMC_Final\100_S_5280\100_S_5280_Resting_State_fMRI_20130816120412_501.json,501,20130816120412,Resting State fMRI,NO,JSON_ONLY
UNKNOWN,100_S_5280,100_S_5280_Resting_State_fMRI_20150929141020_501.json,C:\Users\krish\FYP\NIfTI\NIfTI\SMC_Final\100_S_5280\100_S_5280_Resting_State_fMRI_20150929141020_501.json,501,20150929141020,Resting State fMRI,NO,JSON_ONLY
UNKNOWN,130_S_5142,130_S_5142_Resting_State_fMRI_20130419142414_501.json,C:\Users\krish\FYP\NIfTI\NIfTI\SMC_Final\130_S_5142\130_S_5142_Resting_State_fMRI_20130419142414_501.json,501,20130419142414,Resting State fMRI,NO,JSON_ONLY
UNKNOWN,130_S_5142,130_S_5142_Resting_State_fMRI_20130726104415_501.json,C:\Users\krish\FYP\NIfTI\NIfTI\SMC_Final\130_S_5142\130_S_5142_Resting_State_fMRI_20130726104415_501.json,501,20130726104415,Resting State fMRI,NO,JSON_ONLY
UNKNOWN,130_S_5258,130_S_5258_Resting_State_fMRI_20130718071910_501.json,C:\Users\krish\FYP\NIfTI\NIfTI\SMC_Final\130_S_5258\130_S_5258_Resting_State_fMRI_20130718071910_501.json,501,20130718071910,Resting State fMRI,NO,JSON_ONLY
UNKNOWN,131_S_5148,131_S_5148_Resting_State_fMRI_20130418065419_501.json,C:\Users\krish\FYP\NIfTI\NIfTI\SMC_Final\131_S_5148\131_S_5148_Resting_State_fMRI_20130418065419_501.json,501,20130418065419,Resting State fMRI,NO,JSON_ONLY
