subject_id,image_id,diagnostic_group,filename,full_path,file_type,file_size,nifti_valid,json_exists,dimensions,x_dim,y_dim,z_dim,timepoints,voxel_size,TR,slice_timing_available,phase_encoding_available,acquisition_datetime,t1w_available,status,reason,recommendation
002_S_0685,501,CN_Final,002_S_0685_Resting_State_fMRI_20110708070427_501.json,c:\Users\krish\FYP\NIfTI\NIfTI\CN_Final\002_S_0685\002_S_0685_Resting_State_fMRI_20110708070427_501.nii.gz,rs-fMRI,30338009,True,True,4,64,64,48,140,"(np.float32(3.3125), np.float32(3.3125), np.float32(3.3125), np.float32(6.0215826))",6.02158,False,False,20110708070427,False,MULTIPLE_ACQUISITION,Multiple scans for subject,Review to determine session/run
010_S_4442,501,CN_Final,010_S_4442_Resting_State_fMRI_20121203120121_501.json,c:\Users\krish\FYP\NIfTI\NIfTI\CN_Final\010_S_4442\010_S_4442_Resting_State_fMRI_20121203120121_501.nii.gz,rs-fMRI,28505877,True,True,4,64,64,48,140,"(np.float32(3.3125), np.float32(3.3125), np.float32(3.312501), np.float32(3.0))",3,False,False,20121203120121,False,MULTIPLE_ACQUISITION,Multiple scans for subject,Review to determine session/run
012_S_4128,501,EMCI,012_S_4128_Resting_State_fMRI_20130805083817_501.json,c:\Users\krish\FYP\NIfTI\NIfTI\EMCI\012_S_4128\012_S_4128_Resting_State_fMRI_20130805083817_501.nii.gz,rs-fMRI,49148075,True,True,4,80,80,48,140,"(np.float32(3.025), np.float32(3.025), np.float32(3.313), np.float32(3.0))",3,False,False,20130805083817,False,MULTIPLE_ACQUISITION,Multiple scans for subject,Review to determine session/run
012_S_4128,501,EMCI,012_S_4128_WIP_Resting_State_fMRI_20120306102645_501.json,c:\Users\krish\FYP\NIfTI\NIfTI\EMCI\012_S_4128\012_S_4128_WIP_Resting_State_fMRI_20120306102645_501.nii.gz,rs-fMRI,27557942,True,True,4,64,64,48,140,"(np.float32(3.3125), np.float32(3.3125), np.float32(3.313), np.float32(3.0))",3,False,False,20120306102645,False,MULTIPLE_ACQUISITION,Multiple scans for subject,Review to determine session/run
002_S_0729,501,MCI,002_S_0729_Resting_State_fMRI_20110816150745_501.json,c:\Users\krish\FYP\NIfTI\NIfTI\MCI\002_S_0729\002_S_0729_Resting_State_fMRI_20120807072109_501.nii.gz,rs-fMRI,29948093,True,True,4,64,64,48,140,"(np.float32(3.3125), np.float32(3.3125), np.float32(3.3125), np.float32(3.0009983))",6.02158,False,False,20110816150745,False,MULTIPLE_ACQUISITION,Multiple scans for subject,Review to determine session/run
002_S_0729,501,MCI,002_S_0729_Resting_State_fMRI_20120807072109_501.json,c:\Users\krish\FYP\NIfTI\NIfTI\MCI\002_S_0729\002_S_0729_Resting_State_fMRI_20130816131444_501.nii.gz,rs-fMRI,30123986,True,True,4,64,64,48,140,"(np.float32(3.3125), np.float32(3.3125), np.float32(3.3124962), np.float32(3.0009983))",3.001,False,False,20120807072109,False,MULTIPLE_ACQUISITION,Multiple scans for subject,Review to determine session/run
002_S_1155,501,MCI,002_S_1155_Resting_State_fMRI_20111222093538_501.json,c:\Users\krish\FYP\NIfTI\NIfTI\MCI\002_S_1155\002_S_1155_Resting_State_fMRI_20111222093538_501.nii.gz,rs-fMRI,29071305,True,True,4,64,64,48,140,"(np.float32(3.3125), np.float32(3.3125), np.float32(3.3125), np.float32(3.0009983))",3.001,False,False,20111222093538,False,MULTIPLE_ACQUISITION,Multiple scans for subject,Review to determine session/run
002_S_1155,501,MCI,002_S_1155_Resting_State_fMRI_20121220121612_501.json,c:\Users\krish\FYP\NIfTI\NIfTI\MCI\002_S_1155\002_S_1155_Resting_State_fMRI_20140109094525_501.nii.gz,rs-fMRI,31244022,True,True,4,64,64,48,140,"(np.float32(3.3125), np.float32(3.3125), np.float32(3.3125), np.float32(3.0009983))",6.02158,False,False,20121220121612,False,MULTIPLE_ACQUISITION,Multiple scans for subject,Review to determine session/run
002_S_1268,501,MCI,002_S_1268_Resting_State_fMRI_20110413141227_501.json,c:\Users\krish\FYP\NIfTI\NIfTI\MCI\002_S_1268\002_S_1268_Resting_State_fMRI_20110413141227_501.nii.gz,rs-fMRI,31336327,True,True,4,64,64,48,140,"(np.float32(3.3125), np.float32(3.3125), np.float32(3.3125), np.float32(3.0))",3,False,False,20110413141227,False,MULTIPLE_ACQUISITION,Multiple scans for subject,Review to determine session/run
002_S_4229,601,MCI,002_S_4229_Resting_State_fMRI_20131016191144_601.json,c:\Users\krish\FYP\NIfTI\NIfTI\MCI\002_S_4229\002_S_4229_Resting_State_fMRI_20131016191144_601.nii.gz,rs-fMRI,31621624,True,True,4,64,64,48,140,"(np.float32(3.3125), np.float32(3.3125), np.float32(3.3125), np.float32(3.0009983))",3.001,False,False,20131016191144,False,MULTIPLE_ACQUISITION,Multiple scans for subject,Review to determine session/run
002_S_4799,501,MCI,002_S_4799_Resting_State_fMRI_20130110170144_501.json,c:\Users\krish\FYP\NIfTI\NIfTI\MCI\002_S_4799\002_S_4799_Resting_State_fMRI_20130110170144_501.nii.gz,rs-fMRI,31050428,True,True,4,64,64,48,140,"(np.float32(3.3125), np.float32(3.3125), np.float32(3.3125), np.float32(6.0215826))",6.02158,False,False,20130110170144,False,MULTIPLE_ACQUISITION,Multiple scans for subject,Review to determine session/run
006_S_4713,501,MCI,006_S_4713_WIP_Resting_State_fMRI_20121128113857_501.json,c:\Users\krish\FYP\NIfTI\NIfTI\MCI\006_S_4713\006_S_4713_WIP_Resting_State_fMRI_20121128113857_501.nii.gz,rs-fMRI,29654849,True,True,4,64,64,48,140,"(np.float32(3.3125), np.float32(3.3125), np.float32(3.3125), np.float32(3.0))",3,False,False,20121128113857,False,MULTIPLE_ACQUISITION,Multiple scans for subject,Review to determine session/run
006_S_4713,601,MCI,006_S_4713_WIP_Resting_State_fMRI_20121128113857_601.json,c:\Users\krish\FYP\NIfTI\NIfTI\MCI\006_S_4713\006_S_4713_WIP_Resting_State_fMRI_20121128113857_601.nii.gz,rs-fMRI,30124265,True,True,4,64,64,48,140,"(np.float32(3.3125), np.float32(3.3125), np.float32(3.3125), np.float32(3.0))",3,False,False,20121128113857,False,MULTIPLE_ACQUISITION,Multiple scans for subject,Review to determine session/run
006_S_4713,601,MCI,006_S_4713_WIP_Resting_State_fMRI_20130612133514_601.json,c:\Users\krish\FYP\NIfTI\NIfTI\MCI\006_S_4713\006_S_4713_WIP_Resting_State_fMRI_20130612133514_601.nii.gz,rs-fMRI,28875699,True,True,4,64,64,48,140,"(np.float32(3.3125), np.float32(3.3125), np.float32(3.3125), np.float32(3.0))",3,False,False,20130612133514,False,MULTIPLE_ACQUISITION,Multiple scans for subject,Review to determine session/run
013_S_1186,601,MCI,013_S_1186_Resting_State_fMRI_20110223111215_601.json,c:\Users\krish\FYP\NIfTI\NIfTI\MCI\013_S_1186\013_S_1186_Resting_State_fMRI_20110223111215_601.nii.gz,rs-fMRI,28732473,True,True,4,64,64,48,140,"(np.float32(3.3125), np.float32(3.3125), np.float32(3.3125), np.float32(3.0))",3,False,False,20110223111215,False,MULTIPLE_ACQUISITION,Multiple scans for subject,Review to determine session/run
013_S_1186,501,MCI,013_S_1186_Resting_State_fMRI_20120216164155_501.json,c:\Users\krish\FYP\NIfTI\NIfTI\MCI\013_S_1186\013_S_1186_Resting_State_fMRI_20120216164155_501.nii.gz,rs-fMRI,29810485,True,True,4,64,64,48,140,"(np.float32(3.3125), np.float32(3.3125), np.float32(3.3125), np.float32(3.0))",3,False,False,20120216164155,False,MULTIPLE_ACQUISITION,Multiple scans for subject,Review to determine session/run
013_S_1186,501,MCI,013_S_1186_Resting_State_fMRI_20130129150419_501.json,c:\Users\krish\FYP\NIfTI\NIfTI\MCI\013_S_1186\013_S_1186_Resting_State_fMRI_20130129150419_501.nii.gz,rs-fMRI,30111318,True,True,4,64,64,48,140,"(np.float32(3.3125), np.float32(3.3125), np.float32(3.3125), np.float32(3.0))",3,False,False,20130129150419,False,MULTIPLE_ACQUISITION,Multiple scans for subject,Review to determine session/run
013_S_2389,501,MCI,013_S_2389_Resting_State_fMRI_20120215161724_501.json,c:\Users\krish\FYP\NIfTI\NIfTI\MCI\013_S_2389\013_S_2389_Resting_State_fMRI_20121010171113_501.nii.gz,rs-fMRI,28734132,True,True,4,64,64,48,140,"(np.float32(3.3125), np.float32(3.3125), np.float32(3.3125), np.float32(3.0))",3,False,False,20120215161724,False,MULTIPLE_ACQUISITION,Multiple scans for subject,Review to determine session/run
018_S_2180,501,MCI,018_S_2180_WIP_Resting_State_fMRI_20110726085824_501.json,c:\Users\krish\FYP\NIfTI\NIfTI\MCI\018_S_2180\018_S_2180_WIP_Resting_State_fMRI_20110726085824_501.nii.gz,rs-fMRI,28662857,True,True,4,64,64,48,140,"(np.float32(3.3125), np.float32(3.3125), np.float32(3.3125), np.float32(3.0))",3,False,False,20110726085824,False,MULTIPLE_ACQUISITION,Multiple scans for subject,Review to determine session/run
018_S_2180,501,MCI,018_S_2180_WIP_Resting_State_fMRI_20120127115319_501.json,c:\Users\krish\FYP\NIfTI\NIfTI\MCI\018_S_2180\018_S_2180_WIP_Resting_State_fMRI_20120127115319_501.nii.gz,rs-fMRI,29095250,True,True,4,64,64,48,140,"(np.float32(3.3125), np.float32(3.3125), np.float32(3.3125), np.float32(3.0))",3,False,False,20120127115319,False,MULTIPLE_ACQUISITION,Multiple scans for subject,Review to determine session/run
018_S_2180,901,MCI,018_S_2180_WIP_Resting_State_fMRI_20130102123650_901.json,c:\Users\krish\FYP\NIfTI\NIfTI\MCI\018_S_2180\018_S_2180_WIP_Resting_State_fMRI_20130102123650_901.nii.gz,rs-fMRI,29313691,True,True,4,64,64,48,140,"(np.float32(3.3125), np.float32(3.3125), np.float32(3.3125), np.float32(3.0))",3,False,False,20130102123650,False,MULTIPLE_ACQUISITION,Multiple scans for subject,Review to determine session/run
018_S_2180,601,MCI,018_S_2180_WIP_Resting_State_fMRI_20140107105839_601.json,c:\Users\krish\FYP\NIfTI\NIfTI\MCI\018_S_2180\018_S_2180_WIP_Resting_State_fMRI_20140107105839_601.nii.gz,rs-fMRI,28308717,True,True,4,64,64,48,140,"(np.float32(3.3125), np.float32(3.3125), np.float32(3.3125), np.float32(3.0))",3,False,False,20140107105839,False,MULTIPLE_ACQUISITION,Multiple scans for subject,Review to determine session/run
053_S_0919,701,MCI,053_S_0919_WIP_Resting_State_fMRI_20130104133039_701.json,c:\Users\krish\FYP\NIfTI\NIfTI\MCI\053_S_0919\053_S_0919_WIP_Resting_State_fMRI_20130104133039_701.nii.gz,rs-fMRI,29623898,True,True,4,64,64,48,140,"(np.float32(3.3125), np.float32(3.3125), np.float32(3.3125), np.float32(3.0))",3,False,False,20130104133039,False,MULTIPLE_ACQUISITION,Multiple scans for subject,Review to determine session/run
053_S_0919,901,MCI,053_S_0919_WIP_Resting_State_fMRI_20131205141516_901.json,c:\Users\krish\FYP\NIfTI\NIfTI\MCI\053_S_0919\053_S_0919_WIP_Resting_State_fMRI_20131205141516_901.nii.gz,rs-fMRI,29427903,True,True,4,64,64,48,140,"(np.float32(3.3125), np.float32(3.3125), np.float32(3.3125), np.float32(2.9999979))",3,False,False,20131205141516,False,MULTIPLE_ACQUISITION,Multiple scans for subject,Review to determine session/run
053_S_4813,501,MCI,053_S_4813_WIP_Resting_State_fMRI_20130110145000_501.json,c:\Users\krish\FYP\NIfTI\NIfTI\MCI\053_S_4813\053_S_4813_WIP_Resting_State_fMRI_20130110145000_501.nii.gz,rs-fMRI,28651049,True,True,4,64,64,48,140,"(np.float32(3.3125), np.float32(3.3125), np.float32(3.3125), np.float32(3.0))",3,False,False,20130110145000,False,MULTIPLE_ACQUISITION,Multiple scans for subject,Review to determine session/run
053_S_4813,501,MCI,053_S_4813_WIP_Resting_State_fMRI_20130731113808_501.json,c:\Users\krish\FYP\NIfTI\NIfTI\MCI\053_S_4813\053_S_4813_WIP_Resting_State_fMRI_20130731113808_501.nii.gz,rs-fMRI,28787509,True,True,4,64,64,48,140,"(np.float32(3.3125), np.float32(3.3125), np.float32(3.3125), np.float32(2.9999979))",3,False,False,20130731113808,False,MULTIPLE_ACQUISITION,Multiple scans for subject,Review to determine session/run
100_S_4556,501,MCI,100_S_4556_Resting_State_fMRI_20121126104757_501.json,c:\Users\krish\FYP\NIfTI\NIfTI\MCI\100_S_4556\100_S_4556_Resting_State_fMRI_20130606105751_501.nii.gz,rs-fMRI,30200765,True,True,4,64,64,48,140,"(np.float32(3.3125), np.float32(3.3125), np.float32(3.3125), np.float32(3.0))",3,False,False,20121126104757,False,MULTIPLE_ACQUISITION,Multiple scans for subject,Review to determine session/run
130_S_4294,601,MCI,130_S_4294_Resting_State_fMRI_20121127085220_601.json,c:\Users\krish\FYP\NIfTI\NIfTI\MCI\130_S_4294\130_S_4294_Resting_State_fMRI_20121127085220_601.nii.gz,rs-fMRI,28157366,True,True,4,64,64,48,140,"(np.float32(3.3125), np.float32(3.3125), np.float32(3.3125), np.float32(3.0))",3,False,False,20121127085220,False,MULTIPLE_ACQUISITION,Multiple scans for subject,Review to determine session/run
130_S_4294,501,MCI,130_S_4294_Resting_State_fMRI_20131115085607_501.json,c:\Users\krish\FYP\NIfTI\NIfTI\MCI\130_S_4294\130_S_4294_Resting_State_fMRI_20131115085607_501.nii.gz,rs-fMRI,28607963,True,True,4,64,64,48,140,"(np.float32(3.3125), np.float32(3.3125), np.float32(3.3125), np.float32(3.0))",3,False,False,20131115085607,False,MULTIPLE_ACQUISITION,Multiple scans for subject,Review to determine session/run
002_S_5230,501,SMC_Final,002_S_5230_Resting_State_fMRI_20130627072358_501.json,c:\Users\krish\FYP\NIfTI\NIfTI\SMC_Final\002_S_5230\002_S_5230_Resting_State_fMRI_20130627072358_501.nii.gz,rs-fMRI,30121288,True,True,4,64,64,48,140,"(np.float32(3.3125), np.float32(3.3125), np.float32(3.3125), np.float32(3.0009983))",3.001,False,False,20130627072358,False,MULTIPLE_ACQUISITION,Multiple scans for subject,Review to determine session/run
002_S_5256,501,SMC_Final,002_S_5256_Resting_State_fMRI_20130715135848_501.json,c:\Users\krish\FYP\NIfTI\NIfTI\SMC_Final\002_S_5256\002_S_5256_Resting_State_fMRI_20130715135848_501.nii.gz,rs-fMRI,29008204,True,True,4,64,64,48,140,"(np.float32(3.3125), np.float32(3.3125), np.float32(3.3125), np.float32(3.0009983))",3.001,False,False,20130715135848,False,MULTIPLE_ACQUISITION,Multiple scans for subject,Review to determine session/run
002_S_5256,501,SMC_Final,002_S_5256_Resting_State_fMRI_20140219183724_501.json,c:\Users\krish\FYP\NIfTI\NIfTI\SMC_Final\002_S_5256\002_S_5256_Resting_State_fMRI_20140219183724_501.nii.gz,rs-fMRI,29704338,True,True,4,64,64,48,140,"(np.float32(3.3125), np.float32(3.3125), np.float32(3.3125), np.float32(6.023525))",6.02353,False,False,20140219183724,False,MULTIPLE_ACQUISITION,Multiple scans for subject,Review to determine session/run
006_S_5153,601,SMC_Final,006_S_5153_WIP_Resting_State_fMRI_20130422121056_601.json,c:\Users\krish\FYP\NIfTI\NIfTI\SMC_Final\006_S_5153\006_S_5153_WIP_Resting_State_fMRI_20130422121056_601.nii.gz,rs-fMRI,28958100,True,True,4,64,64,48,140,"(np.float32(3.3125), np.float32(3.3125), np.float32(3.3125), np.float32(3.0))",3,False,False,20130422121056,False,MULTIPLE_ACQUISITION,Multiple scans for subject,Review to determine session/run
006_S_5153,501,SMC_Final,006_S_5153_WIP_Resting_State_fMRI_20130802124448_501.json,c:\Users\krish\FYP\NIfTI\NIfTI\SMC_Final\006_S_5153\006_S_5153_WIP_Resting_State_fMRI_20130802124448_501.nii.gz,rs-fMRI,27671220,True,True,4,64,64,48,140,"(np.float32(3.3125), np.float32(3.3125), np.float32(3.3125), np.float32(3.0))",3,False,False,20130802124448,False,MULTIPLE_ACQUISITION,Multiple scans for subject,Review to determine session/run
012_S_5121,501,SMC_Final,012_S_5121_Resting_State_fMRI_20130315121050_501.json,c:\Users\krish\FYP\NIfTI\NIfTI\SMC_Final\012_S_5121\012_S_5121_Resting_State_fMRI_20130628102151_501.nii.gz,rs-fMRI,30732912,True,True,4,64,64,48,140,"(np.float32(3.3125), np.float32(3.3125), np.float32(3.313), np.float32(3.0004416))",3.001,False,False,20130315121050,False,MULTIPLE_ACQUISITION,Multiple scans for subject,Review to determine session/run
012_S_5157,501,SMC_Final,012_S_5157_Resting_State_fMRI_20130516141520_501.json,c:\Users\krish\FYP\NIfTI\NIfTI\SMC_Final\012_S_5157\012_S_5157_Resting_State_fMRI_20130516141520_501.nii.gz,rs-fMRI,32095777,True,True,4,64,64,48,140,"(np.float32(3.3125), np.float32(3.3125), np.float32(3.313), np.float32(3.0004416))",3.00044,False,False,20130516141520,False,MULTIPLE_ACQUISITION,Multiple scans for subject,Review to determine session/run
012_S_5157,501,SMC_Final,012_S_5157_Resting_State_fMRI_20130919102633_501.json,c:\Users\krish\FYP\NIfTI\NIfTI\SMC_Final\012_S_5157\012_S_5157_Resting_State_fMRI_20130919102633_501.nii.gz,rs-fMRI,32562452,True,True,4,64,64,48,140,"(np.float32(3.3125), np.float32(3.3125), np.float32(3.313), np.float32(3.0004416))",3.00044,False,False,20130919102633,False,MULTIPLE_ACQUISITION,Multiple scans for subject,Review to determine session/run
013_S_5137,501,SMC_Final,013_S_5137_Resting_State_fMRI_20130419163152_501.json,c:\Users\krish\FYP\NIfTI\NIfTI\SMC_Final\013_S_5137\013_S_5137_Resting_State_fMRI_20130419163152_501.nii.gz,rs-fMRI,28350000,True,True,4,64,64,48,140,"(np.float32(3.3125), np.float32(3.3125), np.float32(3.3125), np.float32(3.0))",3,False,False,20130419163152,False,MULTIPLE_ACQUISITION,Multiple scans for subject,Review to determine session/run
013_S_5137,501,SMC_Final,013_S_5137_Resting_State_fMRI_20130724150050_501.json,c:\Users\krish\FYP\NIfTI\NIfTI\SMC_Final\013_S_5137\013_S_5137_Resting_State_fMRI_20130724150050_501.nii.gz,rs-fMRI,28929411,True,True,4,64,64,48,140,"(np.float32(3.3125), np.float32(3.3125), np.float32(3.3125), np.float32(3.0))",3,False,False,20130724150050,False,MULTIPLE_ACQUISITION,Multiple scans for subject,Review to determine session/run
002_S_0685,501,CN_Final,002_S_0685_Resting_State_fMRI_20110708070427_501.nii,c:\Users\krish\FYP\NIfTI\NIfTI\CN_Final\002_S_0685\002_S_0685_Resting_State_fMRI_20110708070427_501.nii\002_S_0685_Resting_State_fMRI_20110708070427_501.nii,rs-fMRI,55050592,True,False,4,64,64,48,140,"(np.float32(3.3125), np.float32(3.3125), np.float32(3.3125), np.float32(6.0215826))",,False,False,20110708070427,False,MULTIPLE_ACQUISITION,Unmatched NIfTI (No JSON) | Multiple scans for subject,Review to determine session/run
