participant_id,session,run,input_nifti
sub-002S5230,ses-01,run-01,/mnt/c/Users/krish/FYP/BIDS/sub-002S5230/ses-01/func/sub-002S5230_ses-01_task-rest_run-01_bold.nii.gz
sub-002S5230,ses-02,run-01,/mnt/c/Users/krish/FYP/BIDS/sub-002S5230/ses-02/func/sub-002S5230_ses-02_task-rest_run-01_bold.nii
sub-002S5230,ses-03,run-01,/mnt/c/Users/krish/FYP/BIDS/sub-002S5230/ses-03/func/sub-002S5230_ses-03_task-rest_run-01_bold.nii
sub-002S5256,ses-01,run-01,/mnt/c/Users/krish/FYP/BIDS/sub-002S5256/ses-01/func/sub-002S5256_ses-01_task-rest_run-01_bold.nii.gz
sub-002S5256,ses-02,run-01,/mnt/c/Users/krish/FYP/BIDS/sub-002S5256/ses-02/func/sub-002S5256_ses-02_task-rest_run-01_bold.nii.gz
sub-006S5153,ses-01,run-01,/mnt/c/Users/krish/FYP/BIDS/sub-006S5153/ses-01/func/sub-006S5153_ses-01_task-rest_run-01_bold.nii.gz
sub-006S5153,ses-02,run-01,/mnt/c/Users/krish/FYP/BIDS/sub-006S5153/ses-02/func/sub-006S5153_ses-02_task-rest_run-01_bold.nii.gz
sub-012S5121,ses-01,run-01,/mnt/c/Users/krish/FYP/BIDS/sub-012S5121/ses-01/func/sub-012S5121_ses-01_task-rest_run-01_bold.nii
sub-012S5121,ses-02,run-01,/mnt/c/Users/krish/FYP/BIDS/sub-012S5121/ses-02/func/sub-012S5121_ses-02_task-rest_run-01_bold.nii.gz
sub-012S5157,ses-01,run-01,/mnt/c/Users/krish/FYP/BIDS/sub-012S5157/ses-01/func/sub-012S5157_ses-01_task-rest_run-01_bold.nii.gz
sub-012S5157,ses-02,run-01,/mnt/c/Users/krish/FYP/BIDS/sub-012S5157/ses-02/func/sub-012S5157_ses-02_task-rest_run-01_bold.nii.gz
sub-012S5195,ses-01,run-01,/mnt/c/Users/krish/FYP/BIDS/sub-012S5195/ses-01/func/sub-012S5195_ses-01_task-rest_run-01_bold.nii
sub-012S5213,ses-01,run-01,/mnt/c/Users/krish/FYP/BIDS/sub-012S5213/ses-01/func/sub-012S5213_ses-01_task-rest_run-01_bold.nii
sub-013S5137,ses-01,run-01,/mnt/c/Users/krish/FYP/BIDS/sub-013S5137/ses-01/func/sub-013S5137_ses-01_task-rest_run-01_bold.nii.gz
sub-013S5137,ses-02,run-01,/mnt/c/Users/krish/FYP/BIDS/sub-013S5137/ses-02/func/sub-013S5137_ses-02_task-rest_run-01_bold.nii.gz
sub-018S5250,ses-01,run-01,/mnt/c/Users/krish/FYP/BIDS/sub-018S5250/ses-01/func/sub-018S5250_ses-01_task-rest_run-01_bold.nii
sub-018S5262,ses-01,run-01,/mnt/c/Users/krish/FYP/BIDS/sub-018S5262/ses-01/func/sub-018S5262_ses-01_task-rest_run-01_bold.nii.gz
sub-019S5180,ses-01,run-01,/mnt/c/Users/krish/FYP/BIDS/sub-019S5180/ses-01/func/sub-019S5180_ses-01_task-rest_run-01_bold.nii.gz
sub-019S5242,ses-01,run-01,/mnt/c/Users/krish/FYP/BIDS/sub-019S5242/ses-01/func/sub-019S5242_ses-01_task-rest_run-01_bold.nii
sub-019S5242,ses-02,run-01,/mnt/c/Users/krish/FYP/BIDS/sub-019S5242/ses-02/func/sub-019S5242_ses-02_task-rest_run-01_bold.nii
sub-053S5202,ses-01,run-01,/mnt/c/Users/krish/FYP/BIDS/sub-053S5202/ses-01/func/sub-053S5202_ses-01_task-rest_run-01_bold.nii
sub-053S5202,ses-02,run-01,/mnt/c/Users/krish/FYP/BIDS/sub-053S5202/ses-02/func/sub-053S5202_ses-02_task-rest_run-01_bold.nii
sub-053S5272,ses-01,run-01,/mnt/c/Users/krish/FYP/BIDS/sub-053S5272/ses-01/func/sub-053S5272_ses-01_task-rest_run-01_bold.nii
sub-053S5287,ses-01,run-01,/mnt/c/Users/krish/FYP/BIDS/sub-053S5287/ses-01/func/sub-053S5287_ses-01_task-rest_run-01_bold.nii
sub-100S5096,ses-01,run-01,/mnt/c/Users/krish/FYP/BIDS/sub-100S5096/ses-01/func/sub-100S5096_ses-01_task-rest_run-01_bold.nii
sub-100S5102,ses-01,run-01,/mnt/c/Users/krish/FYP/BIDS/sub-100S5102/ses-01/func/sub-100S5102_ses-01_task-rest_run-01_bold.nii
sub-100S5280,ses-01,run-01,/mnt/c/Users/krish/FYP/BIDS/sub-100S5280/ses-01/func/sub-100S5280_ses-01_task-rest_run-01_bold.nii
sub-100S5280,ses-02,run-01,/mnt/c/Users/krish/FYP/BIDS/sub-100S5280/ses-02/func/sub-100S5280_ses-02_task-rest_run-01_bold.nii
sub-130S5142,ses-01,run-01,/mnt/c/Users/krish/FYP/BIDS/sub-130S5142/ses-01/func/sub-130S5142_ses-01_task-rest_run-01_bold.nii
sub-130S5142,ses-02,run-01,/mnt/c/Users/krish/FYP/BIDS/sub-130S5142/ses-02/func/sub-130S5142_ses-02_task-rest_run-01_bold.nii
sub-130S5258,ses-01,run-01,/mnt/c/Users/krish/FYP/BIDS/sub-130S5258/ses-01/func/sub-130S5258_ses-01_task-rest_run-01_bold.nii
sub-131S5148,ses-01,run-01,/mnt/c/Users/krish/FYP/BIDS/sub-131S5148/ses-01/func/sub-131S5148_ses-01_task-rest_run-01_bold.nii
