subject_id,group_dir,stage,stage_ordinal,APOE_genotype_raw,APOE4_allele_count,APOE4_carrier,APOE_source,Sex_raw,Sex_decoded,Age_years,Age_source_visit,Age_source_acq_date,MRI_date_used_for_matching,MRI_date_source,CDR_global,CDR_global_visit,CDR_global_days_from_MRI,CDR_global_match_method,CDR_SB,CDR_SB_visit,CDR_SB_days_from_MRI,CDR_SB_match_method,MMSE_total,MMSE_total_visit,MMSE_total_days_from_MRI,MMSE_total_match_method,GDS_total,GDS_total_visit,GDS_total_days_from_MRI,GDS_total_match_method,MHPSYCH_raw,MHPSYCH_clean,MHPSYCH_decoded,MH2NEURL_raw,MH2NEURL_clean,MH2NEURL_decoded,MH3HEAD_raw,MH3HEAD_clean,MH3HEAD_decoded,MH4CARD_raw,MH4CARD_clean,MH4CARD_decoded,MH5RESP_raw,MH5RESP_clean,MH5RESP_decoded,MH6HEPAT_raw,MH6HEPAT_clean,MH6HEPAT_decoded,MH7DERM_raw,MH7DERM_clean,MH7DERM_decoded,MH8MUSCL_raw,MH8MUSCL_clean,MH8MUSCL_decoded,MH9ENDO_raw,MH9ENDO_clean,MH9ENDO_decoded,MH10GAST_raw,MH10GAST_clean,MH10GAST_decoded,MH11HEMA_raw,MH11HEMA_clean,MH11HEMA_decoded,MH12RENA_raw,MH12RENA_clean,MH12RENA_decoded,MH13ALLE_raw,MH13ALLE_clean,MH13ALLE_decoded,MH14ALCH_raw,MH14ALCH_clean,MH14ALCH_decoded,MH15DRUG_raw,MH15DRUG_clean,MH15DRUG_decoded,MH16SMOK_raw,MH16SMOK_clean,MH16SMOK_decoded,MH17MALI_raw,MH17MALI_clean,MH17MALI_decoded,MH18SURG_raw,MH18SURG_clean,MH18SURG_decoded,MH19OTHR_raw,MH19OTHR_clean,MH19OTHR_decoded,cardiovascular_history,endocrine_metabolic_history
sub-002S1261,CN_Final,CN,0,3/3,0.0,0.0,APOERES_01Sep2026.csv,F,female,75.0,m48,2011-03-14,2011-03-14,Functional_MRI_Images,0.0,m48,18.0,nearest-date to MRI,0.0,m48,18.0,nearest-date to MRI,30.0,m48,18.0,nearest-date to MRI,3.0,m48,18.0,nearest-date to MRI,0.0,0.0,absent,1.0,1.0,present,1.0,1.0,present,0.0,0.0,absent,0.0,0.0,absent,0.0,0.0,absent,0.0,0.0,absent,1.0,1.0,present,0.0,0.0,absent,0.0,0.0,absent,0.0,0.0,absent,1.0,1.0,present,0.0,0.0,absent,0.0,0.0,absent,0.0,0.0,absent,1.0,1.0,present,0.0,0.0,absent,1.0,1.0,present,0.0,0.0,absent,0.0,0.0
sub-002S1280,CN_Final,CN,0,3/4,1.0,1.0,APOERES_01Sep2026.csv,F,female,75.0,m48,2011-05-04,2011-05-04,image-collection export,0.0,m48,1.0,nearest-date to MRI,0.0,m48,1.0,nearest-date to MRI,28.0,m48,1.0,nearest-date to MRI,1.0,m48,1.0,nearest-date to MRI,1.0,1.0,present,0.0,0.0,absent,1.0,1.0,present,0.0,0.0,absent,0.0,0.0,absent,0.0,0.0,absent,1.0,1.0,present,0.0,0.0,absent,0.0,0.0,absent,1.0,1.0,present,0.0,0.0,absent,0.0,0.0,absent,0.0,0.0,absent,0.0,0.0,absent,0.0,0.0,absent,1.0,1.0,present,1.0,1.0,present,1.0,1.0,present,1.0,1.0,present,0.0,0.0
sub-006S4357,CN_Final,CN,0,3/3,0.0,0.0,APOERES_01Sep2026.csv,F,female,76.0,v21,2014-01-22,2014-01-22,image-collection export,0.0,m24,13.0,nearest-date to MRI,0.0,m24,13.0,nearest-date to MRI,30.0,m24,13.0,nearest-date to MRI,0.0,m24,13.0,nearest-date to MRI,0.0,0.0,absent,0.0,0.0,absent,1.0,1.0,present,0.0,0.0,absent,0.0,0.0,absent,0.0,0.0,absent,1.0,1.0,present,1.0,1.0,present,0.0,0.0,absent,0.0,0.0,absent,0.0,0.0,absent,0.0,0.0,absent,0.0,0.0,absent,0.0,0.0,absent,0.0,0.0,absent,1.0,1.0,present,1.0,1.0,present,1.0,1.0,present,0.0,0.0,absent,0.0,0.0
sub-010S4345,CN_Final,CN,0,2/3,0.0,0.0,APOERES_01Sep2026.csv,M,male,71.0,v05,2012-09-20,2012-09-20,Functional_MRI_Images,0.0,m06,0.0,nearest-date to MRI,0.0,m06,0.0,nearest-date to MRI,29.0,m06,0.0,nearest-date to MRI,0.0,m06,0.0,nearest-date to MRI,0.0,0.0,absent,0.0,0.0,absent,1.0,1.0,present,1.0,1.0,present,1.0,1.0,present,1.0,1.0,present,1.0,1.0,present,1.0,1.0,present,1.0,1.0,present,1.0,1.0,present,0.0,0.0,absent,0.0,0.0,absent,1.0,1.0,present,0.0,0.0,absent,0.0,0.0,absent,0.0,0.0,absent,0.0,0.0,absent,0.0,0.0,absent,0.0,0.0,absent,1.0,1.0
sub-010S4442,CN_Final,CN,0,2/4,1.0,1.0,APOERES_01Sep2026.csv,F,female,75.0,v05,2012-12-03,2012-12-03,Functional_MRI_Images,0.0,m06,0.0,nearest-date to MRI,0.0,m06,0.0,nearest-date to MRI,30.0,m06,0.0,nearest-date to MRI,0.0,m06,0.0,nearest-date to MRI,0.0,0.0,absent,0.0,0.0,absent,1.0,1.0,present,1.0,1.0,present,1.0,1.0,present,0.0,0.0,absent,1.0,1.0,present,1.0,1.0,present,1.0,1.0,present,0.0,0.0,absent,0.0,0.0,absent,0.0,0.0,absent,0.0,0.0,absent,0.0,0.0,absent,0.0,0.0,absent,0.0,0.0,absent,0.0,0.0,absent,1.0,1.0,present,0.0,0.0,absent,1.0,1.0
sub-012S4545,CN_Final,CN,0,2/3,0.0,0.0,APOERES_01Sep2026.csv,F,female,68.0,v05,2012-09-24,2012-09-24,Functional_MRI_Images,0.0,m06,0.0,nearest-date to MRI,0.0,m06,0.0,nearest-date to MRI,29.0,m06,0.0,nearest-date to MRI,1.0,m06,0.0,nearest-date to MRI,1.0,1.0,present,0.0,0.0,absent,1.0,1.0,present,0.0,0.0,absent,0.0,0.0,absent,0.0,0.0,absent,0.0,0.0,absent,1.0,1.0,present,0.0,0.0,absent,1.0,1.0,present,0.0,0.0,absent,0.0,0.0,absent,0.0,0.0,absent,0.0,0.0,absent,0.0,0.0,absent,0.0,0.0,absent,0.0,0.0,absent,1.0,1.0,present,1.0,1.0,present,0.0,0.0
sub-012S4643,CN_Final,CN,0,3/3,0.0,0.0,APOERES_01Sep2026.csv,F,female,66.0,v05,2012-10-16,2012-10-16,Functional_MRI_Images,0.5,m06,0.0,nearest-date to MRI,0.5,m06,0.0,nearest-date to MRI,30.0,m06,0.0,nearest-date to MRI,1.0,m06,0.0,nearest-date to MRI,1.0,1.0,present,1.0,1.0,present,0.0,0.0,absent,1.0,1.0,present,0.0,0.0,absent,0.0,0.0,absent,0.0,0.0,absent,1.0,1.0,present,0.0,0.0,absent,1.0,1.0,present,0.0,0.0,absent,1.0,1.0,present,1.0,1.0,present,0.0,0.0,absent,0.0,0.0,absent,0.0,0.0,absent,0.0,0.0,absent,1.0,1.0,present,1.0,1.0,present,1.0,0.0
sub-013S4579,CN_Final,CN,0,3/3,0.0,0.0,APOERES_01Sep2026.csv,M,male,86.0,v05,2012-12-19,2012-12-19,Functional_MRI_Images,0.0,m06,0.0,nearest-date to MRI,0.0,m06,0.0,nearest-date to MRI,29.0,m06,0.0,nearest-date to MRI,3.0,m06,0.0,nearest-date to MRI,0.0,0.0,absent,0.0,0.0,absent,1.0,1.0,present,1.0,1.0,present,1.0,1.0,present,0.0,0.0,absent,0.0,0.0,absent,0.0,0.0,absent,1.0,1.0,present,1.0,1.0,present,0.0,0.0,absent,1.0,1.0,present,0.0,0.0,absent,0.0,0.0,absent,0.0,0.0,absent,1.0,1.0,present,1.0,1.0,present,1.0,1.0,present,0.0,0.0,absent,1.0,1.0
sub-013S4616,CN_Final,CN,0,3/3,0.0,0.0,APOERES_01Sep2026.csv,M,male,85.0,v05,2012-10-25,2012-10-25,Functional_MRI_Images,0.0,m06,0.0,nearest-date to MRI,0.0,m06,0.0,nearest-date to MRI,30.0,m06,0.0,nearest-date to MRI,1.0,m06,0.0,nearest-date to MRI,0.0,0.0,absent,0.0,0.0,absent,0.0,0.0,absent,0.0,0.0,absent,0.0,0.0,absent,0.0,0.0,absent,0.0,0.0,absent,0.0,0.0,absent,1.0,1.0,present,0.0,0.0,absent,1.0,1.0,present,1.0,1.0,present,0.0,0.0,absent,0.0,0.0,absent,0.0,0.0,absent,1.0,1.0,present,1.0,1.0,present,1.0,1.0,present,1.0,1.0,present,0.0,1.0
sub-018S4257,CN_Final,CN,0,3/3,0.0,0.0,APOERES_01Sep2026.csv,M,male,80.0,v05,2012-07-31,2012-07-31,image-collection export,0.5,m06,77.0,nearest-date to MRI,0.5,m06,77.0,nearest-date to MRI,29.0,m06,77.0,nearest-date to MRI,1.0,m06,77.0,nearest-date to MRI,0.0,0.0,absent,1.0,1.0,present,1.0,1.0,present,1.0,1.0,present,1.0,1.0,present,0.0,0.0,absent,1.0,1.0,present,1.0,1.0,present,0.0,0.0,absent,1.0,1.0,present,0.0,0.0,absent,1.0,1.0,present,1.0,1.0,present,0.0,0.0,absent,0.0,0.0,absent,0.0,0.0,absent,0.0,0.0,absent,1.0,1.0,present,1.0,1.0,present,1.0,0.0
sub-018S4313,CN_Final,CN,0,3/4,1.0,1.0,APOERES_01Sep2026.csv,F,female,78.0,v11,2012-11-28,2012-11-28,Functional_MRI_Images,0.0,m12,0.0,nearest-date to MRI,0.0,m12,0.0,nearest-date to MRI,25.0,m12,0.0,nearest-date to MRI,2.0,m12,0.0,nearest-date to MRI,0.0,0.0,absent,0.0,0.0,absent,0.0,0.0,absent,0.0,0.0,absent,0.0,0.0,absent,0.0,0.0,absent,0.0,0.0,absent,0.0,0.0,absent,0.0,0.0,absent,0.0,0.0,absent,0.0,0.0,absent,0.0,0.0,absent,1.0,1.0,present,0.0,0.0,absent,0.0,0.0,absent,0.0,0.0,absent,0.0,0.0,absent,1.0,1.0,present,0.0,0.0,absent,0.0,0.0
sub-018S4349,CN_Final,CN,0,3/3,0.0,0.0,APOERES_01Sep2026.csv,F,female,72.0,v05,2012-07-10,2012-07-10,image-collection export,0.0,m06,0.0,nearest-date to MRI,0.0,m06,0.0,nearest-date to MRI,29.0,m06,0.0,nearest-date to MRI,0.0,m06,0.0,nearest-date to MRI,0.0,0.0,absent,0.0,0.0,absent,1.0,1.0,present,1.0,1.0,present,0.0,0.0,absent,0.0,0.0,absent,0.0,0.0,absent,0.0,0.0,absent,1.0,1.0,present,0.0,0.0,absent,0.0,0.0,absent,0.0,0.0,absent,0.0,0.0,absent,0.0,0.0,absent,0.0,0.0,absent,0.0,0.0,absent,0.0,0.0,absent,1.0,1.0,present,0.0,0.0,absent,1.0,1.0
sub-018S4399,CN_Final,CN,0,3/4,1.0,1.0,APOERES_01Sep2026.csv,F,female,79.0,v11,2013-01-11,2013-01-11,image-collection export,0.0,m12,1.0,nearest-date to MRI,0.0,m12,1.0,nearest-date to MRI,29.0,m12,1.0,nearest-date to MRI,1.0,m12,1.0,nearest-date to MRI,0.0,0.0,absent,0.0,0.0,absent,1.0,1.0,present,1.0,1.0,present,0.0,0.0,absent,0.0,0.0,absent,1.0,1.0,present,1.0,1.0,present,0.0,0.0,absent,0.0,0.0,absent,0.0,0.0,absent,0.0,0.0,absent,1.0,1.0,present,0.0,0.0,absent,0.0,0.0,absent,0.0,0.0,absent,1.0,1.0,present,1.0,1.0,present,1.0,1.0,present,1.0,0.0
sub-018S4400,CN_Final,CN,0,3/4,1.0,1.0,APOERES_01Sep2026.csv,M,male,72.0,v11,2013-01-02,2013-01-02,Functional_MRI_Images,0.0,m12,1.0,nearest-date to MRI,0.5,m12,1.0,nearest-date to MRI,30.0,m12,1.0,nearest-date to MRI,0.0,m12,1.0,nearest-date to MRI,0.0,0.0,absent,0.0,0.0,absent,0.0,0.0,absent,1.0,1.0,present,0.0,0.0,absent,0.0,0.0,absent,1.0,1.0,present,0.0,0.0,absent,0.0,0.0,absent,0.0,0.0,absent,0.0,0.0,absent,0.0,0.0,absent,0.0,0.0,absent,0.0,0.0,absent,0.0,0.0,absent,0.0,0.0,absent,1.0,1.0,present,1.0,1.0,present,1.0,1.0,present,1.0,0.0
sub-019S4367,CN_Final,CN,0,3/4,1.0,1.0,APOERES_01Sep2026.csv,F,female,66.0,v11,2012-11-19,2012-11-19,image-collection export,0.0,m12,0.0,nearest-date to MRI,0.0,m12,0.0,nearest-date to MRI,27.0,m12,0.0,nearest-date to MRI,0.0,m12,0.0,nearest-date to MRI,1.0,1.0,present,0.0,0.0,absent,1.0,1.0,present,1.0,1.0,present,1.0,1.0,present,0.0,0.0,absent,0.0,0.0,absent,1.0,1.0,present,0.0,0.0,absent,0.0,0.0,absent,0.0,0.0,absent,0.0,0.0,absent,0.0,0.0,absent,0.0,0.0,absent,0.0,0.0,absent,1.0,1.0,present,0.0,0.0,absent,1.0,1.0,present,0.0,0.0,absent,1.0,0.0
sub-019S4835,CN_Final,CN,0,3/3,0.0,0.0,APOERES_01Sep2026.csv,M,male,80.0,v05,2013-01-15,2013-01-15,image-collection export,0.0,m06,1.0,nearest-date to MRI,0.0,m06,1.0,nearest-date to MRI,24.0,m06,1.0,nearest-date to MRI,0.0,m06,1.0,nearest-date to MRI,0.0,0.0,absent,1.0,1.0,present,1.0,1.0,present,1.0,1.0,present,1.0,1.0,present,0.0,0.0,absent,1.0,1.0,present,1.0,1.0,present,0.0,0.0,absent,1.0,1.0,present,0.0,0.0,absent,0.0,0.0,absent,0.0,0.0,absent,0.0,0.0,absent,0.0,0.0,absent,1.0,1.0,present,0.0,0.0,absent,1.0,1.0,present,0.0,0.0,absent,1.0,0.0
sub-031S4021,CN_Final,CN,0,3/3,0.0,0.0,APOERES_01Sep2026.csv,M,male,69.0,v21,2013-05-06,2013-05-06,Functional_MRI_Images,0.0,m24,0.0,nearest-date to MRI,0.0,m24,0.0,nearest-date to MRI,29.0,m24,0.0,nearest-date to MRI,0.0,m24,0.0,nearest-date to MRI,0.0,0.0,absent,0.0,0.0,absent,1.0,1.0,present,1.0,1.0,present,0.0,0.0,absent,0.0,0.0,absent,0.0,0.0,absent,0.0,0.0,absent,1.0,1.0,present,1.0,1.0,present,0.0,0.0,absent,1.0,1.0,present,1.0,1.0,present,0.0,0.0,absent,0.0,0.0,absent,0.0,0.0,absent,0.0,0.0,absent,1.0,1.0,present,0.0,0.0,absent,1.0,1.0
sub-031S4032,CN_Final,CN,0,3/3,0.0,0.0,APOERES_01Sep2026.csv,F,female,72.0,v21,2013-05-09,2013-05-09,Functional_MRI_Images,0.0,m24,3.0,nearest-date to MRI,0.0,m24,3.0,nearest-date to MRI,28.0,m24,3.0,nearest-date to MRI,1.0,m24,3.0,nearest-date to MRI,0.0,0.0,absent,1.0,1.0,present,1.0,1.0,present,1.0,1.0,present,0.0,0.0,absent,0.0,0.0,absent,0.0,0.0,absent,0.0,0.0,absent,1.0,1.0,present,0.0,0.0,absent,0.0,0.0,absent,1.0,1.0,present,0.0,0.0,absent,0.0,0.0,absent,0.0,0.0,absent,1.0,1.0,present,0.0,0.0,absent,1.0,1.0,present,0.0,0.0,absent,1.0,1.0
sub-031S4218,CN_Final,CN,0,3/3,0.0,0.0,APOERES_01Sep2026.csv,M,male,82.0,v11,2012-10-02,2012-10-02,Functional_MRI_Images,0.0,m12,0.0,nearest-date to MRI,0.0,m12,0.0,nearest-date to MRI,26.0,m12,0.0,nearest-date to MRI,0.0,m12,0.0,nearest-date to MRI,0.0,0.0,absent,0.0,0.0,absent,1.0,1.0,present,0.0,0.0,absent,0.0,0.0,absent,0.0,0.0,absent,1.0,1.0,present,1.0,1.0,present,1.0,1.0,present,1.0,1.0,present,0.0,0.0,absent,0.0,0.0,absent,1.0,1.0,present,0.0,0.0,absent,0.0,0.0,absent,1.0,1.0,present,1.0,1.0,present,1.0,1.0,present,0.0,0.0,absent,0.0,1.0
sub-031S4474,CN_Final,CN,0,3/3,0.0,0.0,APOERES_01Sep2026.csv,M,male,86.0,v05,2012-08-01,2012-08-01,image-collection export,0.5,m06,0.0,nearest-date to MRI,0.5,m06,0.0,nearest-date to MRI,24.0,m06,0.0,nearest-date to MRI,0.0,m06,0.0,nearest-date to MRI,0.0,0.0,absent,1.0,1.0,present,1.0,1.0,present,1.0,1.0,present,1.0,1.0,present,0.0,0.0,absent,1.0,1.0,present,1.0,1.0,present,0.0,0.0,absent,1.0,1.0,present,0.0,0.0,absent,1.0,1.0,present,1.0,1.0,present,0.0,0.0,absent,0.0,0.0,absent,1.0,1.0,present,1.0,1.0,present,1.0,1.0,present,0.0,0.0,absent,1.0,0.0
sub-031S4496,CN_Final,CN,0,3/4,1.0,1.0,APOERES_01Sep2026.csv,F,female,78.0,v21,2014-02-20,2014-02-20,image-collection export,0.0,m24,1.0,nearest-date to MRI,0.0,m24,1.0,nearest-date to MRI,30.0,m24,1.0,nearest-date to MRI,0.0,m24,1.0,nearest-date to MRI,0.0,0.0,absent,0.0,0.0,absent,1.0,1.0,present,1.0,1.0,present,0.0,0.0,absent,0.0,0.0,absent,1.0,1.0,present,1.0,1.0,present,1.0,1.0,present,1.0,1.0,present,0.0,0.0,absent,0.0,0.0,absent,1.0,1.0,present,0.0,0.0,absent,0.0,0.0,absent,0.0,0.0,absent,0.0,0.0,absent,1.0,1.0,present,0.0,0.0,absent,1.0,1.0
sub-129S0778,CN_Final,CN,0,3/4,1.0,1.0,APOERES_01Sep2026.csv,M,male,79.0,v11,2012-09-13,2012-09-13,Functional_MRI_Images,1.0,m72,0.0,nearest-date to MRI,4.5,m72,0.0,nearest-date to MRI,25.0,m72,0.0,nearest-date to MRI,3.0,m72,0.0,nearest-date to MRI,0.0,0.0,absent,1.0,1.0,present,1.0,1.0,present,0.0,0.0,absent,1.0,1.0,present,0.0,0.0,absent,1.0,1.0,present,1.0,1.0,present,0.0,0.0,absent,0.0,0.0,absent,1.0,1.0,present,1.0,1.0,present,1.0,1.0,present,0.0,0.0,absent,0.0,0.0,absent,1.0,1.0,present,0.0,0.0,absent,1.0,1.0,present,0.0,0.0,absent,0.0,0.0
sub-129S4422,CN_Final,CN,0,2/3,0.0,0.0,APOERES_01Sep2026.csv,F,female,72.0,v11,2013-01-07,2013-01-07,Functional_MRI_Images,0.5,m12,0.0,nearest-date to MRI,0.5,m12,0.0,nearest-date to MRI,30.0,m12,0.0,nearest-date to MRI,1.0,m12,0.0,nearest-date to MRI,0.0,0.0,absent,1.0,1.0,present,0.0,0.0,absent,1.0,1.0,present,0.0,0.0,absent,1.0,1.0,present,1.0,1.0,present,1.0,1.0,present,1.0,1.0,present,1.0,1.0,present,0.0,0.0,absent,1.0,1.0,present,1.0,1.0,present,0.0,0.0,absent,0.0,0.0,absent,0.0,0.0,absent,0.0,0.0,absent,0.0,0.0,absent,1.0,1.0,present,1.0,1.0
sub-130S4343,CN_Final,CN,0,3/3,0.0,0.0,APOERES_01Sep2026.csv,M,male,82.0,v21,2013-11-14,2013-11-14,Functional_MRI_Images,0.0,m24,0.0,nearest-date to MRI,0.0,m24,0.0,nearest-date to MRI,30.0,m24,0.0,nearest-date to MRI,2.0,m24,0.0,nearest-date to MRI,0.0,0.0,absent,0.0,0.0,absent,1.0,1.0,present,1.0,1.0,present,0.0,0.0,absent,0.0,0.0,absent,1.0,1.0,present,1.0,1.0,present,0.0,0.0,absent,0.0,0.0,absent,0.0,0.0,absent,1.0,1.0,present,0.0,0.0,absent,0.0,0.0,absent,0.0,0.0,absent,0.0,0.0,absent,0.0,0.0,absent,1.0,1.0,present,0.0,0.0,absent,1.0,0.0
sub-130S4352,CN_Final,CN,0,3/3,0.0,0.0,APOERES_01Sep2026.csv,M,male,86.0,v21,2013-12-04,2013-12-04,Functional_MRI_Images,0.0,m24,1.0,nearest-date to MRI,0.0,m24,1.0,nearest-date to MRI,27.0,m24,1.0,nearest-date to MRI,1.0,m24,1.0,nearest-date to MRI,0.0,0.0,absent,1.0,1.0,present,1.0,1.0,present,0.0,0.0,absent,0.0,0.0,absent,0.0,0.0,absent,0.0,0.0,absent,1.0,1.0,present,0.0,0.0,absent,1.0,1.0,present,0.0,0.0,absent,1.0,1.0,present,0.0,0.0,absent,0.0,0.0,absent,0.0,0.0,absent,1.0,1.0,present,1.0,1.0,present,1.0,1.0,present,0.0,0.0,absent,0.0,0.0
sub-136S0186,CN_Final,CN,0,3/3,0.0,0.0,APOERES_01Sep2026.csv,F,female,87.0,v11,2012-10-11,2012-10-11,image-collection export,0.5,m72,0.0,nearest-date to MRI,0.5,m72,0.0,nearest-date to MRI,29.0,m72,0.0,nearest-date to MRI,2.0,m72,0.0,nearest-date to MRI,1.0,1.0,present,0.0,0.0,absent,0.0,0.0,absent,0.0,0.0,absent,0.0,0.0,absent,0.0,0.0,absent,0.0,0.0,absent,0.0,0.0,absent,0.0,0.0,absent,1.0,1.0,present,0.0,0.0,absent,0.0,0.0,absent,0.0,0.0,absent,0.0,0.0,absent,0.0,0.0,absent,0.0,0.0,absent,0.0,0.0,absent,0.0,0.0,absent,0.0,0.0,absent,0.0,0.0
