ROI_ID,ROI_Name,CN,SMC,EMCI,MCI,LMCI,AD
1,A8m_L,0.014736868501630633,-0.0013659667261220396,0.2652567031890164,0.030247236840968878,0.12185534118181898,0.22856597314638058
2,A8m_R,-0.14105848237027588,-0.2801354216686229,0.19871220524505975,-0.08465210887388534,-0.020285861998468824,0.1569683108118992
3,A8dl_L,-0.3361246270601289,-0.6200987573461104,-0.31822583281194644,-0.504837263363641,-0.6670290219095601,-0.7694767586431359
4,A8dl_R,-0.6831834780674664,-0.9423826835583821,-0.5526413839583735,-0.540371039886223,-0.7502814042137794,-0.791081518468032
5,A9l_L,-1.1065742931116336,-1.4764733859971177,-1.1740744651803188,-1.1813921135930883,-1.4343332531713247,-1.6586014276240824
6,A9l_R,-1.1109587682082471,-1.4944254094125247,-1.1251136283537881,-1.1756733196719436,-1.5745733525619774,-1.5991207649442496
7,A6dl_L,-0.0767543709580232,0.07049797786150555,0.10615094126279398,0.21541158719780357,0.05586274149660124,0.040216556495945285
8,A6dl_R,-0.33981229940800023,-0.24591555319475966,0.06420138219393595,0.12328395078989411,0.12188086647757435,-0.03790831023570889
9,A6m_L,0.5443491379194217,0.5195666712464794,0.7395897703710718,0.7286690544161959,0.5583026807635681,0.6915648579510828
10,A6m_R,0.4773704286419448,0.5521029870046346,0.7557043863068174,0.6953392175693918,0.5655603007630241,0.5869311322007638
11,A9m_L,0.3288482281553502,0.0211044318195376,0.47611455818550497,-0.08666839640920086,0.2026420855979151,0.3190203522684662
12,A9m_R,0.2883074011691372,0.13034729994321118,0.6589995190973407,-0.0037902742932011562,0.2043253228603059,0.3579065328092693
13,A10m_L,-0.6425384546475569,-0.8679121729754526,-0.7086820468722945,-0.7903788143538935,-0.9555191845343696,-1.1714044829925894
14,A10m_R,-0.6142431835742278,-1.0327941142088295,-0.6708970584440863,-0.8422195798343779,-1.1713104732851192,-1.1510607421486123
15,A9/46d_L,-0.35834058182940026,-0.9219896832243374,-0.40636573545471766,-0.7500373398571326,-0.575498728632534,-0.8594270470913049
16,A9/46d_R,-0.5173996845075718,-0.7596492645425366,-0.42302441912106986,-0.4770722112402127,-0.5632819960043046,-0.6294933353811031
17,IFJ_L,-0.208229145145215,-0.3577225592319578,-0.19059495389056177,-0.20057788709737198,-0.09297665082818918,-0.08746847401615924
18,IFJ_R,-0.19791744413914153,-0.1789219069334197,0.08599695617360595,0.1603591022076059,0.05723051950884759,0.12539535471862023
19,A46_L,-0.9315118318599597,-1.1140037987511757,-1.0006087883262587,-0.9745362453442814,-1.356120205069725,-1.223543001885645
20,A46_R,-0.9900472394420473,-1.1345548814533017,-0.8159757453591135,-0.8688230613317546,-1.1267754948301199,-1.1282150721983115
21,A9/46v_L,-0.3789383323529335,-0.6023240094273123,-0.6479892358045561,-0.2791008080811751,-0.818537570073713,-0.6773985470611779
22,A9/46v_R,-0.651294234583524,-0.7500394095477528,-0.6162249748366057,-0.3055991094968748,-0.8983078200776381,-0.44679046659573285
23,A8vl_L,-0.479933301702297,-1.1292057840865175,-0.5946164663173571,-0.809991634653691,-0.7681620505149775,-0.9318138931882871
24,A8vl_R,-0.7970331564693333,-1.0185526413343815,-0.6540652034477225,-0.5519158784823075,-0.7600789821139712,-0.777167694892223
25,A6vl_L,-0.19550947987541825,-0.1734835202391185,-0.09717517832708458,0.08009314678007473,-0.26827740428890456,-0.24598859472254336
26,A6vl_R,-0.4047551027739723,-0.5904931340779553,-0.0913715283025024,0.15605801422384782,-0.1484442832022759,-0.07638918476508096
27,A10l_L,-0.6248278329871162,-0.9006575474888466,-0.9955627022719249,-1.0583817621232072,-1.0278206606475169,-0.9455026745791157
28,A10l_R,-0.7648351633635879,-0.9739043276218451,-0.9355481411901957,-1.1090050350448943,-1.0213418443881943,-0.9843588298096639
29,A44d_L,0.19600825682999615,-0.05266287495324994,0.04758378938580078,0.16232440242458449,0.21277428036686913,0.13377649530379704
30,A44d_R,0.3775176084810678,0.20499534746709674,0.19539567192902652,0.368812687050825,0.16483557947857186,0.46453597415689096
31,IFS_L,0.10673216746165454,-0.3094470844960587,-0.34953142856050223,0.09703425154384462,-0.3076884400351335,-0.19132734628423378
32,IFS_R,-0.1857972613820776,-0.440731760645642,-0.3179496978350027,0.17755581286687386,-0.30275850729158643,-0.07155319533170905
33,A45c_L,-0.06197729524852587,-0.029172825699447843,-0.13597472666252802,0.23011020971181254,0.0986359159014368,0.017495134699942783
34,A45c_R,-0.09501627566468993,-0.21283045414577598,0.0459501948076481,0.24267818696506493,-0.39142943452982204,0.10659378473585177
35,A45r_L,-0.005675701423214576,-0.021157963922965446,-0.15405371845992022,0.10009467281582518,-0.19859347481820366,0.1246372076415719
36,A45r_R,-0.137392887227764,-0.14781739780076944,-0.015762713216743655,0.22341397948545944,-0.43680619179302027,0.3033203106168851
37,A44op_L,0.49978199387694666,0.4019456321332604,0.45279948489470623,0.6237899451434014,0.5753196295372374,0.547013951859607
38,A44op_R,0.6869520050402371,0.5341789638414789,0.6888486689362924,0.5683077915435536,0.5725672990685348,1.0010648971545248
39,A44v_L,0.4187539559404041,0.4319635218616995,0.40946574700031124,0.6228494349946976,0.45178958107750955,0.46435582748017046
40,A44v_R,0.4372863077627923,0.41799122509927117,0.453515196189661,0.5994334915592361,0.43816474930377886,0.7942178950608243
41,A14m_L,0.12099692014522932,0.19134488650552509,-0.21049162704635588,-0.034903011926398164,0.021851921792574436,0.006855213485150999
42,A14m_R,0.5497983509022769,0.7032258801552852,0.49989890972982154,0.3412054260207245,0.4891211801201731,0.7945037699958546
43,A12/47o_L,0.3503635724127808,0.39351599440281326,0.15973798536039843,0.09008415757091993,0.5194478954282411,0.4832486515900147
44,A12/47o_R,0.376056268583846,0.3427067970235345,-0.0814537636125235,-0.17098942505924608,-0.08543252022049401,0.48379091958027975
45,A11l_L,0.36906224201517446,0.696887965083,0.1442910725541786,0.18028238684409945,0.6142529332336447,0.5403772812379701
46,A11l_R,0.6296766267601954,0.6760113851224182,0.17263336151930334,0.40195809021498513,0.5066338023372031,0.7357234688711498
47,A11m_L,0.1234973534637477,0.1809369490658511,-0.3276717783712889,-0.30174147590041794,-0.1868612498368603,-0.2133606602389269
48,A11m_R,-0.15670500831150683,-0.3769174242725632,-0.39632460837003514,-0.6575398207506602,-0.6623001790143267,-0.5354465647008858
49,A13_L,1.0417768795900684,1.1050366430314422,0.6674886341178939,0.7239158002610199,0.887673436571121,0.878544200469425
50,A13_R,0.7703069092651293,0.9685077845381119,0.6263694122352408,0.5845621158594742,0.782179679660389,0.793508036646003
51,A12/47l_L,0.34642770077344787,0.3275625334328988,0.10621369132792255,0.0676459872494746,0.28198262388286444,0.37156236978549795
52,A12/47l_R,0.4609616531658116,0.5258079579295325,0.26044520642791913,0.1815675360921574,0.23028382402170497,0.7560543640057777
53,A4hf_L,0.5108200579639972,0.1735287545567923,0.41509492172733575,0.6607512043364314,0.3705558792992288,0.19660283620297303
54,A4hf_R,0.4046051706325027,0.1896953527835521,0.387990958597608,0.7853973521808617,0.5401463480184243,0.5178139323004622
55,A6cdl_L,0.369882795548343,0.4544212035049979,0.2953105397834597,0.5956805193949462,0.2605589615238276,0.27080527651389386
56,A6cdl_R,0.15925264982834453,0.25211282461449763,0.47090023408461934,0.6532307922031417,0.4521575556011599,0.5104942750219845
57,A4ul_L,0.43987161216677606,0.43192603814075736,0.4498468871758524,0.7626167557362689,0.20026205593400848,0.2860948364890673
58,A4ul_R,0.12172858383914163,0.22053005999934389,0.42825674406286396,0.7218807878649077,0.4132887453502603,0.37967240377618316
59,A4t_L,0.2602707492351816,0.2748545995951635,0.155642368777901,0.3759391740873856,0.3133346243813186,0.4958554064848674
60,A4t_R,0.24523606932320166,0.2388335579611246,0.3838572252687381,0.3494411403476222,0.4618656630926415,0.394343767920671
61,A4tl_L,0.6684006260436609,0.7713069458286784,0.808455146853761,0.7922727848685894,0.8007191304886518,0.7755580215700011
62,A4tl_R,0.7191620353094255,0.5815558571459762,0.6126696829821094,0.6615223019734005,0.49060624145029685,0.7259447423950491
63,A6cvl_L,0.6456790218624188,0.2388250029096702,0.49529664890271385,0.7805439883338441,0.5734162436911536,0.40512400190673226
64,A6cvl_R,0.4690854993988602,0.46864441613695734,0.4817126850410236,0.9042564420736593,0.5461098209589454,0.9160420934593996
65,A1/2/3ll_L,0.4553349725858672,0.7495242841498074,0.3628535036631282,0.5437445803088846,0.4689825695425485,0.6422365031105106
66,A1/2/3ll_R,0.5779195325156847,0.6020125315431871,0.49947356554563194,0.8309615532426432,0.3507210071684563,0.5561267263192058
67,A4ll_L,0.7017803700195842,0.6024016318018452,0.5443245586347196,0.6809153719553699,0.5412580813450958,0.6993010123071807
68,A4ll_R,0.7581682969138921,0.5787155006161798,0.6106854742570955,0.5475942451220035,0.5775686067580249,0.8695876642625782
69,A38m_L,0.13201190010164454,-0.039888043474133,-0.1312206793335029,-0.17801420321032774,0.061593307944386264,-0.05317834716455724
70,A38m_R,-0.13042805772509952,0.20569613587038718,-0.1377432308653491,-0.19035926127149044,-0.1527037920071337,-0.046440830400667356
71,A41/42_L,0.49160866800375047,0.5427599100695752,0.6385630734737942,0.4859468316266686,0.7967669997238268,0.3918395129824205
72,A41/42_R,0.5652205972085425,0.6820609636319978,0.5100639032833384,0.281583916778582,0.5455362700857908,0.41364180301060854
73,TE1.0/TE1.2_L,0.679992854543727,0.6293878758261269,0.7711016720871133,0.5932726554445065,0.8295447091210774,0.5377638191000472
74,TE1.0/TE1.2_R,0.5328186630872742,0.7037990953221149,0.486888699476173,0.3207112800519802,0.4129018152673288,0.615605046187376
75,A22c_L,0.3572805931037175,0.05300409539936353,0.38791805487296205,0.31505025582421914,0.5841030520193378,0.3018369320292742
76,A22c_R,0.5343769285630282,0.37028954636380057,0.2946073866329123,0.11867550884476048,0.2111729341148681,0.3946118652561041
77,A38l_L,0.4345009355064411,0.04329087967333879,0.23726963733783404,0.020652397618490834,0.2496990963666888,0.09534500487151518
78,A38l_R,0.24045488497883952,0.31423112628607114,0.054883602839727846,-0.26387229279754043,0.06309518658133877,0.21238744787276803
79,A22r_L,0.5680672681871011,0.25797578204367805,0.4604580002282676,0.20765293586898007,0.4971766647580738,0.32693048751942155
80,A22r_R,0.4563564491297922,0.1132887930865704,0.20962808502554278,-0.13525896613640218,0.0051533014828028245,0.28355108646566046
81,A21c_L,0.16932623557594792,-0.015475936219892274,0.17159352356328605,-0.1344390511962763,-0.008628003581814796,-0.12163310461200767
82,A21c_R,0.2625121033158211,0.007600270004115823,-0.1769311767957363,-0.35583198772274355,-0.1941463611502316,-0.2411636431330829
83,A21r_L,0.36390128232731456,0.3291485526643448,0.23336794180590262,-0.06227611209390584,0.28069524774739424,0.18373576299608613
84,A21r_R,0.4186833157137601,0.39960383889617584,-0.045886854818289476,-0.14621693839643404,0.20897227653896375,-0.0009574470572258464
85,A37dl_L,-0.4556914344653118,-0.7134937511895295,-0.4021779814675876,-0.417235359672734,-0.38655096609838957,-0.9622345418329699
86,A37dl_R,-0.22242563286883593,-0.4156993399908589,-0.6307796973552607,-0.5785459709114661,-0.650554501041582,-0.8656275807412654
87,aSTS_L,0.5637679503962423,0.20370682433885903,0.4208925676326294,0.21094780253227724,0.3958146894400665,0.25103516298114414
88,aSTS_R,0.689234126037959,0.2598314250698593,0.18113541882507123,-0.013639323183637506,-0.06342560418599175,0.30242488508779997
89,A20iv_L,-0.8598615776504119,-0.6748026456997055,-0.572004686180155,-0.8272944015400133,-0.7745903334478191,-0.6656357865939274
90,A20iv_R,-0.4583945508480681,-0.968621134113229,-0.671097395510915,-0.9047124737690478,-1.1301495063689633,-1.1062727971860293
91,A37elv_L,-0.8563269352738316,-0.6752698893185118,-0.592510344537918,-0.6184175123631961,-0.5061085048078985,-0.7977451635102739
92,A37elv_R,-0.7237455076977315,-0.769293522467513,-0.8713016549089401,-1.0866657947802916,-0.8990913236515354,-1.068601205208631
93,A20r_L,-0.3058102630414283,-0.06548202332076652,-0.15925519469312274,-0.37715337381587416,-0.26714823108480745,-0.26976825156052353
94,A20r_R,0.009582743762211472,0.11971573837867851,-0.36202737957542896,-0.13352228900247745,-0.12970987143144463,-0.17415184992096816
95,A20il_L,-0.24924371641267426,-0.21611033274074865,-0.07428663726902328,-0.5932022969583167,-0.45364985145475967,-0.49980509005093854
96,A20il_R,0.05135112147298496,-0.392796902545321,-0.3615646688912297,-0.7120967354781911,-0.8192630676262679,-0.8651717852012364
97,A37vl_L,-0.5656500662521072,-0.6940079340340145,-0.37318232584512206,-0.3156766707228487,-0.5799330648008769,-0.8783832537498091
98,A37vl_R,-0.31970451618519663,-0.5506168725946272,-0.5194675757733912,-0.5108044933541944,-0.6412244276002218,-0.8146768132268842
99,A20cl_L,-0.3023606114683439,-0.284568863690847,0.014897322722235151,-0.16804707938334987,-0.07199015697324887,-0.3613365880036589
100,A20cl_R,-0.006330892774393701,-0.2945333562944669,-0.34846801783023634,-0.6217277379863743,-0.3807150152892622,-0.5920068311507098
101,A20cv_L,-0.6498787747122358,-0.502875489133942,-0.058561753056295934,-0.5938840712670743,-0.5494159865681942,-0.3432176146683663
102,A20cv_R,-0.20490179165741904,-0.38377729910173325,-0.4028978319624314,-0.8226048920395954,-0.5935023656891424,-0.5713462884102468
103,A20rv_L,-0.392364712189191,-0.19647144863901223,-0.377674442062841,-0.3406851984113103,-0.4373806461323794,-0.2589650773249676
104,A20rv_R,-0.2747273611830552,-0.3384487602821175,-0.5205144831029453,-0.4705345169486633,-0.6832348359409665,-0.5827148323566511
105,A37mv_L,-1.2043034465173057,-0.912244294190959,-0.9148292227228713,-0.8052634175614443,-0.9392998770369303,-1.0194641630322496
106,A37mv_R,-0.9103680307598567,-0.8141834391102227,-0.8356612992419564,-0.8776537381996425,-0.9508615264390435,-0.9550132525939665
107,A37lv_L,-0.7763925529352755,-0.5224419989568331,-0.6457367289661597,-0.5831185086993466,-0.5793822497249181,-0.5274546976853187
108,A37lv_R,-0.581901142447109,-0.32439757930720825,-0.7116607319206341,-0.7277523089875346,-0.5324265832926828,-0.7482670114729512
109,A35/36r_L,-0.008737394411569527,0.10263674809422017,-0.09962927202730817,-0.08740344308696284,0.004226551638214307,-0.08394136671014016
110,A35/36r_R,0.17798642340726586,0.24485178244260303,-0.1965298782652651,0.03363118916760055,-0.28666576948072153,-0.2778642732931296
111,A35/36c_L,-0.40436876077146905,-0.4895126055841677,-0.3820984093981024,-0.45998746455799394,-0.48754131222402614,-0.7416912831380242
112,A35/36c_R,-0.2778976406749983,-0.2523452296892779,-0.45443634999926963,-0.5139573544416502,-0.49448610484840005,-0.7508889672720092
113,TL_L,0.19223131031755614,-0.009216371085804607,-0.009793424254770054,-0.22640353581586362,-0.19517416766404047,-0.25560548019477014
114,TL_R,-0.020220831499001984,-0.017246575042026865,-0.09109474247664905,-0.25407354322029313,0.16084227774763815,-0.29578248525793505
115,A28/34_L,-0.08778501162034956,-0.057179273395644895,-0.23822714335987394,-0.48474234895676427,-0.1532140028639992,-0.3561450972482455
116,A28/34_R,-0.06955858189930095,0.10252754892962523,-0.14820805035078852,-0.3268034406447837,-0.17383432874694965,-0.17372413043750887
117,TI_L,0.24552024371459982,0.20875574704983746,0.06262400161461969,0.07592214706670963,0.24874939638124874,-0.12355384099569038
118,TI_R,-0.055515911209976135,0.3099000333553423,-0.16408141382745609,-0.10273745267870457,-0.01399071775698354,-0.06914410421876571
119,TH_L,-0.33039250575646506,-0.27157409266872207,-0.33332096383231374,-0.38879673647705887,-0.38327071879954044,-0.5363299246438131
120,TH_R,-0.19895943063842084,-0.10681020199070439,-0.23119213393121563,-0.5577284604133866,-0.014465537358570854,-0.3729546013152894
121,rpSTS_L,0.310004671125475,0.14136377562196578,0.502549039591184,0.14958887904799956,0.5374976178585313,0.31024487301469467
122,rpSTS_R,0.2756221657698348,0.17424253651907284,0.49821487844836376,0.2372383421927772,0.2502099021273695,0.21387407229197283
123,cpSTS_L,0.11079326727607881,0.05485070789176792,0.19248974694696705,0.030855119716057568,0.28009606297087697,-0.03133699024176616
124,cpSTS_R,0.2999919204334817,0.3465381602741442,0.36851781817438456,0.26894482777534584,0.08253009782732405,0.1293056673824229
125,A7r_L,-0.12250258617212569,0.47079781952024496,0.3225279313275869,0.07541050860892297,0.5460292100075169,0.5236823374010096
126,A7r_R,0.1643630062737223,0.509518760477386,0.4832051294830617,0.11177148371135025,0.6359019346304101,0.4806349758665897
127,A7c_L,-0.7387712024808006,-0.09469360648889681,-0.48106713625673286,-0.526419314429528,-0.22418802817395617,-0.19177598599402038
128,A7c_R,-0.5950375634096132,-0.2548609116911423,-0.5426331538040938,-0.3854453898664779,-0.13692651160777108,-0.05700758196512686
129,A5l_L,0.15337990470406201,0.22852942810342866,0.31311555750458125,0.7076660157173196,0.20660013066941668,0.15088353510899608
130,A5l_R,0.0773080806946856,0.2789189939220085,0.5190217395719519,0.6473982254624431,0.4874202417318424,0.5019446721498703
131,A7pc_L,0.5111614181132033,0.6821388835080375,0.5786547948149019,0.621966799518347,0.6867232337120611,0.6675817615377254
132,A7pc_R,0.39699588569726063,0.5856045621573395,0.6920030627625846,0.6070216914094988,0.8747767570554498,0.7182432956355312
133,A7ip_L,-0.19575710551412756,0.058364896466017134,0.03685426373267501,0.14696221828646713,0.31869540607686125,0.11508804088218898
134,A7ip_R,-0.03664667008840404,0.02795295781741436,0.3364398564355928,0.36099403307005273,0.35421214267735773,0.17163210496481593
135,A39c_L,-1.2328476956750796,-1.2217980548428464,-1.20436427605216,-0.7960181386422239,-1.094267705224477,-1.600230730034572
136,A39c_R,-1.079618510546027,-0.9192272432811348,-1.1540619838837542,-1.1047920077833464,-1.3075733627843187,-1.5227537634046775
137,A39rd_L,-0.4372850320892744,-0.24920735646885528,-0.23220166602407727,-0.36831955642119035,0.08700338300089208,0.10244088538593188
138,A39rd_R,-0.6121520686381874,-0.38070351943216085,-0.4703062843808039,-0.5174457662891441,-0.18532668912873784,-0.31263641791491403
139,A40rd_L,0.3724880952459361,0.3331238959172647,0.32951518942014957,0.7988951220628068,0.4242103022342462,0.2555927090624558
140,A40rd_R,0.11971628504392676,0.041178156315470935,0.31263258792295395,0.8417480322435008,0.3901107692985941,0.41983207643737613
141,A40c_L,-0.09805567990598411,0.13185997793705323,-0.0519728183887436,-0.1600884574242419,0.1487695568767272,0.24575094948399548
142,A40c_R,-0.06294866789624297,0.17896639117457447,0.1560642944585875,0.23800277426320554,0.21817634972993272,0.4899497779010848
143,A39rv_L,-0.7168709751664338,-0.6686996705819197,-0.5166702159302033,-0.7759913924617275,-0.4903133749348738,-0.8585064680414236
144,A39rv_R,-0.39125094790992726,-0.25200738051576,-0.3005973772340543,-0.42927869224925225,-0.4365072412839236,-0.5257848703672676
145,A40rv_L,0.4435822149066206,0.435756651635402,0.4138814326547895,0.5637256839989742,0.7366903519062229,0.4417831615852477
146,A40rv_R,0.3880022848790667,0.514553705926418,0.5369562105874464,0.7883690299933444,0.5232307794373627,0.4780429126693573
147,A7m_L,-0.5462225314599447,-0.30220592882073494,-0.4514861870963719,-0.6335150178410525,-0.4382365947053322,-0.21726946908078942
148,A7m_R,-0.5157208807610665,-0.2901545872306948,-0.7220630217953897,-0.7904041883280063,-0.47785729417417633,-0.3205146540752849
149,A5m_L,0.2681034548071304,0.48748694683636223,0.4101719065472685,0.42471152832484965,0.3045258344187228,0.5594980327094753
150,A5m_R,0.390727490158802,0.49574420452387374,0.11933128002292293,0.31173299727231074,0.28257623318551583,0.41675278820326633
151,dmPOS_L,-0.4718325270922973,-0.6498532382929827,-0.18214680172209163,-0.07073224371370225,-0.06747337307187401,-0.36787903848158543
152,dmPOS_R,-0.48786856395931966,-0.3381295868101597,-0.27962738310314256,-0.16400645585574405,-0.24655321972491206,-0.48259592395371687
153,A31_L,-0.08282975185255423,-0.3048245925497988,-0.18213081908308545,-0.19372607044917395,-0.211773625554933,-0.3792634456921472
154,A31_R,-0.14751056344818553,-0.3538123902378142,-0.14658121635554766,-0.16946599185430547,-0.15497549074289838,-0.32146005076135054
155,A1/2/3ulhf_L,0.39690453721199204,0.387509138213384,0.4295331123278199,0.8162256416167499,0.4981771191461776,0.41447573053896863
156,A1/2/3ulhf_R,0.3183949384938148,0.2521048520412114,0.5661619430508051,0.9321181087149452,0.644638079710664,0.6115099996882932
157,A1/2/3tonIa_L,0.6429979246469053,0.3753997504708459,0.43123416364088274,0.8010526392073213,0.8076871791524388,0.43962123718365154
158,A1/2/3tonIa_R,0.6665787191397841,0.26071738370191994,0.45403293514036963,0.6159476917765553,0.6346964835703692,0.45405000337600077
159,A2_L,0.19750402323360905,0.33311309469211786,0.49862939287316,0.7581471348467395,0.4186586003799094,0.32077668905975887
160,A2_R,0.2253541269463129,0.23481845571567245,0.5315488222097604,0.8722537806196017,0.5366657568397323,0.5749273010737996
161,A1/2/3tru_L,0.5048354922339464,0.7318906431994713,0.6065605936983114,0.7103105935582293,0.5805483257159239,0.6642346987813275
162,A1/2/3tru_R,0.4581013736553601,0.6191506240093483,0.5284296266821079,0.5764593188928285,0.5636009728213842,0.6107657162213994
163,G_L,0.5628974407979871,0.40209471827612076,0.4565914382945113,0.3181049174603418,0.2716709793495774,0.41657176396673057
164,G_R,0.1946921265835329,0.3744977622283339,0.4124513377920599,0.3820205743248006,0.4381457356509462,0.5538597346745515
165,vIa_L,0.6745189467231654,0.6247896820995438,0.37368476535582185,0.46852640725612377,0.5324084648988352,0.6305252175838519
166,vIa_R,0.5727746369053143,0.8047104155168057,0.5582577110528661,0.7078282944891229,0.5584733923983269,0.978213237594697
167,dIa_L,0.623263710122231,0.5624048618391391,0.42736781341970664,0.612007672156375,0.565792823056096,0.6433734976675896
168,dIa_R,0.6302162934010429,0.5656851129977046,0.39933923027576496,0.5453627195264626,0.5372462534859015,0.86772923769437
169,vId/vIg_L,0.4597496568701139,0.30332276885433257,0.21488085789230468,0.20597194692604523,0.3466716383679346,0.3619272063155805
170,vId/vIg_R,0.42729410602776857,0.4173766960206751,0.4984390424298298,0.45087498329055625,0.072027929526488,0.6598557024967006
171,dIg_L,0.6391287357735176,0.6706719856760529,0.41077686965888816,0.3750975288071864,0.47503814159248103,0.6557413729449102
172,dIg_R,0.3931148712967873,0.42505814329564595,0.45871575683656335,0.6730030290446674,0.4374748190699359,0.6379482790123364
173,dId_L,0.578861686184301,0.44703641630427543,0.2474341584154517,0.7619384269133846,0.4175471693766545,0.6946301888803582
174,dId_R,0.5845513721514127,0.4890328422888582,0.7316940872230038,0.7543822076231937,0.546692711235977,0.8117565838464603
175,A23d_L,0.023943257764421667,-0.21106667087973238,-0.09407254362447492,-0.05088036279558167,-0.10582343693318193,-0.20861245254225302
176,A23d_R,0.1333811150349083,-0.17748924063698018,-0.030111728501774324,-0.08420765664369155,0.06301862823649733,-0.05854957142792792
177,A24rv_L,0.3977040192822739,0.5687571721802804,0.804533715743039,0.2652155565711439,0.46996066664631486,0.4238964259129701
178,A24rv_R,0.39507997523318716,0.8329913985207834,0.7301724922422328,0.4923496529554079,0.7137210231676059,0.546162742071086
179,A32p_L,0.4714718816934437,0.9429620800773093,0.7469325769925688,0.5527006617596202,0.8159978105607602,0.7844981952956335
180,A32p_R,0.4954135254683643,0.7473931836116168,0.8784578689056859,0.7051505877581331,0.7938128320053159,0.793100412429258
181,A23v_L,-0.34333787154378065,-0.49904940918775265,-0.4310805732186489,-0.6762329329484489,-0.7470067789351276,-0.554553090080116
182,A23v_R,-0.26035279377159976,-0.3101434904309556,-0.3843970875952527,-0.7156205964761008,-0.4397615358176883,-0.4816186152650602
183,A24cd_L,0.7849146806409789,0.6932521467014346,0.9364656482249016,0.8852909416240843,0.7432613743630647,0.6696953496564579
184,A24cd_R,0.6841297650909983,0.6961640857286847,0.982515443303303,0.9647170520989471,0.7872051903694756,0.7760343499763385
185,A23c_L,0.866514775043209,0.6263311558006908,0.7110797228032287,1.073392416635891,0.6953143000591906,0.5552244271476485
186,A23c_R,0.7394836411061263,0.6455832772566428,0.7521085295610833,1.0042522291800908,0.7272691270188057,0.5403550311239333
187,A32sg_L,0.6165372352009284,1.045696125778095,0.77015797905744,0.5970631823615815,0.8525264462876908,0.8570558185308588
188,A32sg_R,0.725517548293512,0.9804777146134415,0.8421364628487871,0.5077643933799602,0.799116167126889,0.7918408760301818
189,cLinG_L,-1.5976521398696752,-1.2980928122079125,-1.3131175912691462,-1.3914087146196554,-1.0173580854053843,-1.0553794835701802
190,cLinG_R,-1.7592508320191451,-1.6877686900271651,-1.5006380470262288,-1.6893233214503447,-1.4032058876168896,-1.3461144702497903
191,rCunG_L,-0.9075373071654683,-0.5546055259627597,-0.6688144690311544,-0.5806286109224315,-0.3490610502375498,-0.5398767679837139
192,rCunG_R,-0.9020179717975743,-0.4919783831625376,-0.5949484229520875,-0.5567417102100148,-0.3989461545500914,-0.5351527177510585
193,cCunG_L,-1.4793298747107668,-1.4871201332926964,-1.6821506381604558,-1.4124924436009887,-1.5161333157912789,-1.458658649191837
194,cCunG_R,-1.2821102644934554,-1.0714580142487335,-1.4713841704257773,-0.7556962500741833,-1.0907511630098832,-1.0347474763568436
195,rLinG_L,-0.8097461797338968,-0.7029864345318542,-0.5394093741873044,-0.754066386835909,-0.40927284054054996,-0.7051544245759268
196,rLinG_R,-0.7040964837880223,-0.4778369947317671,-0.6316347772264417,-0.7356518297081216,-0.4600087209948411,-0.6476536570209078
197,vmPOS_L,-0.4304680193759428,-0.4767297394998306,-0.48229362922992186,-0.31319550851507405,-0.210445566034189,-0.800728187065334
198,vmPOS_R,-0.3419983553495747,-0.35276645017159913,-0.24583077791858032,-0.21251166749205336,-0.17930482698709432,-0.6591384187891485
199,mOccG_L,-1.509888339155202,-1.63730213732409,-1.6581380175905898,-0.9109705186098614,-1.5911672577288773,-1.6012093876094908
200,mOccG_R,-1.5915635230823866,-1.3947274028080774,-1.7839755468437346,-1.0737765300908066,-1.6181224200236435,-1.684430652364163
201,V5/MT+_L,-1.0536340903688706,-1.122111649673983,-0.9469587743783244,-0.6338338750692546,-1.1960345771518073,-1.2893714316910783
202,V5/MT+_R,-0.9146262136752299,-1.0622839618178255,-1.161992601032225,-0.8094660398227546,-1.2739882096844792,-1.4344871474627956
203,OPC_L,-1.7470967408433036,-1.8898336815690233,-1.9293996422953703,-1.433847873265378,-1.9992130789971287,-1.752217921712123
204,OPC_R,-1.8128260132909095,-1.8951520805232411,-1.9470471789035442,-1.7025876251690322,-2.1377615115745665,-1.7679138552847096
205,iOccG_L,-1.7454434806432153,-1.8730788779106737,-1.718654399321714,-1.4877151928491081,-1.7458363152087149,-1.4855889856221243
206,iOccG_R,-1.6750678689814045,-1.6802610759961643,-1.8090284863642532,-1.832726521754173,-2.0140270567744065,-1.7154945497685141
207,msOccG_L,-1.546501139036993,-0.9091771239280836,-1.6294664371463183,-0.9127864913460053,-1.281169967810071,-1.4904869396321823
208,msOccG_R,-1.5653346012675056,-0.9270511577890759,-1.6598274737887393,-1.03392654391217,-1.301511543531397,-1.3985441177471232
209,lsOccG_L,-1.030736923031251,-0.6668421420257729,-1.0608426303146465,-0.5023903488503744,-0.7086626037920863,-0.8492836462837132
210,lsOccG_R,-1.1833684936294575,-0.7810274876081079,-1.2108558656993298,-0.5538965156599689,-0.918780026099563,-0.9272279597472298
211,mAmyg_L,0.33902415799800745,0.2041170489743865,0.14321072515195407,0.010738266975186468,0.367190136332589,-0.14150609174976708
212,mAmyg_R,0.39941089995220225,0.365312020008979,0.11603596896819005,0.1117698261652172,0.20487907617399367,-0.0644790151650316
213,lAmyg_L,0.6518968704848593,0.46238557252907014,0.4675788443312075,0.30972621860908217,0.3462359654928148,0.14655912169839017
214,lAmyg_R,0.5368834965472067,0.4560035476609655,0.3652043609562324,0.26899467027320567,0.34747692824279275,0.2692287301273872
215,rHipp_L,0.3202491714768835,0.21873145382213602,0.0830157227007393,0.08463037797565019,0.14688908185728317,0.06393346653755563
216,rHipp_R,0.2721561626617446,0.141248872394856,0.04540936463624982,0.11022715431630706,0.11769984652406666,-0.002250201496027682
217,cHipp_L,0.2748042702136973,-0.050430662032545384,-0.0022951964537104106,-0.3967543377001502,0.03330810553969983,0.27428444283817566
218,cHipp_R,0.17464928618949482,0.0597085312609378,0.22705491839513253,-0.05475273651229091,0.20819506472333088,0.13153620616437345
219,vCa_L,0.8621166316284662,1.080961471724366,1.1434723179902997,1.2217672655087457,1.0763308378990444,1.1117332070562502
220,vCa_R,0.8682237678667597,0.9875273524147481,1.0974786776947487,0.7988525441663459,0.9837781409067556,1.0110506837563533
221,GP_L,0.5022337716359869,0.5732381977072852,0.5168793032305202,0.5151083763722617,0.6604922668086636,0.9124913960388096
222,GP_R,0.48622232128208065,0.6033281070255552,0.5246553468345231,0.2397582827824336,0.6303146045799902,0.7904743102493148
223,NAC_L,1.226419519722955,1.180524740514196,1.1225138096037697,1.108845782562412,1.0341896097332648,1.3493328930929172
224,NAC_R,1.0084037294352401,0.997643768550761,1.1118762200538979,0.8761399666944358,0.7999982710590908,0.9475787084955625
225,vmPu_L,0.9316803529010755,0.8974362599316292,0.8786861147694693,0.9320874120749819,0.9548166125722446,1.1592520612455064
226,vmPu_R,0.8958631355628118,0.9477827621261429,0.758293495442691,0.6784038866931643,0.8566928341950449,1.0865840265474493
227,dCa_L,-0.033956865374022926,-0.15605882662645534,0.00884517715360195,-0.06231393217090651,0.43497959683545917,0.18875264467514724
228,dCa_R,0.1479105789785708,0.059571350622725276,-0.07100970082113582,0.06987923070245776,0.6123943819744473,0.40681553705952067
229,dlPu_L,0.971519570620661,0.950357262894157,0.8571554139286436,0.9200804441630107,0.6936042879599803,1.1319986289467283
230,dlPu_R,1.0563990783316126,0.9923368278957215,0.8672308662185745,0.9923161245394976,0.9329713730817639,1.0443078539145536
231,mPFtha_L,0.29481087537030387,0.19061408994277637,0.4774017181042115,0.07714421274161894,0.33229256403315427,0.50597223357674
232,mPFtha_R,0.32762258364507346,0.37858848122743194,0.5098332000438744,0.014570937265075277,0.3804044045196632,0.4329191405186451
233,mPMtha_L,0.240769348266735,0.5253703940522298,0.5182574717271978,0.35602284904397,0.5478271694144197,0.7176356240076165
234,mPMtha_R,0.428414383399768,0.7925795402688328,0.6358126859667959,0.3624432163257401,0.5947568495650565,0.5535129631977199
235,Stha_L,0.28463550085462297,0.6397417690862239,0.607377802990212,0.4371219741862847,0.5506489817247554,0.6971384719903738
236,Stha_R,0.45390243447885587,0.6873056021096517,0.6298144046617313,0.35101915582556825,0.6065579995678847,0.7502137346228747
237,rTtha_L,0.5616201131908809,0.26306119365136144,0.523207355969819,0.11376587125511764,0.48211115255301723,0.5186607545991186
238,rTtha_R,0.08376189160101341,-0.1298859097558754,-0.017561185865689617,-0.2734205783170841,0.20641080779974966,0.22297435133976623
239,PPtha_L,0.1613681327246343,0.46769832275533235,0.5538855957020222,0.413986380537361,0.3575470278376166,0.4816286222986858
240,PPtha_R,0.21186520948952897,0.3606795136764208,0.3689097011243323,0.09161250836193102,0.37747035640951554,0.3570125850455549
241,Otha_L,0.0803739728467358,0.19700723173035742,0.14417784639433287,0.2032697549583658,0.10428507925872958,0.4341384953417358
242,Otha_R,0.08326343299485035,0.04929982307067619,0.11537022121205778,-0.018767012207323224,0.1768445820662516,0.21497097108412205
243,cTtha_L,0.12583146107095203,0.22607915901443576,0.2642975174862721,0.26853624708854734,0.2686018229204182,0.3305305681992765
244,cTtha_R,0.3367953920779616,0.48851876149337703,0.415527311600469,0.2983075067838546,0.7982300428917731,0.6089085730860614
245,lPFtha_L,0.4461454232764615,0.5872751145746672,0.7485277605163991,0.5254880724723442,0.670839501232148,0.8096008425579793
246,lPFtha_R,0.3234377806456118,0.6819138048416805,0.6697770899709362,0.26854601146225515,0.46279469049685157,0.45729461804815175
