ROI_ID,ROI_Name,DC_z
1,A8m_L,-0.04511889408572677
2,A8m_R,-0.1256048474122205
3,A8dl_L,-0.24997952458114506
4,A8dl_R,-0.735415640561885
5,A9l_L,-1.1862107172652656
6,A9l_R,-0.8109023326639985
7,A6dl_L,-0.9914865516941505
8,A6dl_R,-1.683800269744244
9,A6m_L,-0.5164061119745414
10,A6m_R,-0.23262525287653382
11,A9m_L,0.28756488502257077
12,A9m_R,0.5102112760772938
13,A10m_L,-0.39082324055701817
14,A10m_R,-0.25756627061773363
15,A9/46d_L,-0.8076527722560249
16,A9/46d_R,-0.40538387681193705
17,IFJ_L,-0.08492176154413436
18,IFJ_R,-0.5861281476835772
19,A46_L,-0.7587138654993522
20,A46_R,-0.27182913930070907
21,A9/46v_L,0.0032091480166524396
22,A9/46v_R,0.16995052066859684
23,A8vl_L,-1.7999633642460076
24,A8vl_R,-0.9279810273153717
25,A6vl_L,-0.5489287383101137
26,A6vl_R,-1.735001320814977
27,A10l_L,-0.2958113901371847
28,A10l_R,-0.18572005801684432
29,A44d_L,-0.7167228412947666
30,A44d_R,0.5662998057652855
31,IFS_L,0.24414834305470906
32,IFS_R,0.16268498599084655
33,A45c_L,0.32364614769392647
34,A45c_R,-0.1658037865261963
35,A45r_L,0.1959020401168867
36,A45r_R,0.25207474935590063
37,A44op_L,0.24937642562674683
38,A44op_R,1.124338881757296
39,A44v_L,1.0509994774040616
40,A44v_R,0.28129004823898723
41,A14m_L,1.0875582548034382
42,A14m_R,1.7434615819925459
43,A12/47o_L,0.8184735774249086
44,A12/47o_R,1.083620459249399
45,A11l_L,0.9587321494087447
46,A11l_R,1.2219920284117942
47,A11m_L,0.952807409288119
48,A11m_R,0.6402572163632326
49,A13_L,1.6889665634520539
50,A13_R,1.7338824919375346
51,A12/47l_L,0.902993785184035
52,A12/47l_R,1.7748393120285975
53,A4hf_L,0.05310838752399295
54,A4hf_R,-0.1440847936980645
55,A6cdl_L,-0.6471089564553877
56,A6cdl_R,-1.7893886396567935
57,A4ul_L,-0.8915722235893816
58,A4ul_R,-1.5050090584053806
59,A4t_L,-0.8854883678190311
60,A4t_R,-1.4708763181846711
61,A4tl_L,0.23457420209492347
62,A4tl_R,-0.202214325931884
63,A6cvl_L,0.5689939724651325
64,A6cvl_R,0.38994750408499124
65,A1/2/3ll_L,-0.9622287739629901
66,A1/2/3ll_R,-0.2911168076726149
67,A4ll_L,-0.4702762163827262
68,A4ll_R,-0.3937005852796482
69,A38m_L,0.37463266508922743
70,A38m_R,0.30590076613728007
71,A41/42_L,0.1780451141656709
72,A41/42_R,0.7866251274138188
73,TE1.0/TE1.2_L,0.857360168878098
74,TE1.0/TE1.2_R,1.3835200958885456
75,A22c_L,0.8954062272974398
76,A22c_R,1.099317495916528
77,A38l_L,1.056865348808218
78,A38l_R,1.0138296170485304
79,A22r_L,1.2349104768877062
80,A22r_R,1.3487195666638512
81,A21c_L,0.09384450671863895
82,A21c_R,0.2914682679851844
83,A21r_L,0.31570862453661463
84,A21r_R,0.3980102288121796
85,A37dl_L,-0.3402783409719857
86,A37dl_R,0.5091147351483784
87,aSTS_L,0.7275112450000014
88,aSTS_R,1.0592583656200818
89,A20iv_L,-0.4774964580009036
90,A20iv_R,-0.19520701540534274
91,A37elv_L,-1.3392189705061017
92,A37elv_R,-0.5726089593859803
93,A20r_L,0.11193691273452179
94,A20r_R,0.01853290411379799
95,A20il_L,-0.42850679077381787
96,A20il_R,0.4915878120435774
97,A37vl_L,-0.8846495950196136
98,A37vl_R,0.22626213581015395
99,A20cl_L,0.18559011215867857
100,A20cl_R,0.2375528152454283
101,A20cv_L,-0.4565723802307952
102,A20cv_R,0.018544480763785523
103,A20rv_L,-0.2950729918434134
104,A20rv_R,-0.27471261980562994
105,A37mv_L,-1.42686035404168
106,A37mv_R,-0.7269420448608225
107,A37lv_L,-1.1241691862045948
108,A37lv_R,-0.5193959134956077
109,A35/36r_L,-0.01622198021789514
110,A35/36r_R,0.022828872240354518
111,A35/36c_L,0.12730062630281835
112,A35/36c_R,0.5988349651662603
113,TL_L,0.16804613727525552
114,TL_R,0.06185856279303156
115,A28/34_L,0.529155345976304
116,A28/34_R,-0.3077430011981507
117,TI_L,-0.32138879543759813
118,TI_R,-0.01883327416391455
119,TH_L,-0.04720814415076491
120,TH_R,0.5042397989014459
121,rpSTS_L,0.6502375874742018
122,rpSTS_R,0.8217693869175801
123,cpSTS_L,0.14796224629205806
124,cpSTS_R,0.5449930055176925
125,A7r_L,-0.9382434867172911
126,A7r_R,-0.7463139100511017
127,A7c_L,-0.6498715848056433
128,A7c_R,-0.4562740548635677
129,A5l_L,-0.9070893979886602
130,A5l_R,-0.7264718150750905
131,A7pc_L,-0.9448050740008066
132,A7pc_R,-0.4664238992439955
133,A7ip_L,-1.1888147938058815
134,A7ip_R,-1.3502007264670493
135,A39c_L,-2.1452025809997544
136,A39c_R,-0.45869847838801175
137,A39rd_L,-0.4152056845133628
138,A39rd_R,-0.47481665017677455
139,A40rd_L,0.339029533646161
140,A40rd_R,-0.4862824833366255
141,A40c_L,0.21445298919307185
142,A40c_R,0.44819125057238035
143,A39rv_L,-1.0489709524745405
144,A39rv_R,0.23663199852802663
145,A40rv_L,-1.09185756616018
146,A40rv_R,-0.4398937311467412
147,A7m_L,-1.1426499553583471
148,A7m_R,-1.0468728400774445
149,A5m_L,-1.2113994171672249
150,A5m_R,-0.4581888085122278
151,dmPOS_L,-1.547973314559724
152,dmPOS_R,-1.555195607616868
153,A31_L,-1.243698679319289
154,A31_R,-0.7242199756780668
155,A1/2/3ulhf_L,-0.27048885934958244
156,A1/2/3ulhf_R,-0.5605982266049822
157,A1/2/3tonIa_L,-0.09540905699880871
158,A1/2/3tonIa_R,-0.29168114011802826
159,A2_L,-0.37823167795423535
160,A2_R,-0.07536548490405641
161,A1/2/3tru_L,0.029028362369286204
162,A1/2/3tru_R,-0.29038963910776433
163,G_L,0.41475524769146255
164,G_R,1.126972880854842
165,vIa_L,1.1976250999778328
166,vIa_R,1.6356602072515674
167,dIa_L,1.0129114380232416
168,dIa_R,1.2489817835801222
169,vId/vIg_L,0.9770553229741555
170,vId/vIg_R,1.5048498605849678
171,dIg_L,1.0584693426887242
172,dIg_R,0.5162034855748837
173,dId_L,0.869811790611002
174,dId_R,0.5715667573443766
175,A23d_L,-0.2293323770534498
176,A23d_R,0.5950361809355806
177,A24rv_L,0.12951825200149183
178,A24rv_R,1.2168158654259804
179,A32p_L,1.2564879551902048
180,A32p_R,1.0961975760285358
181,A23v_L,-0.2358100466659599
182,A23v_R,-0.07905426806392522
183,A24cd_L,-0.5541539890985402
184,A24cd_R,-0.287610887483306
185,A23c_L,0.4270659157417016
186,A23c_R,0.8121004099655246
187,A32sg_L,1.707739674019991
188,A32sg_R,1.6688735758922513
189,cLinG_L,-2.161785708718158
190,cLinG_R,-1.3165349494133751
191,rCunG_L,-1.563498254287622
192,rCunG_R,-0.9554005012680885
193,cCunG_L,-2.041868975413766
194,cCunG_R,-1.74898434977692
195,rLinG_L,-1.6989547592467122
196,rLinG_R,-0.9236321474901957
197,vmPOS_L,-0.6351500356639365
198,vmPOS_R,-0.0818821452559053
199,mOccG_L,-2.5573729688244704
200,mOccG_R,-2.1197313777175784
201,V5/MT+_L,-1.6708194536992391
202,V5/MT+_R,-0.8994726394585552
203,OPC_L,-2.0600607502193045
204,OPC_R,-1.9473834287023954
205,iOccG_L,-2.4102103829713304
206,iOccG_R,-1.8971573565141326
207,msOccG_L,-2.2997402079307476
208,msOccG_R,-2.3770026220298073
209,lsOccG_L,-1.8174397951317032
210,lsOccG_R,-1.5284814141410545
211,mAmyg_L,-0.3381609533412672
212,mAmyg_R,0.3241276272786396
213,lAmyg_L,0.11065217379738523
214,lAmyg_R,0.432170876401938
215,rHipp_L,0.6360397347120738
216,rHipp_R,0.20371300515744498
217,cHipp_L,0.4136435819864784
218,cHipp_R,0.5431028930676958
219,vCa_L,1.6071072345027055
220,vCa_R,1.6010252100041027
221,GP_L,0.42253803829018616
222,GP_R,1.2186176685161882
223,NAC_L,1.5318620345640814
224,NAC_R,1.9297100532009666
225,vmPu_L,0.6386131142176396
226,vmPu_R,0.9663670057932998
227,dCa_L,1.057036474883799
228,dCa_R,1.0729781615419705
229,dlPu_L,0.7340535163433761
230,dlPu_R,1.3164942214867934
231,mPFtha_L,1.1400272302469994
232,mPFtha_R,1.5644891799704403
233,mPMtha_L,0.8466020997179303
234,mPMtha_R,1.1785313077479855
235,Stha_L,0.9210880033631954
236,Stha_R,1.0747177032291775
237,rTtha_L,1.6087753965571019
238,rTtha_R,1.274743257576506
239,PPtha_L,1.356732818211157
240,PPtha_R,1.4269039951181641
241,Otha_L,1.2626419837925118
242,Otha_R,1.3627405569127062
243,cTtha_L,1.3080487559703924
244,cTtha_R,1.5667684654285994
245,lPFtha_L,1.0740539204960324
246,lPFtha_R,1.4952018866688448
