ROI_ID,ROI_Name,FC_Strength
1,A8m_L,0.0022765363712205487
2,A8m_R,0.024411308351300943
3,A8dl_L,-0.00015600766352695918
4,A8dl_R,-0.012761939328423212
5,A9l_L,-0.08501053403083696
6,A9l_R,-0.077517725595956
7,A6dl_L,0.0154445145555428
8,A6dl_R,-0.05115458404074228
9,A6m_L,0.02438845169883126
10,A6m_R,0.0005214132445145687
11,A9m_L,0.016469617458465532
12,A9m_R,0.04421159656001821
13,A10m_L,-0.03626477869236807
14,A10m_R,-0.03833580825213078
15,A9/46d_L,-0.011992211194510773
16,A9/46d_R,-0.008991161070924701
17,IFJ_L,0.006081072446730671
18,IFJ_R,0.02760647984636676
19,A46_L,-0.005142468175684224
20,A46_R,-0.033766293871999115
21,A9/46v_L,0.004004153101279112
22,A9/46v_R,-0.001855049542960612
23,A8vl_L,0.014385689868434446
24,A8vl_R,-0.030266773896047598
25,A6vl_L,0.03240666988667195
26,A6vl_R,-0.0061586066656842435
27,A10l_L,-0.004150826661324678
28,A10l_R,-0.051536203331519724
29,A44d_L,0.04614069752235584
30,A44d_R,0.04336392653847033
31,IFS_L,0.00446636490191675
32,IFS_R,0.035748193206944986
33,A45c_L,-0.019070594435997526
34,A45c_R,0.01389231915821066
35,A45r_L,0.013774346776037096
36,A45r_R,0.03905493759219034
37,A44op_L,0.0021840945750156303
38,A44op_R,0.03420447288781022
39,A44v_L,-0.0030707899774474125
40,A44v_R,0.03241041846804926
41,A14m_L,-0.050126559539195294
42,A14m_R,-0.01029568487219773
43,A12/47o_L,0.011091638707351135
44,A12/47o_R,0.058532830108670234
45,A11l_L,0.032763711010875635
46,A11l_R,0.04670225694763904
47,A11m_L,0.010213689130172907
48,A11m_R,-0.037823500382782003
49,A13_L,0.05141366096995147
50,A13_R,0.030097431177698284
51,A12/47l_L,0.03023464720772253
52,A12/47l_R,0.08167209138092713
53,A4hf_L,-0.022709060993032402
54,A4hf_R,0.002368478579263038
55,A6cdl_L,0.014301888636487861
56,A6cdl_R,-0.01185407322503197
57,A4ul_L,0.01531233654372132
58,A4ul_R,-8.018511202983549e-05
59,A4t_L,-0.00013056808588928826
60,A4t_R,-0.008918378047725075
61,A4tl_L,0.02338114391592218
62,A4tl_R,0.04391098025766305
63,A6cvl_L,0.016215975801043406
64,A6cvl_R,0.02604392345245656
65,A1/2/3ll_L,0.04955124204488908
66,A1/2/3ll_R,-0.016573149415215947
67,A4ll_L,0.03272731263253635
68,A4ll_R,0.023267103683750526
69,A38m_L,-0.031005038249451923
70,A38m_R,0.04384833744221619
71,A41/42_L,-0.017689718401944464
72,A41/42_R,0.05982390906302275
73,TE1.0/TE1.2_L,0.0026850041725593196
74,TE1.0/TE1.2_R,0.0615163584969724
75,A22c_L,-0.028784420202829345
76,A22c_R,0.04215259190463233
77,A38l_L,-0.0066047754285954
78,A38l_R,0.06871724843906697
79,A22r_L,0.009149452521810599
80,A22r_R,0.0518831654466557
81,A21c_L,0.010810950179449587
82,A21c_R,0.04661108605981666
83,A21r_L,0.028965842761055044
84,A21r_R,0.06875665613818406
85,A37dl_L,-0.001394546843162834
86,A37dl_R,0.01236054760642078
87,aSTS_L,-0.003276556522506642
88,aSTS_R,0.04258526766038815
89,A20iv_L,-0.05704821455373833
90,A20iv_R,-0.023391088684961387
91,A37elv_L,-0.03321683648631352
92,A37elv_R,3.573875107963217e-05
93,A20r_L,0.001323961912224196
94,A20r_R,0.0031964921256018275
95,A20il_L,-0.006861971492861558
96,A20il_R,0.005442964404283753
97,A37vl_L,-0.01784546488816645
98,A37vl_R,0.005505732789083569
99,A20cl_L,0.007396921940040659
100,A20cl_R,0.023671537786976282
101,A20cv_L,-0.05586484593057705
102,A20cv_R,-0.02907211771361791
103,A20rv_L,-0.038928912171023136
104,A20rv_R,-0.01462490675582468
105,A37mv_L,0.00695466134381261
106,A37mv_R,-0.011321502846666612
107,A37lv_L,-0.05580638603952392
108,A37lv_R,0.004671650388887489
109,A35/36r_L,-0.014660941633958955
110,A35/36r_R,-0.027430236016790604
111,A35/36c_L,-0.061135841411852125
112,A35/36c_R,0.004919710645198507
113,TL_L,-0.00018440300142773014
114,TL_R,0.005290874425963897
115,A28/34_L,0.00849285090872641
116,A28/34_R,-0.04095032245327136
117,TI_L,-0.005860261328308906
118,TI_R,-0.01973688924098298
119,TH_L,0.031319059183033016
120,TH_R,0.02756141132800987
121,rpSTS_L,-0.0365030072858749
122,rpSTS_R,0.02036218956072063
123,cpSTS_L,-0.02184696083471376
124,cpSTS_R,0.009832362021637652
125,A7r_L,0.07133201504806179
126,A7r_R,0.08239599254784137
127,A7c_L,0.0639884931092445
128,A7c_R,0.06523342741668854
129,A5l_L,0.044231766307002186
130,A5l_R,0.06102382080523923
131,A7pc_L,0.06823812111634943
132,A7pc_R,0.0804917444928579
133,A7ip_L,0.061230973709736
134,A7ip_R,0.07458813406787329
135,A39c_L,-0.011662997322337094
136,A39c_R,-0.009464177969381161
137,A39rd_L,0.04841269603344066
138,A39rd_R,0.054990609824554004
139,A40rd_L,0.037032994890223776
140,A40rd_R,0.06322839845592454
141,A40c_L,0.028388836137443026
142,A40c_R,0.06692040971875082
143,A39rv_L,0.013686197551655522
144,A39rv_R,0.05180265213760414
145,A40rv_L,0.008818620156729464
146,A40rv_R,0.018007413627831093
147,A7m_L,0.05949827441916263
148,A7m_R,0.061161220146266966
149,A5m_L,0.06290336835239128
150,A5m_R,0.0728280296022396
151,dmPOS_L,0.03638850935661096
152,dmPOS_R,0.03101303006425363
153,A31_L,0.02316872840489586
154,A31_R,0.022410872085915887
155,A1/2/3ulhf_L,-0.015072421290044402
156,A1/2/3ulhf_R,0.022552573500008017
157,A1/2/3tonIa_L,0.015336593926507405
158,A1/2/3tonIa_R,0.044940873580839175
159,A2_L,0.01771539726630538
160,A2_R,0.011517760034387658
161,A1/2/3tru_L,-0.022550457672867293
162,A1/2/3tru_R,0.05238835195786194
163,G_L,0.03578774699229064
164,G_R,0.02807228604517802
165,vIa_L,0.02349576840790053
166,vIa_R,0.050869023090191076
167,dIa_L,0.021902605569378553
168,dIa_R,0.022337853041266276
169,vId/vIg_L,0.06049271879714275
170,vId/vIg_R,0.022478888744628094
171,dIg_L,0.05455837236750778
172,dIg_R,0.006629928812293203
173,dId_L,-0.009629527935933111
174,dId_R,-0.006182068090344275
175,A23d_L,-0.0009421083229829157
176,A23d_R,0.013655327866188291
177,A24rv_L,-0.019134597867606008
178,A24rv_R,0.00891529893450656
179,A32p_L,0.013133136442507215
180,A32p_R,0.05162276033648501
181,A23v_L,0.01561787290013538
182,A23v_R,0.013772173219851747
183,A24cd_L,-0.03473628918791257
184,A24cd_R,-5.084258758941673e-05
185,A23c_L,-0.006447832916045701
186,A23c_R,-0.0035416576008529287
187,A32sg_L,-0.005912158192738508
188,A32sg_R,0.043505340015082286
189,cLinG_L,0.010058057766113498
190,cLinG_R,-0.05184496525769661
191,rCunG_L,0.012608099962822014
192,rCunG_R,0.016185280207691995
193,cCunG_L,-0.049959625917879724
194,cCunG_R,-0.03804890708773553
195,rLinG_L,0.012965593085174292
196,rLinG_R,0.01489157222668702
197,vmPOS_L,-0.001947488125135516
198,vmPOS_R,-0.002074442615576696
199,mOccG_L,-0.08195796722592653
200,mOccG_R,-0.05393694457930305
201,V5/MT+_L,-0.037091837306713345
202,V5/MT+_R,-0.04862488695919332
203,OPC_L,-0.11135358643551488
204,OPC_R,-0.11016913946645943
205,iOccG_L,-0.09003936316986398
206,iOccG_R,-0.079269253556099
207,msOccG_L,0.00627118793514653
208,msOccG_R,0.033526814124215196
209,lsOccG_L,0.036045957524421336
210,lsOccG_R,0.0452572047392868
211,mAmyg_L,0.018159398964772804
212,mAmyg_R,0.0003650609725261531
213,lAmyg_L,0.026714050592831266
214,lAmyg_R,-0.005619775116570748
215,rHipp_L,0.04117060002835827
216,rHipp_R,-0.0065279810388825755
217,cHipp_L,0.04728142624946078
218,cHipp_R,0.03211692890085413
219,vCa_L,0.023939807003132158
220,vCa_R,0.035442250102426874
221,GP_L,0.03161965971813052
222,GP_R,0.035478292333496565
223,NAC_L,0.08840162502336991
224,NAC_R,0.029822945918645902
225,vmPu_L,0.03273133897619954
226,vmPu_R,0.03741664764779252
227,dCa_L,0.007984341863515614
228,dCa_R,-0.02399693404514254
229,dlPu_L,0.0666364135850582
230,dlPu_R,0.03145032057348105
231,mPFtha_L,0.03989510188078344
232,mPFtha_R,0.07703895301844914
233,mPMtha_L,0.0117316830988768
234,mPMtha_R,0.0708364303232471
235,Stha_L,0.06533664711804078
236,Stha_R,0.06592623148205422
237,rTtha_L,0.01717469191208402
238,rTtha_R,0.015541140202729795
239,PPtha_L,0.06566066749455385
240,PPtha_R,0.054346591292935294
241,Otha_L,0.07577761688060958
242,Otha_R,0.07785010738727437
243,cTtha_L,0.06929447605930429
244,cTtha_R,0.04573968603615455
245,lPFtha_L,0.036325050136323665
246,lPFtha_R,0.08408362815161886
