ROI_ID,ROI_Name,ALFF
1,A8m_L,103434.6484375
2,A8m_R,130079.1875
3,A8dl_L,109811.234375
4,A8dl_R,109573.46875
5,A9l_L,164802.875
6,A9l_R,157338.15625
7,A6dl_L,161340.234375
8,A6dl_R,137213.296875
9,A6m_L,100106.5546875
10,A6m_R,112977.4921875
11,A9m_L,73462.984375
12,A9m_R,75100.640625
13,A10m_L,107714.3984375
14,A10m_R,117133.84375
15,A9/46d_L,99042.4921875
16,A9/46d_R,89437.234375
17,IFJ_L,68916.2109375
18,IFJ_R,89098.578125
19,A46_L,124388.3359375
20,A46_R,125645.703125
21,A9/46v_L,99945.359375
22,A9/46v_R,110657.6015625
23,A8vl_L,90647.96875
24,A8vl_R,114488.6015625
25,A6vl_L,82929.5859375
26,A6vl_R,111521.5
27,A10l_L,107652.9453125
28,A10l_R,120213.7421875
29,A44d_L,71631.359375
30,A44d_R,84343.859375
31,IFS_L,94688.6328125
32,IFS_R,85216.4140625
33,A45c_L,69539.4921875
34,A45c_R,87538.5078125
35,A45r_L,75775.0234375
36,A45r_R,93372.0234375
37,A44op_L,40470.68359375
38,A44op_R,43542.63671875
39,A44v_L,66715.6796875
40,A44v_R,71837.2578125
41,A14m_L,85375.6484375
42,A14m_R,81655.0234375
43,A12/47o_L,71268.8828125
44,A12/47o_R,80408.171875
45,A11l_L,45805.87890625
46,A11l_R,50537.90625
47,A11m_L,85272.59375
48,A11m_R,113670.7421875
49,A13_L,57003.0703125
50,A13_R,56374.03125
51,A12/47l_L,68206.1171875
52,A12/47l_R,72588.75
53,A4hf_L,61074.30859375
54,A4hf_R,68638.65625
55,A6cdl_L,69875.0390625
56,A6cdl_R,70733.6640625
57,A4ul_L,82460.8984375
58,A4ul_R,87898.09375
59,A4t_L,218665.421875
60,A4t_R,165576.75
61,A4tl_L,44401.75390625
62,A4tl_R,49519.0234375
63,A6cvl_L,52529.04296875
64,A6cvl_R,65427.5234375
65,A1/2/3ll_L,96690.1484375
66,A1/2/3ll_R,70654.5390625
67,A4ll_L,84949.8203125
68,A4ll_R,93350.5234375
69,A38m_L,129278.625
70,A38m_R,171478.390625
71,A41/42_L,79934.609375
72,A41/42_R,82888.1640625
73,TE1.0/TE1.2_L,79530.1640625
74,TE1.0/TE1.2_R,80967.1484375
75,A22c_L,84613.7421875
76,A22c_R,90599.6875
77,A38l_L,105980.8984375
78,A38l_R,108022.2578125
79,A22r_L,98300.0390625
80,A22r_R,86312.7109375
81,A21c_L,81305.0859375
82,A21c_R,69734.5
83,A21r_L,87148.0234375
84,A21r_R,79716.0703125
85,A37dl_L,98430.4609375
86,A37dl_R,85967.4921875
87,aSTS_L,63377.7578125
88,aSTS_R,64296.140625
89,A20iv_L,59317.37890625
90,A20iv_R,63929.48046875
91,A37elv_L,63788.08203125
92,A37elv_R,52738.3046875
93,A20r_L,96153.8125
94,A20r_R,85821.40625
95,A20il_L,81518.234375
96,A20il_R,68675.9921875
97,A37vl_L,70008.828125
98,A37vl_R,59817.4140625
99,A20cl_L,65203.9375
100,A20cl_R,43307.171875
101,A20cv_L,62603.09375
102,A20cv_R,65559.765625
103,A20rv_L,80377.9765625
104,A20rv_R,77176.4921875
105,A37mv_L,56853.140625
106,A37mv_R,58466.58984375
107,A37lv_L,49343.8828125
108,A37lv_R,51204.38671875
109,A35/36r_L,88075.2421875
110,A35/36r_R,92459.3203125
111,A35/36c_L,119331.234375
112,A35/36c_R,98613.3984375
113,TL_L,66225.1640625
114,TL_R,60322.97265625
115,A28/34_L,136757.171875
116,A28/34_R,174077.984375
117,TI_L,119514.4609375
118,TI_R,161524.078125
119,TH_L,120784.453125
120,TH_R,116097.578125
121,rpSTS_L,83167.3203125
122,rpSTS_R,58748.5
123,cpSTS_L,99230.671875
124,cpSTS_R,74103.3515625
125,A7r_L,175674.1875
126,A7r_R,187455.890625
127,A7c_L,140205.578125
128,A7c_R,123566.484375
129,A5l_L,76200.4140625
130,A5l_R,92687.96875
131,A7pc_L,130040.7109375
132,A7pc_R,147270.765625
133,A7ip_L,117422.3046875
134,A7ip_R,95763.03125
135,A39c_L,152715.40625
136,A39c_R,125148.078125
137,A39rd_L,117570.7734375
138,A39rd_R,126461.984375
139,A40rd_L,85730.546875
140,A40rd_R,114000.1796875
141,A40c_L,87043.3515625
142,A40c_R,92920.8046875
143,A39rv_L,141422.671875
144,A39rv_R,88272.984375
145,A40rv_L,51458.62109375
146,A40rv_R,57297.37109375
147,A7m_L,103997.546875
148,A7m_R,108224.890625
149,A5m_L,90356.328125
150,A5m_R,107147.6171875
151,dmPOS_L,65935.515625
152,dmPOS_R,75443.2421875
153,A31_L,82183.9765625
154,A31_R,84720.09375
155,A1/2/3ulhf_L,77640.5078125
156,A1/2/3ulhf_R,70072.859375
157,A1/2/3tonIa_L,56125.65234375
158,A1/2/3tonIa_R,45292.80078125
159,A2_L,93742.640625
160,A2_R,98559.2890625
161,A1/2/3tru_L,155204.015625
162,A1/2/3tru_R,150979.1875
163,G_L,53202.859375
164,G_R,53180.66796875
165,vIa_L,47977.33984375
166,vIa_R,45936.703125
167,dIa_L,42779.17578125
168,dIa_R,42050.11328125
169,vId/vIg_L,63131.16015625
170,vId/vIg_R,72333.078125
171,dIg_L,49515.9765625
172,dIg_R,42448.48828125
173,dId_L,35062.94140625
174,dId_R,38519.296875
175,A23d_L,64112.5546875
176,A23d_R,57149.859375
177,A24rv_L,50515.265625
178,A24rv_R,65158.3671875
179,A32p_L,69225.859375
180,A32p_R,70821.7734375
181,A23v_L,85611.9296875
182,A23v_R,97872.7421875
183,A24cd_L,85441.1171875
184,A24cd_R,72800.2734375
185,A23c_L,70539.3046875
186,A23c_R,73414.4765625
187,A32sg_L,65375.40625
188,A32sg_R,60133.5234375
189,cLinG_L,68271.625
190,cLinG_R,83414.890625
191,rCunG_L,73433.59375
192,rCunG_R,80901.5546875
193,cCunG_L,110085.859375
194,cCunG_R,118696.9921875
195,rLinG_L,69024.65625
196,rLinG_R,74251.75
197,vmPOS_L,81201.140625
198,vmPOS_R,87807.2265625
199,mOccG_L,139186.359375
200,mOccG_R,118381.0546875
201,V5/MT+_L,88654.3671875
202,V5/MT+_R,77132.671875
203,OPC_L,174726.578125
204,OPC_R,127960.015625
205,iOccG_L,61404.5859375
206,iOccG_R,61097.37890625
207,msOccG_L,166691.03125
208,msOccG_R,153432.6875
209,lsOccG_L,135118.59375
210,lsOccG_R,123929.3828125
211,mAmyg_L,81222.1953125
212,mAmyg_R,110201.296875
213,lAmyg_L,45360.50390625
214,lAmyg_R,62962.67578125
215,rHipp_L,64408.2734375
216,rHipp_R,68844.6796875
217,cHipp_L,53415.89453125
218,cHipp_R,48064.4765625
219,vCa_L,64873.46875
220,vCa_R,66257.2890625
221,GP_L,33984.05859375
222,GP_R,30771.46875
223,NAC_L,48385.23046875
224,NAC_R,60916.7734375
225,vmPu_L,36795.4765625
226,vmPu_R,37779.4375
227,dCa_L,88291.828125
228,dCa_R,93937.6484375
229,dlPu_L,27284.228515625
230,dlPu_R,31598.8359375
231,mPFtha_L,107358.7421875
232,mPFtha_R,88355.3828125
233,mPMtha_L,36110.046875
234,mPMtha_R,54943.1171875
235,Stha_L,38516.875
236,Stha_R,33688.0
237,rTtha_L,108073.8203125
238,rTtha_R,99564.8203125
239,PPtha_L,60385.6953125
240,PPtha_R,68555.046875
241,Otha_L,65622.21875
242,Otha_R,73807.4765625
243,cTtha_L,83846.8984375
244,cTtha_R,100160.59375
245,lPFtha_L,55182.078125
246,lPFtha_R,67693.4921875
