ROI_ID,mALFF,mReHo,DC_z
1,1.1328574481086906,0.9076012905908878,-0.4108297232464546
2,1.031224081393099,0.8400924639686619,-0.7546475875993509
3,1.330487746187044,1.000847698988559,-1.6481381369716879
4,1.1568192159812833,0.9566853746983576,-0.09854655845242954
5,2.486685474127787,1.315767748042227,-1.3861022064032145
6,2.4176445214291173,1.5151936978602873,-1.289481167493092
7,0.9822971169712925,0.7656556599873069,-1.5841778841485283
8,1.017517788539164,0.7917298057120793,1.1239275523351933
9,0.7892909534430572,0.8991066070552172,0.7176947026735966
10,0.7824436924858729,0.7828378880596877,0.8837333214866256
11,1.3911393570024957,1.1189848209581397,-0.03167159700285193
12,1.1115683862603352,1.002813557967595,0.6514646933392961
13,1.7527833795571692,1.1347539038774483,-0.6342441584973403
14,1.9037068529644745,1.1648177251029723,-1.4181233951604233
15,1.423372318148479,1.0933462169039825,-2.1917913702528864
16,1.1131434960914206,1.127961756238777,0.09129255608432377
17,0.7245845174754721,1.1554815324516163,-1.1013591431010237
18,0.5969943843164451,1.0296939486867651,1.2719258350180427
19,1.5999574060817334,1.1858647817776617,-0.9094318418514612
20,1.8041030948957641,1.229519249792055,-1.2021880905902373
21,1.0690810920525178,1.1936178601810328,-2.03336337087443
22,0.9833339259242957,1.1253580334823743,-0.5426301905570514
23,1.1710954331330312,1.1523481200985335,-1.7269787954024034
24,0.9019277768967695,1.2477259899059792,0.6354791625019284
25,0.7830433076610995,1.0879052871809995,-1.8954387940900408
26,0.9026369320842299,1.0626878015733665,0.380009224016378
27,1.4484994090381473,1.0450988782785533,-0.2286568027380513
28,2.6490429219957132,1.060507843726624,-1.68925266262849
29,0.8043876226511509,1.14972375492967,-1.816621900475044
30,0.690334465286251,1.0382281306847412,1.4221639210758523
31,0.8420122011755491,1.2413834763541225,-1.145360169900423
32,0.7486304387816816,1.0195783726418424,-0.08292559283516722
33,1.0029221748481363,1.2838641056445212,-1.052601552750297
34,0.7538851091840961,0.9089351741730352,0.8057048434668997
35,1.1157995119774669,1.1551222750808976,0.28401587586756566
36,0.9185750477856574,0.9712652032459039,-0.17843116938840614
37,0.7495794049020996,0.9888085412131987,-0.18120255857643086
38,0.623283548038383,0.9071489438793585,0.13893614935651205
39,1.0766137027895317,1.1116934180488525,-0.3629344855962485
40,0.7375050561919325,0.910645583297864,1.0099529636283555
41,1.0916090013688222,1.2037145140145327,1.0744251348993121
42,0.9163347041834042,1.0313055124134625,0.48786364995456205
43,2.0991627774078463,1.1781031023690984,0.6559303227034404
44,2.7106156527536536,1.0324468658024624,0.5273568064609035
45,1.1638533186433764,1.1062894726481958,0.5522006305058073
46,1.515762862019455,1.1126614942640194,0.9086011351903971
47,1.5409749847710656,1.2968716042813622,1.009189786496732
48,1.418687220672547,0.9938965650769893,0.2713268320928108
49,0.7410409937319848,0.9566939095419713,0.8762298658190903
50,0.8666323510783681,1.1095343010993062,0.6290216355991021
51,1.2135057770195041,0.910935767980732,0.6287961226584672
52,1.0438531575910417,0.8674158064552282,0.47599405018241947
53,1.2334206255948965,1.2045513256581515,-0.7754022390540763
54,0.6043910143486173,1.2405858323649173,1.54362924042578
55,0.733829185019572,1.0516797719973896,-1.7053825066013177
56,0.6419248512269551,0.9498524715273909,1.5439761464163269
57,0.7415045403595371,1.042210263765555,-0.935884168689584
58,0.7528564696145233,1.083989315678587,1.0376462373638256
59,1.1766041450072822,1.1119178381227894,-1.5332958522296163
60,0.8692404926206555,0.8241262195457175,0.12871907741767924
61,1.2057392408193157,1.119188863265929,-0.44608060459714516
62,0.5687664414365191,1.1020765679819184,1.3356270904040652
63,1.071991676467396,1.09913581814514,-0.5042184575121927
64,0.6825508436551246,1.08565195614381,1.1630742092812616
65,0.8040932613191578,0.9692467458120388,0.2182360007062703
66,0.6777179066919516,0.9189298730142187,0.26694741410952927
67,0.7106864197965873,1.0360269349713318,0.6406352068180965
68,0.7222376205172931,0.983017418255738,1.4448837222682065
69,1.457296429507393,0.8015760379713304,0.7949454150250321
70,1.6598885299843216,0.8185392712192031,1.1240779430050039
71,0.875612260325056,1.1920532711750003,-0.9899520353968041
72,0.8937670020639386,0.9826068195001799,1.5444357685606058
73,1.2955555504813823,1.0515045099762046,-0.48303860765572915
74,0.9119070740497794,0.9895661574474713,1.4301925118190588
75,0.970713546166779,1.0235806188424903,-0.003170942955626432
76,0.5918657683787903,1.1190149906378906,0.5708416113970614
77,1.7682535564894153,0.9731387668230702,0.6685465027807668
78,1.4241245163239062,1.1196820316713318,-0.3117272168496011
79,1.7706107310590067,0.993291186634618,0.30594171797229497
80,1.1435776995545566,1.0262655880171694,-0.004935374196172251
81,0.8796796470022489,0.9251787017710592,0.9074163446350042
82,0.8143452226245123,0.8383109973086301,-0.5581313669603785
83,1.6905100143665293,0.9018489383183702,1.0883813527838087
84,1.0022440281805785,0.9514719746434965,0.24609051142216637
85,0.9253852390674907,1.0301844044674535,-1.023292475393878
86,1.1739613933889563,1.0665081695949894,-0.755163800501798
87,1.1538700685629002,0.873371671742908,-0.5793661463933907
88,0.7783584737136652,0.7799388200173021,1.1324188833958901
89,1.2250692318153558,0.9089445029555898,-1.4675262222755319
90,0.7947792857801483,0.6757854107738726,0.21369685401528146
91,0.9151203648657463,1.0791935275065945,-0.8120711561120967
92,1.09798814787116,0.8939048514381548,-1.6647408649212847
93,1.0790743562159086,0.742660144828701,-0.30278796054439056
94,0.7922517839581742,0.8336075707000858,-0.8813623374091213
95,1.3747120445664012,0.719360551055763,0.4466561164906202
96,0.8739115352433738,0.7192038142765305,1.1796717230618932
97,0.9600373918228706,1.0535045083296957,-0.8829739310043906
98,1.2877778582414554,0.876464063917382,-0.9250488403144073
99,0.8605090029045185,0.9092544699503996,0.15773337683165398
100,0.932835628913205,0.9645027621559347,-0.7486644931650995
101,1.195812825051522,0.9543994260030163,-0.8677340671496282
102,1.277230042275954,0.9370128909765324,-1.901538651483663
103,0.8221389022599696,0.754954024680906,-0.8629469833820608
104,0.7513027055917562,0.6327885226872091,-0.3484392199238577
105,0.874436484010903,0.8356641372031101,-1.1208949016182879
106,0.6640854457388045,0.9166130930233425,0.31753928854257346
107,0.7904168350283017,0.907922041922977,-1.10299143214178
108,0.7139178062360667,0.7638424357696424,-1.4871351278464067
109,0.8108070011708127,0.8870297371801682,-0.14321591416225105
110,1.0015829230225421,0.6167529409301001,-0.09631257496100662
111,1.1753457964304992,0.688098808291706,-1.2455939586742224
112,0.8388820096792078,0.7843034993444319,-0.06189153297511621
113,0.6845598970791809,0.5885388651135179,-0.14055474251260566
114,0.7186852563675474,0.7715408647092541,1.2302346950199476
115,1.06528434914252,0.8157739157267664,0.31728526427501114
116,1.0067789144127899,0.9163676997290523,0.9394538208075481
117,0.6224418819379679,0.8316779021044353,0.5982749038064239
118,0.8837559058055329,0.8099687665146847,0.03307474131454458
119,1.0118246945593168,0.6581761097129118,0.7563257737619675
120,1.4476705240698733,0.9918290819135289,0.9973717642174793
121,0.8868100254088553,0.7464476305458585,-1.677106506215685
122,0.8589783415467213,0.6981819651632121,1.3101636609529743
123,0.8394545692619982,0.8325346945447313,-1.4169785149621983
124,0.6606257118560198,1.0074070240328366,0.591441158828874
125,2.1457294927609207,1.186513694538621,0.3949554355649224
126,1.854899969694812,1.1788849999026443,0.7003410179128268
127,2.3072554203755953,1.303067768421795,0.40193775193493775
128,1.859710418892843,1.2293166630389905,0.31641805327551004
129,0.7542812803590554,0.9945351566317181,-1.713154156478624
130,0.8787512361046559,0.9884225545648059,0.7922849326676191
131,1.3070212362045663,1.1005313643183574,-0.297223074549117
132,1.3081187445548859,1.0164372855456651,1.1345315699177938
133,1.1552935616649436,1.0265774075361744,-0.943808940056932
134,1.0331385280864611,1.0122956368993257,0.6726130133870484
135,1.181226171329418,1.2239337570202655,-0.8496518450026007
136,0.8085222969381041,1.1563682299253497,0.2567272292234245
137,1.2402910770598834,1.2323586400907227,-0.34319021206275674
138,1.4686328984238441,1.348286296149594,0.8599912519258536
139,0.8538386574121607,1.200965500431961,-1.3299537567754571
140,0.9625127150022892,1.0934758274360705,0.49133921773270756
141,1.0375492923962295,1.4179670089059975,-1.2201476891259342
142,1.0630474314107377,1.1785666303873774,0.9748406478995537
143,0.9622657009570597,1.4187727246077677,-0.3926924225801409
144,0.9685597277546223,1.1930172453723062,0.19366435813876445
145,0.6741109043003379,1.173591941307388,-1.4003022492335322
146,0.7132918382110646,1.049397594512017,0.6712800557127556
147,1.2640270010098995,1.024988735715604,0.09702232222953694
148,1.3251403137534192,1.015378170998618,-0.3690241406194581
149,0.946505730520115,0.8955143641559218,1.0347485125725355
150,0.9752253297340204,0.9199622582835917,0.391975428364174
151,0.7907719836004438,1.2326865368732793,-1.5991882909975264
152,0.7083784372132436,1.1736136423051038,-0.4565904944174802
153,0.5603749034824869,1.1908558789290946,-0.6666979860716284
154,0.6628753228771107,1.2826938396457601,-0.7740241796821826
155,1.1221853345350812,1.152267402972884,-0.934901405572685
156,0.6675007750697174,1.1429993567472814,1.073661480857791
157,0.8422081785350467,0.9696808980895077,-1.0604933938030934
158,0.4604504312320079,0.9230850186225519,1.0567251609083974
159,0.8032678900641873,1.1391969185134052,-1.2844975564634729
160,0.9702109094787265,1.0358347355860762,0.6875130758824024
161,1.1740880627535442,1.1767444081950504,-0.3171632941494323
162,1.1032396559316013,0.9411671764843463,1.4127756990211555
163,0.6207179663484832,0.944549224049061,-0.36198854658406887
164,0.6716988279603807,0.8561562305581697,1.475593873657624
165,0.6116921592217694,0.9537394642584639,0.007080695696331483
166,0.5617912373936744,0.938107865099073,1.482632277157744
167,0.6194574656223018,1.0560072023558795,-0.5297690148854112
168,0.5430574796238065,1.1112124233738754,0.780305688745782
169,0.6040712225165908,0.9607678748936062,-0.38871525587847944
170,0.951948560269927,1.0188771260723677,0.8855262536585731
171,0.49651461359977883,1.0157664071406765,-0.4052931816759661
172,0.6450831085083073,1.0584758231691866,1.6317032422977193
173,0.6240490104815305,1.1398660767173554,-0.15755864840062833
174,0.5182660361974464,1.0147264132897873,0.6293922213178268
175,0.6435747592299866,1.2103476092187275,-0.2838930152502981
176,0.7268108062245117,1.2755847780465466,-0.18443117780780122
177,0.7725383589978997,0.9232620670063536,0.35209197778929996
178,0.7135084147148033,0.9498359311327906,1.0503422828792865
179,0.7750233448889027,1.0414833465036606,0.40256358374689877
180,0.6469798987923197,0.9412996319643057,-0.03795680842746136
181,0.8256144039312033,1.1042217248384218,0.6533690983890972
182,1.0516835555305197,1.055614996519117,0.6965152793043113
183,0.5947152141821893,1.0142087651003762,0.08929082887314779
184,0.6148315742155321,0.9616355839943385,0.09650990223573545
185,0.4949530315649116,0.9491372648648735,-0.8995839751938853
186,0.5933565930120103,0.9772847159720056,-0.5695117205667531
187,0.9900467873476246,1.2104575697620303,1.5572602837460767
188,0.8005118211918264,1.2344541096018469,0.9543220065290836
189,1.1934762935475882,0.6718751291672025,-1.261586820945072
190,2.035237615593274,0.7533932068848423,-1.2839645292601138
191,0.8088423083772119,0.9425492918571483,-1.6613343986340332
192,0.8351328775844712,0.9632575350888448,0.2886766461539328
193,1.5510997496548367,0.9114798146399253,-2.3298774858856675
194,1.8762881182583233,1.0981381015428493,-1.0956313527161554
195,0.6978146777736279,0.8893269333438377,-0.8788902880262299
196,0.7962064682811602,0.9460884070089876,-0.7180639889325171
197,0.809924268546164,1.0300538676732678,-0.07097146180390504
198,0.7940677588362082,1.0259392129509162,-0.08629167129820954
199,0.9932087779493618,0.9984513927804444,-2.306676856845031
200,0.7856513613605542,0.97724025539132,-1.4491629199643783
201,1.1131304953521979,0.9662658358971709,-1.3889120155866526
202,0.8357025383537863,0.9396727187514191,-1.523662743696409
203,1.7111028339238141,1.1699829595287572,-2.1090212903226555
204,1.420504688878735,1.1557465757346916,-1.971389449943302
205,1.3888821475763862,0.8538067667475633,-1.9110177728854993
206,0.9798109012806334,0.7596426310958885,-1.781127567132486
207,1.5628304572039304,1.1515900407332123,0.27711573588132804
208,1.4842427454599008,1.0775398188544556,0.7779118594731996
209,1.2964551489298872,1.172435833886405,-0.21290851967494553
210,1.0675764321731658,1.018279091565199,0.4187071269895822
211,0.6659487239821856,0.8346236802211721,0.49192489993969685
212,0.5050827156473073,0.8781071867169767,1.354730855587503
213,0.42587114410625737,0.9184878475089201,0.24841124524699307
214,0.4582315652023219,0.8753502999065754,1.6336316014066892
215,0.7884202552864726,0.9146664209020428,0.41270031053559897
216,0.7281740391434015,0.740803783261919,1.382370911804855
217,0.7326888093669508,0.800217079150969,0.002847492109028152
218,0.7405285186466828,0.8231138150730217,1.7304188373590754
219,0.8694277735397271,1.0587376906964987,0.5744960175404226
220,0.853286916580693,0.9079720600762483,1.1923538824098037
221,0.49763974852094645,0.8921470706231907,0.23541301661925437
222,0.49653284098754025,0.9188901099055996,-0.06491715317803128
223,0.6734485693426454,1.0429208391175844,0.04362119417500434
224,0.9281400781401954,0.8966467857318374,-0.4699299383183327
225,0.6237302727634951,0.95180496586759,0.23746925714543254
226,0.6037139217950506,0.9117661619512459,0.4528508125425048
227,0.7774598415363185,1.032708005552412,-0.15140558614461874
228,0.8385214148514456,0.8910857727440563,1.0142360105115855
229,0.386238434507545,0.8959931754988115,0.013409504395785577
230,0.4460436796310384,1.0059473672901482,1.460844782370784
231,1.70341289667364,1.0218690849708285,1.4362611040744695
232,1.4972557826790733,0.9489756982904177,1.0237554867636
233,0.5858174379839686,0.8811017920785738,0.6367767672600686
234,0.6978451153151187,0.7855671854918956,0.8965394578030574
235,0.5132086607970182,0.9827583956762972,0.6133461484369399
236,0.5217291520292856,0.9464212659099241,1.636544947200595
237,1.1782362648367153,0.9561167820935773,0.9631886417528105
238,1.5331610134412812,0.978359047682085,1.3335563568960989
239,0.7411005511724776,0.9852677058603211,0.6010412655873231
240,0.9274788851393265,0.9395717561827789,1.3818082358322534
241,0.8320312350087201,0.8438053855869612,1.366895922362688
242,1.1926905394101135,1.0077531814110317,1.271853431649586
243,0.8193296884738946,1.0097072636291125,0.5893578280850256
244,0.9169770988180999,1.0396427975541165,-0.3506551061160829
245,0.8254830788964884,0.8449062480899794,1.9831795812921555
246,0.7921094785693862,0.8220935373724962,1.1365722752518654
