ROI_ID,ROI_Name,mReHo
1,A8m_L,0.9092384150046333
2,A8m_R,0.9557997236853274
3,A8dl_L,0.9112697734776535
4,A8dl_R,0.8188875875921704
5,A9l_L,1.0324262877573647
6,A9l_R,1.0360770705548703
7,A6dl_L,0.807958176513037
8,A6dl_R,0.8667698855253954
9,A6m_L,1.065182458755621
10,A6m_R,1.10854410596852
11,A9m_L,0.9196423928586519
12,A9m_R,1.0340597119679482
13,A10m_L,1.111819204322566
14,A10m_R,1.147249041068079
15,A9/46d_L,1.0238475450533702
16,A9/46d_R,0.9442509426453415
17,IFJ_L,0.996338831362196
18,IFJ_R,0.996819827448848
19,A46_L,0.9640329067007696
20,A46_R,0.9805102101426679
21,A9/46v_L,1.1185548995214565
22,A9/46v_R,1.1126475725830243
23,A8vl_L,1.0283011338193069
24,A8vl_R,1.1568955875845017
25,A6vl_L,1.0299052457683726
26,A6vl_R,0.9545306090107489
27,A10l_L,1.0675195647411022
28,A10l_R,1.0544031714550917
29,A44d_L,0.8856454819549623
30,A44d_R,0.9193435827897481
31,IFS_L,1.2173813454769242
32,IFS_R,1.0554419130039685
33,A45c_L,1.002958527504846
34,A45c_R,1.0455818682245512
35,A45r_L,1.054929667171562
36,A45r_R,1.0350603288270046
37,A44op_L,0.8192978342544344
38,A44op_R,0.9235732358776086
39,A44v_L,0.9501048950180252
40,A44v_R,0.8854972331611033
41,A14m_L,1.0782556023935073
42,A14m_R,1.0512899467840535
43,A12/47o_L,0.9878718377490193
44,A12/47o_R,1.0109643998696705
45,A11l_L,0.7376556234893215
46,A11l_R,0.7449880013336467
47,A11m_L,0.832664913000887
48,A11m_R,0.885367359217748
49,A13_L,0.8742721994871331
50,A13_R,0.8275032049961552
51,A12/47l_L,0.8549995437880106
52,A12/47l_R,0.9896616981868493
53,A4hf_L,1.131033297998145
54,A4hf_R,1.0611006169651787
55,A6cdl_L,1.1131956931235567
56,A6cdl_R,1.170511226808685
57,A4ul_L,1.2398954123041697
58,A4ul_R,1.2113407696225953
59,A4t_L,1.3636165307184545
60,A4t_R,1.128290195315822
61,A4tl_L,0.9512014485965478
62,A4tl_R,0.8854129838465494
63,A6cvl_L,1.0590055090108195
64,A6cvl_R,1.048733592582359
65,A1/2/3ll_L,0.98417493032678
66,A1/2/3ll_R,1.1462869238957918
67,A4ll_L,1.2828660626981896
68,A4ll_R,1.3738333225954042
69,A38m_L,1.0930584819583924
70,A38m_R,0.9597436290980096
71,A41/42_L,1.090064131320204
72,A41/42_R,1.0336383403961955
73,TE1.0/TE1.2_L,1.1300876806916162
74,TE1.0/TE1.2_R,0.8718577816306552
75,A22c_L,1.0436437589928622
76,A22c_R,0.8706757287477486
77,A38l_L,1.0413254028548335
78,A38l_R,0.977328611027919
79,A22r_L,1.063323848877131
80,A22r_R,0.952228565240004
81,A21c_L,0.9474279167977186
82,A21c_R,0.8351452678209067
83,A21r_L,1.0055900685948256
84,A21r_R,1.0745490075500843
85,A37dl_L,1.209670283213547
86,A37dl_R,1.0418477111053728
87,aSTS_L,0.882874816996884
88,aSTS_R,0.8280200132914417
89,A20iv_L,1.1765066780301447
90,A20iv_R,0.9238326087673704
91,A37elv_L,1.0879952731522784
92,A37elv_R,0.95304524609555
93,A20r_L,1.1801326485295214
94,A20r_R,1.0490405900846504
95,A20il_L,0.9603466241920868
96,A20il_R,0.8544361733715499
97,A37vl_L,1.0449074362116795
98,A37vl_R,0.9372226873266981
99,A20cl_L,1.0216692502758127
100,A20cl_R,0.8033219642329115
101,A20cv_L,0.9082951101792904
102,A20cv_R,0.6324931665831622
103,A20rv_L,0.9808507698718996
104,A20rv_R,0.8546699839692844
105,A37mv_L,0.9538138023426341
106,A37mv_R,1.0051674470332428
107,A37lv_L,0.9221338100886687
108,A37lv_R,0.7309256157441584
109,A35/36r_L,0.8378147461022322
110,A35/36r_R,0.9099544091793585
111,A35/36c_L,0.927454266801833
112,A35/36c_R,0.8968884529829955
113,TL_L,0.8439458837197575
114,TL_R,0.8003394259986183
115,A28/34_L,0.9178420950057398
116,A28/34_R,0.8763378076815002
117,TI_L,0.8323575405016466
118,TI_R,1.0153617390932492
119,TH_L,0.9504731420219953
120,TH_R,0.766649012601288
121,rpSTS_L,0.9681591231301829
122,rpSTS_R,0.9294698129035014
123,cpSTS_L,0.9075768035233793
124,cpSTS_R,0.9958368979458886
125,A7r_L,1.3565315883610127
126,A7r_R,1.2028732135139948
127,A7c_L,1.1804725207643465
128,A7c_R,1.2037103317032642
129,A5l_L,1.1485472805057004
130,A5l_R,1.0961352069263894
131,A7pc_L,1.1040578924680158
132,A7pc_R,1.2388780455813888
133,A7ip_L,1.2309979846929717
134,A7ip_R,0.9087999810716988
135,A39c_L,1.2119832643953061
136,A39c_R,1.147576038407653
137,A39rd_L,1.0735665155435652
138,A39rd_R,1.086867532327493
139,A40rd_L,1.1684969931963383
140,A40rd_R,1.1536844887097608
141,A40c_L,1.1334611532452972
142,A40c_R,1.1164819163870914
143,A39rv_L,1.2100211553588776
144,A39rv_R,1.0597152532363938
145,A40rv_L,1.0581452660096917
146,A40rv_R,0.983439061313755
147,A7m_L,1.1862529737350158
148,A7m_R,1.2817964464005074
149,A5m_L,1.003658271811779
150,A5m_R,1.2003189842950117
151,dmPOS_L,0.9588551988262114
152,dmPOS_R,0.9974143226120801
153,A31_L,1.0658748281225556
154,A31_R,1.0635817217790964
155,A1/2/3ulhf_L,1.220138698043311
156,A1/2/3ulhf_R,1.2015824740153545
157,A1/2/3tonIa_L,0.958197891674013
158,A1/2/3tonIa_R,0.7997450558343692
159,A2_L,1.226197523749161
160,A2_R,1.3318210394041807
161,A1/2/3tru_L,1.1674682515661028
162,A1/2/3tru_R,1.1863853476580315
163,G_L,0.9215830020700012
164,G_R,0.8250670998161237
165,vIa_L,0.9959303971851857
166,vIa_R,0.9215556272927203
167,dIa_L,0.9359851973948232
168,dIa_R,1.024139855175157
169,vId/vIg_L,0.9607584333416386
170,vId/vIg_R,1.007162930798137
171,dIg_L,0.9927012984568901
172,dIg_R,0.9104285928214361
173,dId_L,0.9567840281771001
174,dId_R,0.9340826503738027
175,A23d_L,0.8840347450597965
176,A23d_R,0.9667128848966685
177,A24rv_L,0.8036274617474066
178,A24rv_R,0.8974029487970963
179,A32p_L,1.0250299104337344
180,A32p_R,1.1208167561191613
181,A23v_L,1.021290878354218
182,A23v_R,0.9864428493751612
183,A24cd_L,1.2066126830899517
184,A24cd_R,1.2845555489526566
185,A23c_L,0.9680702488532574
186,A23c_R,1.071824029720299
187,A32sg_L,1.0324046004338112
188,A32sg_R,1.0601231249179803
189,cLinG_L,1.1245436007978333
190,cLinG_R,1.010917525251039
191,rCunG_L,1.0164926048926102
192,rCunG_R,1.1390289829458535
193,cCunG_L,1.0340285872211767
194,cCunG_R,1.108515731199375
195,rLinG_L,1.0503349545537983
196,rLinG_R,0.9295071875994237
197,vmPOS_L,0.9058884422597596
198,vmPOS_R,1.09944155502619
199,mOccG_L,1.0684116824828993
200,mOccG_R,1.1321412889836135
201,V5/MT+_L,1.1162402933529183
202,V5/MT+_R,1.0426405796546538
203,OPC_L,1.4160799788797858
204,OPC_R,1.3520160000994992
205,iOccG_L,1.0925063614504034
206,iOccG_R,1.1151721770430323
207,msOccG_L,1.1091352261592107
208,msOccG_R,1.2199329497172642
209,lsOccG_L,1.1358810085575364
210,lsOccG_R,1.030224868167949
211,mAmyg_L,0.8395506069793987
212,mAmyg_R,0.7511472012228596
213,lAmyg_L,0.9023555960027311
214,lAmyg_R,0.7516006350337562
215,rHipp_L,0.8079021144691536
216,rHipp_R,0.6853762363304837
217,cHipp_L,0.8326574755613975
218,cHipp_R,0.776900491696025
219,vCa_L,0.9548780436840466
220,vCa_R,0.8582585172732473
221,GP_L,0.77316233460939
222,GP_R,0.73729518892179
223,NAC_L,0.8587837629998876
224,NAC_R,0.8214311918975971
225,vmPu_L,0.9272192062142682
226,vmPu_R,0.8546801088869088
227,dCa_L,0.8991352472032467
228,dCa_R,0.8636264735999584
229,dlPu_L,0.8964018944415992
230,dlPu_R,0.8283647604866045
231,mPFtha_L,0.832852348975922
232,mPFtha_R,0.8768012414110382
233,mPMtha_L,0.8339505275412238
234,mPMtha_R,0.8523587527732877
235,Stha_L,0.926924271113838
236,Stha_R,0.9678775004214442
237,rTtha_L,0.995009467177803
238,rTtha_R,1.037054500102577
239,PPtha_L,0.8765380560522945
240,PPtha_R,0.844656502938213
241,Otha_L,0.8373843121042108
242,Otha_R,0.9098530975036226
243,cTtha_L,0.894943531306732
244,cTtha_R,0.8484273472589072
245,lPFtha_L,0.8744221357672628
246,lPFtha_R,0.7986185024999224
