ROI_ID,ROI_Name,ReHo
1,A8m_L,0.5661837458610535
2,A8m_R,0.5317054986953735
3,A8dl_L,0.5304338335990906
4,A8dl_R,0.5438385605812073
5,A9l_L,0.5475452542304993
6,A9l_R,0.5636174082756042
7,A6dl_L,0.5479135513305664
8,A6dl_R,0.49135392904281616
9,A6m_L,0.5541179180145264
10,A6m_R,0.5287062525749207
11,A9m_L,0.5383523106575012
12,A9m_R,0.5553164482116699
13,A10m_L,0.5691992044448853
14,A10m_R,0.5721601843833923
15,A9/46d_L,0.4739948511123657
16,A9/46d_R,0.5195708870887756
17,IFJ_L,0.48369303345680237
18,IFJ_R,0.5125258564949036
19,A46_L,0.5088120102882385
20,A46_R,0.506769061088562
21,A9/46v_L,0.5453561544418335
22,A9/46v_R,0.5629767775535583
23,A8vl_L,0.5119227766990662
24,A8vl_R,0.5954728126525879
25,A6vl_L,0.5308839678764343
26,A6vl_R,0.5690566897392273
27,A10l_L,0.5006621479988098
28,A10l_R,0.5009504556655884
29,A44d_L,0.5182234048843384
30,A44d_R,0.5045465230941772
31,IFS_L,0.5241620540618896
32,IFS_R,0.5726128816604614
33,A45c_L,0.543790876865387
34,A45c_R,0.5332508683204651
35,A45r_L,0.5416669845581055
36,A45r_R,0.5441953539848328
37,A44op_L,0.4849995970726013
38,A44op_R,0.5035082697868347
39,A44v_L,0.5684240460395813
40,A44v_R,0.4598523676395416
41,A14m_L,0.5942162871360779
42,A14m_R,0.5935865044593811
43,A12/47o_L,0.5134329199790955
44,A12/47o_R,0.563334584236145
45,A11l_L,0.4385327696800232
46,A11l_R,0.4578845798969269
47,A11m_L,0.5875363349914551
48,A11m_R,0.5844945907592773
49,A13_L,0.5241508483886719
50,A13_R,0.5200856924057007
51,A12/47l_L,0.5414890646934509
52,A12/47l_R,0.4962596893310547
53,A4hf_L,0.6192003488540649
54,A4hf_R,0.5610970258712769
55,A6cdl_L,0.5401850938796997
56,A6cdl_R,0.4938986003398895
57,A4ul_L,0.5639416575431824
58,A4ul_R,0.5903915166854858
59,A4t_L,0.5504632592201233
60,A4t_R,0.5458152890205383
61,A4tl_L,0.6676049828529358
62,A4tl_R,0.5858323574066162
63,A6cvl_L,0.5896768569946289
64,A6cvl_R,0.4450250267982483
65,A1/2/3ll_L,0.569907009601593
66,A1/2/3ll_R,0.5282566547393799
67,A4ll_L,0.6166581511497498
68,A4ll_R,0.5532252788543701
69,A38m_L,0.5300948023796082
70,A38m_R,0.4244392216205597
71,A41/42_L,0.6148709654808044
72,A41/42_R,0.5328394174575806
73,TE1.0/TE1.2_L,0.6481361985206604
74,TE1.0/TE1.2_R,0.5381668210029602
75,A22c_L,0.5548233389854431
76,A22c_R,0.5680674314498901
77,A38l_L,0.42805883288383484
78,A38l_R,0.4743920862674713
79,A22r_L,0.47848770022392273
80,A22r_R,0.4215348958969116
81,A21c_L,0.38255175948143005
82,A21c_R,0.4071348011493683
83,A21r_L,0.5298755764961243
84,A21r_R,0.5660169124603271
85,A37dl_L,0.6198010444641113
86,A37dl_R,0.5754717588424683
87,aSTS_L,0.45905983448028564
88,aSTS_R,0.3689638674259186
89,A20iv_L,0.4872388541698456
90,A20iv_R,0.4319609999656677
91,A37elv_L,0.6133034229278564
92,A37elv_R,0.5245989561080933
93,A20r_L,0.5246666669845581
94,A20r_R,0.625131368637085
95,A20il_L,0.5154474377632141
96,A20il_R,0.4874943196773529
97,A37vl_L,0.5832275748252869
98,A37vl_R,0.523973286151886
99,A20cl_L,0.5617957711219788
100,A20cl_R,0.544248104095459
101,A20cv_L,0.5721271634101868
102,A20cv_R,0.6440691351890564
103,A20rv_L,0.5028207302093506
104,A20rv_R,0.5510669350624084
105,A37mv_L,0.4755423069000244
106,A37mv_R,0.49221673607826233
107,A37lv_L,0.5016716122627258
108,A37lv_R,0.49441301822662354
109,A35/36r_L,0.5185160636901855
110,A35/36r_R,0.5468465685844421
111,A35/36c_L,0.4617001712322235
112,A35/36c_R,0.4737032949924469
113,TL_L,0.36770084500312805
114,TL_R,0.42906898260116577
115,A28/34_L,0.5545885562896729
116,A28/34_R,0.5184761881828308
117,TI_L,0.34522515535354614
118,TI_R,0.4711257219314575
119,TH_L,0.41177254915237427
120,TH_R,0.42776817083358765
121,rpSTS_L,0.48373353481292725
122,rpSTS_R,0.4213293492794037
123,cpSTS_L,0.5551654100418091
124,cpSTS_R,0.5168553590774536
125,A7r_L,0.5649071931838989
126,A7r_R,0.6149109601974487
127,A7c_L,0.5991286039352417
128,A7c_R,0.635246217250824
129,A5l_L,0.5857948660850525
130,A5l_R,0.6115606427192688
131,A7pc_L,0.6151793599128723
132,A7pc_R,0.5974950790405273
133,A7ip_L,0.5665591955184937
134,A7ip_R,0.5748792290687561
135,A39c_L,0.6382315754890442
136,A39c_R,0.6189882159233093
137,A39rd_L,0.5973853468894958
138,A39rd_R,0.6176161766052246
139,A40rd_L,0.5582466721534729
140,A40rd_R,0.5606361627578735
141,A40c_L,0.6608157753944397
142,A40c_R,0.6080006957054138
143,A39rv_L,0.6161373257637024
144,A39rv_R,0.6498523354530334
145,A40rv_L,0.6199233531951904
146,A40rv_R,0.5809580683708191
147,A7m_L,0.4771304726600647
148,A7m_R,0.5774409770965576
149,A5m_L,0.5391994714736938
150,A5m_R,0.5097944140434265
151,dmPOS_L,0.5653824210166931
152,dmPOS_R,0.5539740920066833
153,A31_L,0.674907386302948
154,A31_R,0.6941702365875244
155,A1/2/3ulhf_L,0.6520321369171143
156,A1/2/3ulhf_R,0.58526611328125
157,A1/2/3tonIa_L,0.6152939796447754
158,A1/2/3tonIa_R,0.6000429391860962
159,A2_L,0.6130196452140808
160,A2_R,0.6074214577674866
161,A1/2/3tru_L,0.6022781133651733
162,A1/2/3tru_R,0.6328558325767517
163,G_L,0.5365616679191589
164,G_R,0.45360374450683594
165,vIa_L,0.43587732315063477
166,vIa_R,0.46612095832824707
167,dIa_L,0.5017179250717163
168,dIa_R,0.5588034987449646
169,vId/vIg_L,0.5310094952583313
170,vId/vIg_R,0.547900378704071
171,dIg_L,0.6286307573318481
172,dIg_R,0.5371967554092407
173,dId_L,0.5663396716117859
174,dId_R,0.5879958868026733
175,A23d_L,0.7079195976257324
176,A23d_R,0.6936135292053223
177,A24rv_L,0.517561137676239
178,A24rv_R,0.4947444200515747
179,A32p_L,0.5520750880241394
180,A32p_R,0.5244358777999878
181,A23v_L,0.5773220658302307
182,A23v_R,0.6265650391578674
183,A24cd_L,0.5808752775192261
184,A24cd_R,0.5885298848152161
185,A23c_L,0.5964077711105347
186,A23c_R,0.5858179926872253
187,A32sg_L,0.5728380084037781
188,A32sg_R,0.6187548637390137
189,cLinG_L,0.5732626914978027
190,cLinG_R,0.5668402314186096
191,rCunG_L,0.6396833062171936
192,rCunG_R,0.6623576879501343
193,cCunG_L,0.6206130385398865
194,cCunG_R,0.6351391077041626
195,rLinG_L,0.5181965231895447
196,rLinG_R,0.4651819169521332
197,vmPOS_L,0.5580706596374512
198,vmPOS_R,0.5650413632392883
199,mOccG_L,0.6675947904586792
200,mOccG_R,0.6419512629508972
201,V5/MT+_L,0.6209719181060791
202,V5/MT+_R,0.5753389000892639
203,OPC_L,0.7068654894828796
204,OPC_R,0.7112348675727844
205,iOccG_L,0.5824444890022278
206,iOccG_R,0.5972824692726135
207,msOccG_L,0.663433849811554
208,msOccG_R,0.7289965748786926
209,lsOccG_L,0.5926712155342102
210,lsOccG_R,0.6094939112663269
211,mAmyg_L,0.36166492104530334
212,mAmyg_R,0.3498550355434418
213,lAmyg_L,0.3722614049911499
214,lAmyg_R,0.35433322191238403
215,rHipp_L,0.40345293283462524
216,rHipp_R,0.3991212248802185
217,cHipp_L,0.46595779061317444
218,cHipp_R,0.45963358879089355
219,vCa_L,0.49757400155067444
220,vCa_R,0.5042052268981934
221,GP_L,0.4577384889125824
222,GP_R,0.4690152704715729
223,NAC_L,0.4772413671016693
224,NAC_R,0.5126761198043823
225,vmPu_L,0.4245467483997345
226,vmPu_R,0.42514920234680176
227,dCa_L,0.43076199293136597
228,dCa_R,0.433910995721817
229,dlPu_L,0.4014364778995514
230,dlPu_R,0.426819771528244
231,mPFtha_L,0.5021793842315674
232,mPFtha_R,0.5175307989120483
233,mPMtha_L,0.5082271099090576
234,mPMtha_R,0.47228386998176575
235,Stha_L,0.45588967204093933
236,Stha_R,0.5356348752975464
237,rTtha_L,0.5350993871688843
238,rTtha_R,0.5193280577659607
239,PPtha_L,0.47561079263687134
240,PPtha_R,0.5321123600006104
241,Otha_L,0.4784378409385681
242,Otha_R,0.5439383387565613
243,cTtha_L,0.5334261655807495
244,cTtha_R,0.5307341814041138
245,lPFtha_L,0.48263436555862427
246,lPFtha_R,0.49864324927330017
