ROI_ID,ROI_Name,Mean,Std,Min,Max,NaN_Count,Inf_Count,Zero_Variance
1,A8m_L,1557359.5,2470.4463732963995,1551861.375,1564863.125,0,0,False
2,A8m_R,1510727.600925926,2624.336539767237,1505549.625,1518358.75,0,0,False
3,A8dl_L,1497714.3166666667,5135.322977414479,1485330.25,1513377.875,0,0,False
4,A8dl_R,1486910.937037037,3848.3635885219564,1476907.5,1498095.875,0,0,False
5,A9l_L,1467575.288888889,7024.830350058198,1446691.5,1492685.875,0,0,False
6,A9l_R,1446479.9268518519,6019.388492158785,1425291.375,1468310.125,0,0,False
7,A6dl_L,1485557.562962963,3601.540738353121,1471928.75,1497205.75,0,0,False
8,A6dl_R,1461759.1527777778,2864.139990446791,1455133.5,1470936.25,0,0,False
9,A6m_L,1506368.9296296297,2966.6733336226353,1498633.75,1512689.875,0,0,False
10,A6m_R,1449068.1092592592,3724.108721996123,1439774.25,1458748.875,0,0,False
11,A9m_L,1734296.473148148,3158.077194149873,1724907.625,1743834.75,0,0,False
12,A9m_R,1722410.262037037,3099.111865641169,1714231.25,1728669.5,0,0,False
13,A10m_L,1585223.911111111,3906.166774487237,1574430.25,1594132.625,0,0,False
14,A10m_R,1544267.0425925925,6085.7803925337985,1527482.75,1563365.875,0,0,False
15,A9/46d_L,1454701.447222222,2994.9154992356175,1446507.75,1462960.5,0,0,False
16,A9/46d_R,1614100.387037037,2652.1855170099843,1607019.375,1621172.5,0,0,False
17,IFJ_L,1431568.7611111111,4067.2545070202505,1420717.25,1442038.375,0,0,False
18,IFJ_R,1623760.9268518519,2743.8277203784023,1618287.875,1632327.25,0,0,False
19,A46_L,1395093.7092592593,3382.958196356245,1386535.5,1405178.625,0,0,False
20,A46_R,1530109.575,2856.700092229572,1522506.25,1537203.25,0,0,False
21,A9/46v_L,1363805.2935185186,3303.506258238643,1354707.625,1370478.625,0,0,False
22,A9/46v_R,1388941.3268518518,3514.765453326113,1380971.125,1398424.75,0,0,False
23,A8vl_L,1413678.1166666667,3428.873165352442,1404960.25,1427131.5,0,0,False
24,A8vl_R,1412624.0740740742,3597.255989469236,1401221.25,1420603.875,0,0,False
25,A6vl_L,1417712.1314814815,3227.1694724648282,1409454.0,1425808.625,0,0,False
26,A6vl_R,1580039.7879629629,2866.2587752152854,1571641.0,1588449.25,0,0,False
27,A10l_L,1238243.6712962964,4471.237109413612,1228401.5,1248629.5,0,0,False
28,A10l_R,1257690.9685185186,3554.4913392711146,1250151.125,1265376.0,0,0,False
29,A44d_L,1398853.224074074,3812.743126009107,1385577.75,1409363.0,0,0,False
30,A44d_R,1756519.9407407406,3833.005740586357,1746798.0,1770625.375,0,0,False
31,IFS_L,1373023.1537037038,2711.061527350288,1362976.375,1379976.5,0,0,False
32,IFS_R,1512641.3592592592,3160.3578563131996,1504053.25,1520183.25,0,0,False
33,A45c_L,1254531.4953703703,3142.0166674478724,1246072.75,1262467.75,0,0,False
34,A45c_R,1410239.1046296295,2833.013256234731,1399357.375,1418547.25,0,0,False
35,A45r_L,1186296.6222222222,3074.3613123021582,1177759.75,1194933.375,0,0,False
36,A45r_R,1239352.0787037036,2360.013383011957,1232889.0,1246318.125,0,0,False
37,A44op_L,1320030.4101851853,1806.282880942026,1315366.0,1324366.875,0,0,False
38,A44op_R,1465191.9361111112,1334.3813781065946,1461799.125,1468775.0,0,0,False
39,A44v_L,1303923.1055555556,2424.2432274619355,1297585.625,1310755.5,0,0,False
40,A44v_R,1693403.1,2715.52706618364,1683140.5,1700458.75,0,0,False
41,A14m_L,1393964.9592592593,3081.7771285198364,1386776.75,1400919.75,0,0,False
42,A14m_R,1416344.062962963,2747.3904040704256,1409195.25,1423602.5,0,0,False
43,A12/47o_L,1182554.5768518518,2463.396819255262,1176685.625,1189480.75,0,0,False
44,A12/47o_R,1146665.8092592594,2943.3715898887567,1138814.25,1154124.25,0,0,False
45,A11l_L,1034038.075925926,1330.127368531054,1030423.875,1037067.75,0,0,False
46,A11l_R,1029203.5708333333,1226.9375996463414,1026542.875,1032789.375,0,0,False
47,A11m_L,1120719.5416666667,3092.4787548298655,1112417.875,1128585.0,0,0,False
48,A11m_R,1190578.937037037,3680.289771762207,1181065.875,1198303.25,0,0,False
49,A13_L,1137771.3166666667,1270.8775409250798,1134721.75,1140670.125,0,0,False
50,A13_R,1100287.1166666667,1014.7225245840108,1097788.125,1102972.125,0,0,False
51,A12/47l_L,1205397.1898148148,2599.310815525232,1199471.75,1211796.375,0,0,False
52,A12/47l_R,1308145.6824074073,2080.2150037873894,1302757.375,1314267.375,0,0,False
53,A4hf_L,1330003.85,1889.5210638888443,1324525.75,1336523.125,0,0,False
54,A4hf_R,1386127.9287037037,2384.691564298858,1380847.5,1391944.25,0,0,False
55,A6cdl_L,1502838.9814814816,3089.045883220019,1490602.625,1513338.625,0,0,False
56,A6cdl_R,1578764.4453703703,2417.085866880216,1571977.0,1586209.25,0,0,False
57,A4ul_L,1466864.5472222222,2179.3429054433295,1460286.875,1475905.0,0,0,False
58,A4ul_R,1472826.875,2339.4678422073302,1466648.625,1482437.375,0,0,False
59,A4t_L,1273910.2796296296,4126.953474573951,1262866.125,1283672.875,0,0,False
60,A4t_R,1426328.8944444444,3854.998911462433,1414790.0,1435748.125,0,0,False
61,A4tl_L,1303956.0157407408,2151.064528042605,1299724.375,1309976.875,0,0,False
62,A4tl_R,1394369.3314814814,2037.1395049366972,1389427.625,1399755.875,0,0,False
63,A6cvl_L,1505254.2944444444,2800.964124622599,1496433.75,1512037.625,0,0,False
64,A6cvl_R,1725858.087962963,3937.780079782276,1716942.5,1738783.0,0,0,False
65,A1/2/3ll_L,1417952.1046296295,2133.5825851139944,1411216.875,1422703.375,0,0,False
66,A1/2/3ll_R,1447867.5916666666,1516.7847422902319,1444353.625,1451932.75,0,0,False
67,A4ll_L,1518403.5055555555,3760.533406063199,1506609.125,1525884.5,0,0,False
68,A4ll_R,1451756.273148148,3336.382196157863,1441728.25,1458895.375,0,0,False
69,A38m_L,1095712.7777777778,5744.913299128732,1080597.5,1111479.125,0,0,False
70,A38m_R,1165024.8101851852,3465.0901855765123,1157543.125,1177195.375,0,0,False
71,A41/42_L,1537703.0768518518,2851.3083070817875,1530443.125,1544426.25,0,0,False
72,A41/42_R,1687963.2907407407,4343.763177993057,1673276.5,1699467.25,0,0,False
73,TE1.0/TE1.2_L,1515024.9703703704,3219.3815073852784,1504524.5,1521258.625,0,0,False
74,TE1.0/TE1.2_R,1533120.5824074075,1914.6637106911812,1528884.5,1537474.25,0,0,False
75,A22c_L,1247575.2953703704,3346.3603112605033,1236366.875,1254444.0,0,0,False
76,A22c_R,1117860.7416666667,2886.8825285437424,1106482.75,1123457.875,0,0,False
77,A38l_L,1436030.874074074,5535.011758337077,1422450.625,1448726.625,0,0,False
78,A38l_R,1364825.0314814814,3507.3506362471076,1354413.125,1371791.0,0,0,False
79,A22r_L,1349973.174074074,3592.904967319475,1340230.875,1357623.25,0,0,False
80,A22r_R,1578402.837962963,4297.880367005487,1568754.5,1588798.375,0,0,False
81,A21c_L,1024673.2416666667,2251.5343854530215,1017877.125,1031392.75,0,0,False
82,A21c_R,1149525.9407407406,2921.4507126814974,1141330.125,1158546.25,0,0,False
83,A21r_L,1110730.976851852,1911.518739202063,1105589.875,1116529.375,0,0,False
84,A21r_R,1095582.875925926,1986.7666119817027,1089392.75,1100555.625,0,0,False
85,A37dl_L,1205774.8064814815,3052.78020878929,1198297.125,1213765.375,0,0,False
86,A37dl_R,1337698.3268518518,3662.912237449299,1328818.25,1347211.0,0,0,False
87,aSTS_L,1402290.0287037038,3051.4700410720657,1392549.875,1409351.375,0,0,False
88,aSTS_R,1432615.687037037,3560.1595388875426,1424698.125,1443425.5,0,0,False
89,A20iv_L,1157893.937037037,2539.3022663202914,1150664.75,1165900.125,0,0,False
90,A20iv_R,1193738.151851852,2562.874817636671,1187796.25,1200203.25,0,0,False
91,A37elv_L,1455603.624074074,2938.0816134811494,1449323.25,1462585.5,0,0,False
92,A37elv_R,1492200.9648148147,2449.416077980129,1486396.125,1498944.75,0,0,False
93,A20r_L,1091718.9342592594,2410.818691616906,1085871.375,1097306.375,0,0,False
94,A20r_R,1054509.1416666666,2370.7613657208194,1049580.5,1062860.375,0,0,False
95,A20il_L,1303724.5685185185,2412.8212904804936,1297973.75,1309195.375,0,0,False
96,A20il_R,1243785.3962962963,2635.4188430619356,1236361.75,1249569.75,0,0,False
97,A37vl_L,1362603.987037037,3667.94661208932,1353526.5,1372027.5,0,0,False
98,A37vl_R,1560231.3833333333,3268.725300317417,1550631.375,1567730.375,0,0,False
99,A20cl_L,1318466.0805555556,3539.632934662161,1311052.125,1326388.125,0,0,False
100,A20cl_R,1332494.6935185185,2659.5511065517744,1324154.5,1339657.0,0,0,False
101,A20cv_L,931988.7671296296,3274.8762155044446,923116.1875,942946.625,0,0,False
102,A20cv_R,1039909.2111111111,3299.429974265991,1030758.3125,1047976.1875,0,0,False
103,A20rv_L,1195069.0064814815,1306.9604744546386,1191154.875,1198413.0,0,0,False
104,A20rv_R,1110074.2537037036,1639.2593501688232,1105504.875,1115842.0,0,0,False
105,A37mv_L,1578123.5601851852,1355.1752765079132,1574083.875,1581302.75,0,0,False
106,A37mv_R,1658295.3083333333,1897.148036381042,1653776.0,1663900.5,0,0,False
107,A37lv_L,1391356.3777777778,1465.545832732469,1387970.5,1394981.625,0,0,False
108,A37lv_R,1516994.0416666667,1088.6117149710553,1514439.75,1519622.5,0,0,False
109,A35/36r_L,1197577.6101851852,1492.021309103043,1192558.625,1201411.625,0,0,False
110,A35/36r_R,1179883.0222222223,1952.4384225166068,1174322.625,1185867.5,0,0,False
111,A35/36c_L,1125661.3,2920.9931787058827,1119949.25,1134619.875,0,0,False
112,A35/36c_R,1170916.2453703703,3342.662713580444,1162993.125,1182539.875,0,0,False
113,TL_L,1390950.5842592593,1990.0212131191633,1386006.875,1396129.5,0,0,False
114,TL_R,1342799.3703703703,2752.267171436065,1335755.25,1350502.125,0,0,False
115,A28/34_L,1092781.1712962964,3395.081672459658,1085006.125,1102606.125,0,0,False
116,A28/34_R,1105086.1055555556,2525.1019825786916,1098292.125,1112249.125,0,0,False
117,TI_L,1207483.898148148,2864.8930700904225,1200435.5,1216394.25,0,0,False
118,TI_R,1080999.9546296296,2975.0208622287273,1074184.125,1088092.625,0,0,False
119,TH_L,1470319.8407407408,2612.3919957485905,1463826.25,1477190.875,0,0,False
120,TH_R,1478152.6407407408,2681.0555306938845,1472301.125,1486191.25,0,0,False
121,rpSTS_L,1601027.3787037036,4014.966727092792,1588166.625,1610647.125,0,0,False
122,rpSTS_R,1755878.487962963,3572.0738369002324,1746859.625,1764231.625,0,0,False
123,cpSTS_L,1704186.099074074,2353.360829980627,1698351.375,1708985.5,0,0,False
124,cpSTS_R,1738314.486111111,3594.448311016725,1729802.625,1747520.625,0,0,False
125,A7r_L,1363588.2537037036,4134.608599610974,1352509.125,1374492.125,0,0,False
126,A7r_R,1467891.1925925927,4330.606367782301,1457530.5,1479208.0,0,0,False
127,A7c_L,1458376.225925926,3416.4764731784044,1451095.375,1468827.625,0,0,False
128,A7c_R,1537654.9962962964,4076.642481245282,1528446.625,1548114.125,0,0,False
129,A5l_L,1587055.0685185185,2233.522279357998,1581604.25,1594317.875,0,0,False
130,A5l_R,1687541.7824074074,4392.455419996666,1678067.75,1709532.5,0,0,False
131,A7pc_L,1450996.787037037,4141.668192937179,1439461.75,1459360.5,0,0,False
132,A7pc_R,1476439.7796296296,3371.7238945549534,1466578.375,1485025.375,0,0,False
133,A7ip_L,1495322.5333333334,2719.0020500959404,1489291.0,1502811.375,0,0,False
134,A7ip_R,1886481.562962963,3228.346246635465,1877508.75,1898425.5,0,0,False
135,A39c_L,1310056.7851851853,4024.7049055803764,1299961.375,1319894.0,0,0,False
136,A39c_R,1424134.5333333334,3662.7058505922864,1412299.625,1433765.75,0,0,False
137,A39rd_L,1463527.225,2860.0487486861325,1455978.25,1471191.5,0,0,False
138,A39rd_R,1532252.8305555556,6584.453507643667,1511893.5,1550383.0,0,0,False
139,A40rd_L,1583690.1231481482,4437.211357565642,1574900.0,1597785.625,0,0,False
140,A40rd_R,1724342.1787037037,4540.01997914159,1714514.125,1743291.25,0,0,False
141,A40c_L,1357040.848148148,4364.242653964346,1344488.75,1365158.25,0,0,False
142,A40c_R,1452774.6175925925,4943.164956855666,1435623.0,1464660.375,0,0,False
143,A39rv_L,1446836.6314814815,4383.351085629412,1435998.125,1456021.625,0,0,False
144,A39rv_R,1589667.162037037,2901.803786890102,1581034.0,1597439.125,0,0,False
145,A40rv_L,1512637.825925926,2170.521842820565,1506439.625,1520970.5,0,0,False
146,A40rv_R,1586968.1574074074,3423.4012625104424,1578272.75,1600469.25,0,0,False
147,A7m_L,1545113.9666666666,3828.2819319518853,1535733.875,1555822.25,0,0,False
148,A7m_R,1517807.8324074075,4370.365467681454,1506009.5,1529781.625,0,0,False
149,A5m_L,1453051.2805555556,2227.287179396984,1447178.375,1458724.375,0,0,False
150,A5m_R,1490080.7694444444,2174.715691979381,1485221.375,1494987.5,0,0,False
151,dmPOS_L,1567201.1981481481,2003.569873860409,1563084.0,1573672.375,0,0,False
152,dmPOS_R,1623795.8212962963,1246.1705540022235,1621012.5,1626736.625,0,0,False
153,A31_L,1632653.987037037,1589.69163015933,1628875.0,1637431.0,0,0,False
154,A31_R,1654133.5666666667,2021.3693333723427,1648552.625,1659778.875,0,0,False
155,A1/2/3ulhf_L,1385737.674074074,2408.9640388622556,1377551.125,1392919.125,0,0,False
156,A1/2/3ulhf_R,1454273.5064814815,2731.6129956390423,1448604.0,1464381.625,0,0,False
157,A1/2/3tonIa_L,1286742.7666666666,3147.970161608847,1279431.375,1296967.0,0,0,False
158,A1/2/3tonIa_R,1421990.3185185185,3385.2210506465303,1414345.75,1431486.125,0,0,False
159,A2_L,1495447.612962963,2540.615226047168,1489621.625,1501174.75,0,0,False
160,A2_R,1610436.7453703703,3706.1790287817107,1601315.625,1625611.75,0,0,False
161,A1/2/3tru_L,1471299.164814815,2738.693333239507,1463670.75,1478100.5,0,0,False
162,A1/2/3tru_R,1486307.6212962964,3963.4159583055493,1476578.125,1500896.25,0,0,False
163,G_L,1488462.374074074,1964.068465259293,1483084.375,1493541.625,0,0,False
164,G_R,1568999.3277777778,2779.32353234071,1562324.0,1579081.625,0,0,False
165,vIa_L,1408722.3907407408,2731.0585686125523,1400893.75,1416230.875,0,0,False
166,vIa_R,1503964.1138888889,1855.1266295544622,1499730.0,1508662.875,0,0,False
167,dIa_L,1418861.1898148148,2755.809858401002,1409164.375,1424773.0,0,0,False
168,dIa_R,1377161.6083333334,1369.466811441186,1373465.25,1380899.5,0,0,False
169,vId/vIg_L,1590023.6574074074,4000.5924019647505,1576318.875,1597055.875,0,0,False
170,vId/vIg_R,1612834.9305555555,2769.0514236756017,1605855.0,1620599.125,0,0,False
171,dIg_L,1466092.3009259258,2253.350350460496,1458005.125,1470699.375,0,0,False
172,dIg_R,1447233.336111111,1723.244006084505,1442644.125,1452667.375,0,0,False
173,dId_L,1392999.287037037,3227.6377206564216,1383442.0,1400450.375,0,0,False
174,dId_R,1361630.6537037038,1673.2242314435882,1357340.75,1365693.875,0,0,False
175,A23d_L,1656466.35,2330.7260375236597,1649301.875,1662615.875,0,0,False
176,A23d_R,1669744.8666666667,2265.753097666057,1662744.75,1675407.0,0,0,False
177,A24rv_L,1557026.513888889,1694.2432803403399,1551727.875,1561305.875,0,0,False
178,A24rv_R,1466577.325925926,1777.1351281429609,1461825.125,1470753.5,0,0,False
179,A32p_L,1514674.4416666667,2060.1295522234627,1509900.875,1519536.25,0,0,False
180,A32p_R,1533356.1759259258,1844.8021760034612,1529135.875,1538404.5,0,0,False
181,A23v_L,1466186.8814814815,2233.9245536017643,1460568.875,1472431.375,0,0,False
182,A23v_R,1527752.586111111,2306.6484247565986,1520362.875,1534142.25,0,0,False
183,A24cd_L,1601214.500925926,3417.655039308016,1591120.125,1610349.125,0,0,False
184,A24cd_R,1637797.914814815,4088.419626604692,1624704.875,1648579.875,0,0,False
185,A23c_L,1567762.3583333334,1826.7221134630236,1563431.25,1572842.0,0,0,False
186,A23c_R,1614981.3314814814,2084.1662757295894,1607960.5,1620599.125,0,0,False
187,A32sg_L,1437954.312037037,1711.404578811877,1433757.5,1443190.25,0,0,False
188,A32sg_R,1481158.148148148,2257.0117430745017,1475044.0,1488397.125,0,0,False
189,cLinG_L,1824212.0953703704,2947.4152537139707,1815564.125,1832669.25,0,0,False
190,cLinG_R,1728898.1703703704,6751.806356477657,1706198.5,1751738.125,0,0,False
191,rCunG_L,1767903.5777777778,4240.242909404622,1756609.75,1779397.625,0,0,False
192,rCunG_R,1736427.237962963,4900.630487660871,1722201.375,1747470.625,0,0,False
193,cCunG_L,1588267.6842592594,4447.557639525879,1576780.375,1599054.0,0,0,False
194,cCunG_R,1673071.2972222222,6038.456268603715,1656571.0,1691230.125,0,0,False
195,rLinG_L,1605233.187962963,2245.883374204103,1596574.75,1611517.375,0,0,False
196,rLinG_R,1689403.237037037,2267.208796956872,1683356.75,1694807.875,0,0,False
197,vmPOS_L,1645709.5407407407,2791.677188074271,1638762.25,1653330.5,0,0,False
198,vmPOS_R,1673429.7962962964,2174.27595918716,1668426.25,1679905.0,0,0,False
199,mOccG_L,1444817.3777777778,4464.0059401475755,1434390.0,1458032.125,0,0,False
200,mOccG_R,1346299.2305555556,3548.310824254929,1337577.125,1356121.75,0,0,False
201,V5/MT+_L,1512932.7601851851,3188.523733825641,1503543.25,1523727.125,0,0,False
202,V5/MT+_R,1512521.6814814815,3744.5208277957213,1504456.125,1524437.125,0,0,False
203,OPC_L,1051004.137962963,6445.277773085331,1036241.1875,1067255.375,0,0,False
204,OPC_R,1174217.0703703703,5994.851041005465,1155883.625,1188056.875,0,0,False
205,iOccG_L,1433430.7037037036,4759.059282620416,1421628.25,1443618.875,0,0,False
206,iOccG_R,1494031.1268518518,4240.742804212259,1483861.625,1503601.875,0,0,False
207,msOccG_L,1382220.961111111,5627.275829371637,1367822.375,1398684.0,0,0,False
208,msOccG_R,1448429.822222222,4930.527621864534,1437342.125,1459988.75,0,0,False
209,lsOccG_L,1597158.7027777778,3842.215730884241,1587007.75,1606151.5,0,0,False
210,lsOccG_R,1663541.599074074,3985.907587877115,1655578.625,1677396.75,0,0,False
211,mAmyg_L,966048.1393518519,2640.391296517132,958231.875,973554.0,0,0,False
212,mAmyg_R,964290.9574074075,2108.794270123737,959368.125,968827.125,0,0,False
213,lAmyg_L,1123861.3833333333,2194.6160853514525,1118666.875,1128488.125,0,0,False
214,lAmyg_R,1106751.7166666666,1455.3845576666138,1103115.25,1110499.125,0,0,False
215,rHipp_L,1184532.8407407408,1486.5011143831728,1180346.75,1188163.125,0,0,False
216,rHipp_R,1101439.7527777778,2210.800795634558,1096131.25,1107571.875,0,0,False
217,cHipp_L,1376379.3314814814,1201.0776965607108,1373377.0,1379477.5,0,0,False
218,cHipp_R,1390580.599074074,1185.2951782206117,1387383.25,1393852.75,0,0,False
219,vCa_L,1560467.4592592593,2182.452362120082,1554671.75,1564658.125,0,0,False
220,vCa_R,1414604.7157407408,2550.067610415858,1407606.125,1420138.75,0,0,False
221,GP_L,1227190.038888889,1463.0673452787428,1223541.25,1230363.125,0,0,False
222,GP_R,1224871.087962963,1067.755077629783,1222095.625,1227615.25,0,0,False
223,NAC_L,1232583.925,1465.1263603860755,1228748.25,1235312.0,0,0,False
224,NAC_R,1348307.8185185185,2878.624671960236,1339500.75,1356417.5,0,0,False
225,vmPu_L,1202704.575925926,1352.2412671924403,1199119.5,1205423.875,0,0,False
226,vmPu_R,1216249.6592592592,1196.3686246216428,1211738.125,1218873.875,0,0,False
227,dCa_L,1798909.8435185186,1848.4958869081433,1793924.0,1803110.625,0,0,False
228,dCa_R,1731770.950925926,1623.0572189954987,1727965.625,1737702.75,0,0,False
229,dlPu_L,1258649.9361111112,1305.7522934389156,1253978.0,1261384.375,0,0,False
230,dlPu_R,1290374.6907407406,1189.441165354635,1287370.625,1293836.5,0,0,False
231,mPFtha_L,1539573.1564814814,4093.2727558605266,1528566.25,1550299.25,0,0,False
232,mPFtha_R,1723098.9935185185,3454.2833258787705,1713501.125,1731604.125,0,0,False
233,mPMtha_L,1334127.5925925926,1794.6676079819279,1328487.375,1338101.375,0,0,False
234,mPMtha_R,1371608.2935185186,2473.7042951590934,1361558.75,1378228.75,0,0,False
235,Stha_L,1427299.650925926,2878.2713381623885,1415341.125,1433026.375,0,0,False
236,Stha_R,1413484.5777777778,2222.162138468987,1404683.125,1418824.25,0,0,False
237,rTtha_L,1971705.1953703703,2566.2494089320912,1966432.875,1977281.375,0,0,False
238,rTtha_R,1737642.226851852,3121.5564513521217,1726962.375,1745249.375,0,0,False
239,PPtha_L,1575094.1444444444,2911.8257414913637,1563208.875,1582349.625,0,0,False
240,PPtha_R,1729540.3101851852,2634.9161976207565,1718820.25,1734611.875,0,0,False
241,Otha_L,1663560.9407407406,2423.329954377785,1654179.5,1668748.125,0,0,False
242,Otha_R,2052390.7851851853,3246.9444311954685,2042737.375,2060178.625,0,0,False
243,cTtha_L,2143392.311111111,2819.072066016593,2135375.0,2148494.5,0,0,False
244,cTtha_R,2355576.051851852,3382.245407748721,2345352.25,2364711.5,0,0,False
245,lPFtha_L,1402116.3675925925,2839.2675085539786,1393391.875,1408763.875,0,0,False
246,lPFtha_R,1509598.9518518518,3046.9883148723748,1495920.0,1516378.25,0,0,False
