ROI_ID,ROI_Name,mALFF
1,A8m_L,0.9337550286253726
2,A8m_R,0.8566590610045063
3,A8dl_L,1.0401631608777633
4,A8dl_R,1.1743504564686158
5,A9l_L,1.4383942410563317
6,A9l_R,1.3789418976412502
7,A6dl_L,1.2401787806489182
8,A6dl_R,0.9660159244816549
9,A6m_L,0.7409239784539445
10,A6m_R,0.7994539790145988
11,A9m_L,0.8796434484365248
12,A9m_R,0.7434260073151613
13,A10m_L,1.7382762176292619
14,A10m_R,1.6611262108534648
15,A9/46d_L,1.0430249178413307
16,A9/46d_R,1.0084978148798172
17,IFJ_L,0.9898754904169035
18,IFJ_R,0.9489704881402901
19,A46_L,2.32623773155573
20,A46_R,1.943623887212616
21,A9/46v_L,1.3810790023275268
22,A9/46v_R,1.5285409843513256
23,A8vl_L,1.1999603794103249
24,A8vl_R,1.1364762034240965
25,A6vl_L,0.9882673459202391
26,A6vl_R,0.8366613760969384
27,A10l_L,2.627151408326202
28,A10l_R,2.400001977432203
29,A44d_L,1.1670134420930707
30,A44d_R,1.113469193091419
31,IFS_L,1.2940869945505704
32,IFS_R,1.2763468832737772
33,A45c_L,1.1344124033311211
34,A45c_R,0.9820824207471558
35,A45r_L,1.4812341808257006
36,A45r_R,1.1393842454034997
37,A44op_L,0.838851800481941
38,A44op_R,0.7095010092574046
39,A44v_L,0.7882944138838965
40,A44v_R,1.0150754032615108
41,A14m_L,1.4591172976973954
42,A14m_R,0.8790159227468685
43,A12/47o_L,1.626045366433066
44,A12/47o_R,2.019921098567107
45,A11l_L,1.0430438635213877
46,A11l_R,1.0436800226855005
47,A11m_L,1.518553173559347
48,A11m_R,1.796553449243331
49,A13_L,0.6871305577867314
50,A13_R,0.639914765471001
51,A12/47l_L,1.9789082577993666
52,A12/47l_R,1.03226688921243
53,A4hf_L,0.7830959431070371
54,A4hf_R,0.9287895817192582
55,A6cdl_L,0.8502319189091734
56,A6cdl_R,0.891179049343551
57,A4ul_L,1.0034039850109526
58,A4ul_R,0.8656224461005683
59,A4t_L,1.400488491817962
60,A4t_R,1.0635215855966482
61,A4tl_L,0.670369666374326
62,A4tl_R,1.070261691141026
63,A6cvl_L,0.9704193162127408
64,A6cvl_R,1.013854326202976
65,A1/2/3ll_L,0.6985682327103399
66,A1/2/3ll_R,0.5899567658310512
67,A4ll_L,0.6569190728993303
68,A4ll_R,0.626204168517584
69,A38m_L,1.4231860560430396
70,A38m_R,1.6636588565731703
71,A41/42_L,0.8574287192643802
72,A41/42_R,0.9358870971182162
73,TE1.0/TE1.2_L,0.9731984156523459
74,TE1.0/TE1.2_R,1.3379162665409818
75,A22c_L,0.972480158541319
76,A22c_R,1.1313462408658403
77,A38l_L,1.3833558413966718
78,A38l_R,1.2478398700748923
79,A22r_L,1.2049428534466171
80,A22r_R,1.213251533396401
81,A21c_L,0.7653357669960907
82,A21c_R,1.1560036037925245
83,A21r_L,0.9452571348490911
84,A21r_R,1.163037327407999
85,A37dl_L,0.9732845905177534
86,A37dl_R,0.9358592781449677
87,aSTS_L,0.7812771578215519
88,aSTS_R,1.1411414772136939
89,A20iv_L,0.6472797187291621
90,A20iv_R,1.0618174336664454
91,A37elv_L,0.5736659191390507
92,A37elv_R,0.5833234995330714
93,A20r_L,1.1345243187407414
94,A20r_R,1.3983566631438533
95,A20il_L,0.7597434339169464
96,A20il_R,1.1666996792482425
97,A37vl_L,0.8339105752680516
98,A37vl_R,0.7911184393665063
99,A20cl_L,0.7052330351719591
100,A20cl_R,0.7770174175126713
101,A20cv_L,0.6518040590422163
102,A20cv_R,0.8003915903284814
103,A20rv_L,0.9991195433723773
104,A20rv_R,1.0414667355811038
105,A37mv_L,0.6236542558489655
106,A37mv_R,0.620199347214411
107,A37lv_L,0.5727355823267934
108,A37lv_R,0.5317490017105247
109,A35/36r_L,1.3843367000224147
110,A35/36r_R,0.8330887964031259
111,A35/36c_L,0.8689466535246021
112,A35/36c_R,1.1544429434053705
113,TL_L,0.6943482223718744
114,TL_R,0.8836779989533338
115,A28/34_L,1.1293196126767746
116,A28/34_R,1.2642949526305103
117,TI_L,1.8110026879002417
118,TI_R,1.8059644160382957
119,TH_L,1.1941305458440508
120,TH_R,1.2006714419593048
121,rpSTS_L,0.7941790060613062
122,rpSTS_R,0.6592283274674762
123,cpSTS_L,0.6696701550944104
124,cpSTS_R,0.7758113690948568
125,A7r_L,1.3694244513279898
126,A7r_R,1.2989053526326124
127,A7c_L,1.2659668089710798
128,A7c_R,0.9985765138169843
129,A5l_L,0.939808932829622
130,A5l_R,1.00038258870952
131,A7pc_L,1.3362524041582424
132,A7pc_R,1.4625182471165974
133,A7ip_L,0.8871775138725799
134,A7ip_R,0.9172461467335585
135,A39c_L,1.2171121353908287
136,A39c_R,1.1351816618931037
137,A39rd_L,1.1064075705631178
138,A39rd_R,0.9337284087457987
139,A40rd_L,0.9255472324234038
140,A40rd_R,0.7381080268687431
141,A40c_L,0.9624465423709744
142,A40c_R,0.777841594564946
143,A39rv_L,0.9899077860065367
144,A39rv_R,0.8428970629022423
145,A40rv_L,0.6799358358605604
146,A40rv_R,0.6808302798021608
147,A7m_L,1.0768956369254215
148,A7m_R,1.1228225234504292
149,A5m_L,0.8228321488093239
150,A5m_R,0.9405584463157644
151,dmPOS_L,0.8516309414690045
152,dmPOS_R,0.7675706377866283
153,A31_L,0.8508201942658843
154,A31_R,0.9097136001494911
155,A1/2/3ulhf_L,0.976032913219713
156,A1/2/3ulhf_R,1.03524703669146
157,A1/2/3tonIa_L,0.6679909443126373
158,A1/2/3tonIa_R,0.8912579497073333
159,A2_L,0.9383761757677482
160,A2_R,0.8481714762784868
161,A1/2/3tru_L,1.4839169530734537
162,A1/2/3tru_R,1.3153386916229328
163,G_L,0.6477346948390575
164,G_R,0.9014850196571642
165,vIa_L,0.5527703928578046
166,vIa_R,0.5517494445335441
167,dIa_L,0.773609992987627
168,dIa_R,0.6431938070332952
169,vId/vIg_L,1.0640116951512064
170,vId/vIg_R,0.956416060463167
171,dIg_L,0.5980149551122312
172,dIg_R,0.6613758642687207
173,dId_L,0.9669596112034882
174,dId_R,0.6004231349085236
175,A23d_L,0.8086285644765299
176,A23d_R,0.7768301990202924
177,A24rv_L,0.8473836717343387
178,A24rv_R,0.7645697859568186
179,A32p_L,0.7599432828626969
180,A32p_R,0.7203173937784643
181,A23v_L,0.8143173046871041
182,A23v_R,0.9770632544444237
183,A24cd_L,0.7569733676496893
184,A24cd_R,0.7508623865865336
185,A23c_L,0.620250228755999
186,A23c_R,0.6290948636084961
187,A32sg_L,0.836602700446466
188,A32sg_R,0.7009229329287494
189,cLinG_L,0.646144057110041
190,cLinG_R,0.760771057195995
191,rCunG_L,1.0702923879390933
192,rCunG_R,0.933571087655704
193,cCunG_L,1.4075585080019848
194,cCunG_R,1.045306633224752
195,rLinG_L,0.8392831544464486
196,rLinG_R,0.8420239628280479
197,vmPOS_L,1.0555389791867509
198,vmPOS_R,0.9592272956132487
199,mOccG_L,1.1858121932052927
200,mOccG_R,1.285416428129822
201,V5/MT+_L,1.0080946795864494
202,V5/MT+_R,0.925877302942205
203,OPC_L,1.7646725861422878
204,OPC_R,2.2263046252060743
205,iOccG_L,0.7876854341764059
206,iOccG_R,0.8035757436113333
207,msOccG_L,1.9435234831022707
208,msOccG_R,1.3390200722381504
209,lsOccG_L,1.030280630510406
210,lsOccG_R,1.114623440662495
211,mAmyg_L,1.0646177170942999
212,mAmyg_R,0.886905079789733
213,lAmyg_L,1.060276918053023
214,lAmyg_R,0.6048083803553355
215,rHipp_L,0.9258179078355281
216,rHipp_R,0.8337163220927821
217,cHipp_L,0.7373099900585727
218,cHipp_R,0.78819361007566
219,vCa_L,0.8220712839030629
220,vCa_R,0.8297191832986176
221,GP_L,0.6812383713493831
222,GP_R,0.7272485549149796
223,NAC_L,0.6315313020457175
224,NAC_R,0.7648307087403903
225,vmPu_L,0.8077636981789004
226,vmPu_R,0.8022885565215442
227,dCa_L,0.7777712477360418
228,dCa_R,0.803269894784757
229,dlPu_L,0.5622162532786972
230,dlPu_R,0.5304322369767646
231,mPFtha_L,1.101592490003786
232,mPFtha_R,1.1121561855178388
233,mPMtha_L,0.6573559826645298
234,mPMtha_R,0.8421096580559857
235,Stha_L,0.5893339565765146
236,Stha_R,0.6432306591788917
237,rTtha_L,0.962629923763595
238,rTtha_R,0.9816157334890395
239,PPtha_L,0.6604617551908585
240,PPtha_R,0.8620569010896463
241,Otha_L,0.8527204379816574
242,Otha_R,0.8186111791959189
243,cTtha_L,0.7938154408591971
244,cTtha_R,0.8983168542899722
245,lPFtha_L,0.7964130774560607
246,lPFtha_R,0.8649858072989858
