ROI_ID,ROI_Name,DC
1,A8m_L,7.979361049201858
2,A8m_R,-6.209856618181565
3,A8dl_L,-8.525816695797406
4,A8dl_R,-15.02776087054255
5,A9l_L,-18.200336857797986
6,A9l_R,-16.656613558287432
7,A6dl_L,-6.372989628988437
8,A6dl_R,-2.439178387221263
9,A6m_L,16.055872870815193
10,A6m_R,7.314458197368779
11,A9m_L,2.6416925470185832
12,A9m_R,-1.3028016651179146
13,A10m_L,-6.947144817674927
14,A10m_R,-10.064250538123837
15,A9/46d_L,-18.701332451607822
16,A9/46d_R,-15.783921910651689
17,IFJ_L,-5.564159653352392
18,IFJ_R,-1.8238563853842402
19,A46_L,-14.753100407262668
20,A46_R,-16.960477462155676
21,A9/46v_L,-12.848435681239817
22,A9/46v_R,-11.455596330720255
23,A8vl_L,-14.357374278760851
24,A8vl_R,-10.126148976544135
25,A6vl_L,-9.126676984866126
26,A6vl_R,2.9274801817319647
27,A10l_L,0.9812626532230506
28,A10l_R,-12.36348365871372
29,A44d_L,0.4904964330419874
30,A44d_R,10.026563123111213
31,IFS_L,-7.617916566903464
32,IFS_R,-0.3138178582009781
33,A45c_L,2.056235516119373
34,A45c_R,8.979517165148435
35,A45r_L,4.300933956858814
36,A45r_R,3.730959677647405
37,A44op_L,8.156439269796628
38,A44op_R,4.053407903355228
39,A44v_L,11.467057965124038
40,A44v_R,10.121915437278219
41,A14m_L,8.316334199787843
42,A14m_R,11.873604841993409
43,A12/47o_L,10.455031363783203
44,A12/47o_R,7.4034523173762645
45,A11l_L,5.918413580831274
46,A11l_R,7.349537168665286
47,A11m_L,-1.602239734776536
48,A11m_R,-0.1628394694051316
49,A13_L,17.62936675180364
50,A13_R,12.228295663964508
51,A12/47l_L,7.2883536096644335
52,A12/47l_R,7.54669445352178
53,A4hf_L,2.7400348288339007
54,A4hf_R,8.83550094573009
55,A6cdl_L,6.845791794037867
56,A6cdl_R,14.62376168849677
57,A4ul_L,5.8367774965139185
58,A4ul_R,10.521215099523916
59,A4t_L,11.109806217630563
60,A4t_R,14.315209374392555
61,A4tl_L,8.869526980205752
62,A4tl_R,18.241947597944026
63,A6cvl_L,2.739217289158938
64,A6cvl_R,6.028939423467663
65,A1/2/3ll_L,16.86288129039233
66,A1/2/3ll_R,12.709831951452838
67,A4ll_L,14.12819412505868
68,A4ll_R,12.438867316512413
69,A38m_L,-2.937038826131783
70,A38m_R,12.818353751113468
71,A41/42_L,15.245186880661999
72,A41/42_R,18.72439021085072
73,TE1.0/TE1.2_L,18.84116665769833
74,TE1.0/TE1.2_R,13.550273510646825
75,A22c_L,6.27846900761447
76,A22c_R,11.614673916401019
77,A38l_L,-0.6771597925667567
78,A38l_R,3.2441493909307635
79,A22r_L,8.520531010556029
80,A22r_R,1.8515392014318066
81,A21c_L,18.72810411696428
82,A21c_R,7.611145774966013
83,A21r_L,5.805871599228972
84,A21r_R,14.319511859857707
85,A37dl_L,2.2211153985531213
86,A37dl_R,6.334318294288474
87,aSTS_L,6.28966247190329
88,aSTS_R,10.372313225668812
89,A20iv_L,-15.034334675209712
90,A20iv_R,-9.602671867927151
91,A37elv_L,4.362503683895528
92,A37elv_R,-4.263395591246
93,A20r_L,-1.583634909352905
94,A20r_R,3.673349203017242
95,A20il_L,5.823071392359283
96,A20il_R,-0.42088791227496103
97,A37vl_L,3.7549063270220717
98,A37vl_R,-1.1023087211210436
99,A20cl_L,-0.6929086560907187
100,A20cl_R,-6.908617992417126
101,A20cv_L,-12.596020404500614
102,A20cv_R,-13.21698620053643
103,A20rv_L,-0.7652841202117173
104,A20rv_R,-4.009516163387504
105,A37mv_L,-6.227234939543223
106,A37mv_R,-6.581027650040135
107,A37lv_L,2.09111531173604
108,A37lv_R,8.636003534397208
109,A35/36r_L,8.418400534281663
110,A35/36r_R,-1.3543534590061839
111,A35/36c_L,1.2687820743347942
112,A35/36c_R,-7.644594825563327
113,TL_L,13.765807835168001
114,TL_R,14.7293239865071
115,A28/34_L,18.86291470311689
116,A28/34_R,20.991309860450002
117,TI_L,12.879118272305364
118,TI_R,19.31427062729537
119,TH_L,15.707194382836931
120,TH_R,10.828528785281998
121,rpSTS_L,8.620530300350085
122,rpSTS_R,14.933078295645032
123,cpSTS_L,3.8010009188075333
124,cpSTS_R,8.991839181006899
125,A7r_L,12.702538119098488
126,A7r_R,14.861533643363536
127,A7c_L,3.652937693987596
128,A7c_R,5.802736746844776
129,A5l_L,1.9052140922395355
130,A5l_R,13.248936809697657
131,A7pc_L,15.670094195587533
132,A7pc_R,17.564693868529965
133,A7ip_L,-3.447964202953945
134,A7ip_R,-1.5124684458662223
135,A39c_L,3.9239906232769375
136,A39c_R,4.432320759519697
137,A39rd_L,-2.236641921519663
138,A39rd_R,1.905461525065689
139,A40rd_L,8.274974836556371
140,A40rd_R,-0.4045505349935503
141,A40c_L,3.863269503305519
142,A40c_R,6.752670948368837
143,A39rv_L,-2.5300014173442373
144,A39rv_R,5.491733639905513
145,A40rv_L,11.24463126869534
146,A40rv_R,2.0095765556736316
147,A7m_L,-1.8891199749194136
148,A7m_R,4.812712068219161
149,A5m_L,15.768597789134937
150,A5m_R,18.349300596322518
151,dmPOS_L,-5.391918789686377
152,dmPOS_R,-4.921989538357615
153,A31_L,-4.208414031881387
154,A31_R,-0.6406924456871579
155,A1/2/3ulhf_L,6.943516306626071
156,A1/2/3ulhf_R,10.880819623043996
157,A1/2/3tonIa_L,12.474351685509522
158,A1/2/3tonIa_R,11.625785256533703
159,A2_L,8.586011776888734
160,A2_R,8.933819185811814
161,A1/2/3tru_L,15.987011250113667
162,A1/2/3tru_R,10.362049455602078
163,G_L,17.242469305510376
164,G_R,17.03455950379569
165,vIa_L,7.118733734356411
166,vIa_R,3.244899877128707
167,dIa_L,11.791399354099736
168,dIa_R,4.1058716481471205
169,vId/vIg_L,9.962215845672551
170,vId/vIg_R,0.49904504455267507
171,dIg_L,13.79220746660783
172,dIg_R,15.401960580259576
173,dId_L,8.266888995819214
174,dId_R,13.86646326622122
175,A23d_L,-6.328163590505053
176,A23d_R,-3.790146286649164
177,A24rv_L,13.834714226362019
178,A24rv_R,12.203991885143363
179,A32p_L,11.861933928369771
180,A32p_R,3.723956645759153
181,A23v_L,1.099133058694262
182,A23v_R,5.435956392518879
183,A24cd_L,15.12684949303549
184,A24cd_R,13.230417535038185
185,A23c_L,13.94727362615971
186,A23c_R,12.622383543083146
187,A32sg_L,9.614638645907815
188,A32sg_R,8.505700309485867
189,cLinG_L,-16.3835498851169
190,cLinG_R,-20.13484266213615
191,rCunG_L,-10.069277471218864
192,rCunG_R,-4.164382312885784
193,cCunG_L,-19.820737254834093
194,cCunG_R,-9.00818969696274
195,rLinG_L,-3.083943093456056
196,rLinG_R,1.1804284003463064
197,vmPOS_L,-1.4261827024641693
198,vmPOS_R,1.3430473210025173
199,mOccG_L,-16.724515647243305
200,mOccG_R,-13.389583341822942
201,V5/MT+_L,-1.8970017679028013
202,V5/MT+_R,0.9349862363591441
203,OPC_L,-19.010906599517085
204,OPC_R,-22.664216651156284
205,iOccG_L,-17.100512618340115
206,iOccG_R,-20.423584530923826
207,msOccG_L,-1.1711722530628688
208,msOccG_R,-0.19564827021624787
209,lsOccG_L,-0.46389805394103334
210,lsOccG_R,5.049241990444749
211,mAmyg_L,15.059447050626297
212,mAmyg_R,20.405067662995783
213,lAmyg_L,20.515688158053734
214,lAmyg_R,19.65979493271582
215,rHipp_L,21.6285065910103
216,rHipp_R,23.296161492583902
217,cHipp_L,14.125304247151
218,cHipp_R,10.522857492481485
219,vCa_L,8.634260652065432
220,vCa_R,9.136578958658122
221,GP_L,7.222388701465912
222,GP_R,9.580607380913237
223,NAC_L,14.622552296891879
224,NAC_R,13.7387549509677
225,vmPu_L,9.944168072456689
226,vmPu_R,9.213081963885728
227,dCa_L,-0.627476247966472
228,dCa_R,1.6610162042333716
229,dlPu_L,11.374839310184504
230,dlPu_R,10.418038162722613
231,mPFtha_L,8.541608110003477
232,mPFtha_R,5.881770570372261
233,mPMtha_L,4.021955561225786
234,mPMtha_R,14.195983327583889
235,Stha_L,11.385589182934003
236,Stha_R,11.82801861550533
237,rTtha_L,6.038699813653342
238,rTtha_R,1.428244334282267
239,PPtha_L,4.608422410388233
240,PPtha_R,4.773358379282431
241,Otha_L,5.201459910806319
242,Otha_R,-1.5081579190249732
243,cTtha_L,-0.15372392586144112
244,cTtha_R,5.451379835182563
245,lPFtha_L,8.77518408637086
246,lPFtha_R,10.230827719716737
