GROUP,SUBJECT,SESSION,RUN,STATUS,OUTPUTS_COMPLETE,T,ROI_COLS,ROI_TS_NAN,ROI_TS_INF,ROI_ZERO_VAR,BN_ROIS_PRESENT,BN_ZERO_VOXEL,BN_MIN_VOX,BN_MEDIAN_VOX,BN_MAX_VOX,ALFF_N,ALFF_NAN,ALFF_NEG,ALFF_MIN,ALFF_MAX,REHO_N,REHO_NAN,REHO_MIN,REHO_MAX,REHO_OUT_OF_RANGE,FC_SHAPE_OK,FC_NAN,FC_DIAG_ERR,FC_SYM_ERR,FC_PCT_NEG_OFFDIAG,DC_N,DC_NAN,DC_MIN,DC_MAX,FCSTR_N,FCSTR_NAN,REG_SHAPE_OK,REG_NAN,DC_RECOMPUTE_DIFF,FCSTR_RECOMPUTE_DIFF,CONSISTENT
AD,sub-002S5018,ses-01,run-01,COMPLETED,True,135,246,0,0,0,246,0,10,68.0,186,246,0,0,36191.98046875,167258.46875,246,0,0.3346273899078369,0.7147383093833923,0,True,0,2.220446049250313e-16,2.220446049250313e-16,48.63115978098556,246,0,-25.78834866835782,23.2750981360376,246,0,True,0,0.0,0.0,True
AD,sub-002S5018,ses-02,run-01,COMPLETED,True,135,246,0,0,0,246,0,10,68.0,186,246,0,0,35833.09765625,173039.3125,246,0,0.30339857935905457,0.6718586683273315,0,True,0,2.220446049250313e-16,2.220446049250313e-16,50.37000165920026,246,0,-16.592860390297552,16.289287455174946,246,0,True,0,0.0,0.0,True
AD,sub-006S4153,ses-01,run-01,COMPLETED,True,135,246,0,0,0,246,0,10,68.0,186,246,0,0,3431.7958984375,13289.8310546875,246,0,0.3233557641506195,0.6539056897163391,0,True,0,2.220446049250313e-16,2.220446049250313e-16,49.75609756097561,246,0,-17.491325694804853,19.249174921543872,246,0,True,0,0.0,0.0,True
AD,sub-006S4192,ses-01,run-01,COMPLETED,True,135,246,0,0,0,246,0,10,68.0,186,246,0,0,4039.49462890625,47189.9296875,246,0,0.3103425204753876,0.6836190819740295,0,True,0,2.220446049250313e-16,1.1102230246251565e-16,47.5427244068359,246,0,-40.574639607030534,37.049812866994316,246,0,True,0,0.0,0.0,True
AD,sub-013S5071,ses-01,run-01,COMPLETED,True,135,246,0,0,0,246,0,10,68.0,186,246,0,0,71198.1015625,398561.25,246,0,0.3500196039676666,0.6829954981803894,0,True,0,2.220446049250313e-16,2.220446049250313e-16,49.74614235938278,246,0,-20.35526033496185,20.764406533397292,246,0,True,0,0.0,0.0,True
AD,sub-018S4696,ses-01,run-01,COMPLETED,True,135,246,0,0,0,246,0,10,68.0,186,246,0,0,33141.66015625,210219.34375,246,0,0.3259033262729645,0.636788547039032,0,True,0,2.220446049250313e-16,2.220446049250313e-16,48.916542226646754,246,0,-21.42301224727736,23.625725875023946,246,0,True,0,0.0,0.0,True
AD,sub-018S4733,ses-01,run-01,COMPLETED,True,135,246,0,0,0,246,0,10,68.0,186,246,0,0,46007.4609375,331918.78125,246,0,0.31254324316978455,0.7049076557159424,0,True,0,2.220446049250313e-16,2.220446049250313e-16,50.532603285216524,246,0,-16.914797460497162,18.70044077561296,246,0,True,0,0.0,0.0,True
AD,sub-019S4252,ses-01,run-01,COMPLETED,True,135,246,0,0,0,246,0,10,68.0,186,246,0,0,34530.07421875,228273.90625,246,0,0.27279162406921387,0.6616391539573669,0,True,0,2.220446049250313e-16,2.220446049250313e-16,48.13008130081301,246,0,-16.262529500972793,28.989472218641502,246,0,True,0,0.0,0.0,True
AD,sub-019S4477,ses-01,run-01,COMPLETED,True,135,246,0,0,0,246,0,10,68.0,186,246,0,0,31423.71875,153013.765625,246,0,0.3015986979007721,0.6752450466156006,0,True,0,2.220446049250313e-16,2.220446049250313e-16,48.44864775178364,246,0,-33.21323922100332,31.695033975401405,246,0,True,0,0.0,0.0,True
AD,sub-019S4477,ses-02,run-01,COMPLETED,True,135,246,0,0,0,246,0,10,68.0,186,246,0,0,25637.28125,189478.890625,246,0,0.276144802570343,0.6817263960838318,0,True,0,2.220446049250313e-16,2.220446049250313e-16,48.96963663514186,246,0,-24.382599744057885,24.29654913372041,246,0,True,0,0.0,0.0,True
AD,sub-019S4549,ses-01,run-01,COMPLETED,True,135,246,0,0,0,246,0,10,68.0,186,246,0,0,28292.458984375,127465.8984375,246,0,0.31981924176216125,0.6803103089332581,0,True,0,2.220446049250313e-16,1.1102230246251565e-16,51.60444665671147,246,0,-16.84411451955371,12.943792185495052,246,0,True,0,0.0,6.938893903907228e-18,True
AD,sub-019S4549,ses-02,run-01,COMPLETED,True,135,246,0,0,0,246,0,10,68.0,186,246,0,0,26176.58203125,145260.171875,246,0,0.2989487946033478,0.6881373524665833,0,True,0,2.220446049250313e-16,1.1102230246251565e-16,50.46623527459764,246,0,-18.6338599533946,21.659986675290284,246,0,True,0,0.0,0.0,True
AD,sub-019S5012,ses-01,run-01,COMPLETED,True,135,246,0,0,0,246,0,10,68.0,186,246,0,0,28399.30859375,204225.140625,246,0,0.33784300088882446,0.662732720375061,0,True,0,2.220446049250313e-16,2.220446049250313e-16,50.0414800066368,246,0,-19.66581787417686,21.856537834898297,246,0,True,0,0.0,0.0,True
AD,sub-019S5019,ses-01,run-01,COMPLETED,True,135,246,0,0,0,246,0,10,68.0,186,246,0,0,45985.8359375,468966.34375,246,0,0.34837326407432556,0.758423924446106,0,True,0,2.220446049250313e-16,2.220446049250313e-16,49.35125269620043,246,0,-20.772421625126974,18.779657243266264,246,0,True,0,0.0,0.0,True
AD,sub-031S4024,ses-01,run-01,COMPLETED,True,135,246,0,0,0,246,0,10,68.0,186,246,0,0,22060.41796875,133656.078125,246,0,0.36820584535598755,0.7135846614837646,0,True,0,2.220446049250313e-16,2.220446049250313e-16,48.52497096399535,246,0,-25.45687047896126,23.47889761594258,246,0,True,0,0.0,0.0,True
AD,sub-130S4641,ses-01,run-01,COMPLETED,True,135,246,0,0,0,246,0,10,68.0,186,246,0,0,40371.83984375,242258.515625,246,0,0.2638779878616333,0.6843807101249695,0,True,0,2.220446049250313e-16,2.220446049250313e-16,50.69188651070184,246,0,-21.218692625156493,18.13940157006879,246,0,True,0,0.0,0.0,True
AD,sub-130S4660,ses-01,run-01,COMPLETED,True,135,246,0,0,0,246,0,10,68.0,186,246,0,0,54682.984375,659826.3125,246,0,0.3686753213405609,0.7242334485054016,0,True,0,2.220446049250313e-16,1.1102230246251565e-16,51.57789945246391,246,0,-15.970699488029064,23.481795342138113,246,0,True,0,0.0,0.0,True
AD,sub-130S4730,ses-01,run-01,COMPLETED,True,135,246,0,0,0,246,0,10,68.0,186,246,0,0,36801.5390625,242867.9375,246,0,0.3314799964427948,0.6718385815620422,0,True,0,2.220446049250313e-16,2.220446049250313e-16,50.21735523477684,246,0,-24.818706570666716,27.966266132834903,246,0,True,0,0.0,0.0,True
AD,sub-130S4730,ses-02,run-01,COMPLETED,True,135,246,0,0,0,246,0,10,68.0,186,246,0,0,35776.63671875,208878.53125,246,0,0.2954021096229553,0.6965577602386475,0,True,0,2.220446049250313e-16,1.1102230246251565e-16,48.793761407001824,246,0,-24.935533295662363,23.72884706955172,246,0,True,0,0.0,0.0,True
AD,sub-130S4971,ses-01,run-01,COMPLETED,True,135,246,0,0,0,246,0,10,68.0,186,246,0,0,44442.8046875,602146.75,246,0,0.322907030582428,0.6837693452835083,0,True,0,2.220446049250313e-16,2.220446049250313e-16,48.9497262319562,246,0,-22.319615749956554,24.63670986437015,246,0,True,0,0.0,0.0,True
AD,sub-130S4982,ses-01,run-01,COMPLETED,True,135,246,0,0,0,246,0,10,68.0,186,246,0,0,53470.875,258824.609375,246,0,0.3180609345436096,0.732699453830719,0,True,0,2.220446049250313e-16,2.220446049250313e-16,50.36004645760743,246,0,-21.850425915053677,19.414460295412027,246,0,True,0,0.0,0.0,True
AD,sub-130S4982,ses-02,run-01,COMPLETED,True,135,246,0,0,0,246,0,10,68.0,186,246,0,0,50213.24609375,273911.5,246,0,0.3336304724216461,0.7367032170295715,0,True,0,2.220446049250313e-16,2.220446049250313e-16,49.570267131242744,246,0,-19.768345682412132,17.69217682349101,246,0,True,0,0.0,0.0,True
AD,sub-130S4984,ses-01,run-01,COMPLETED,True,135,246,0,0,0,246,0,10,68.0,186,246,0,0,35694.3125,303963.15625,246,0,0.2908572852611542,0.6681312322616577,0,True,0,2.220446049250313e-16,2.220446049250313e-16,51.027044964327196,246,0,-17.324614327466037,19.319789977789917,246,0,True,0,0.0,0.0,True
AD,sub-130S4990,ses-01,run-01,COMPLETED,True,135,246,0,0,0,246,0,10,68.0,186,246,0,0,50792.26171875,401726.9375,246,0,0.3165205419063568,0.666678786277771,0,True,0,2.220446049250313e-16,2.220446049250313e-16,49.25501908080305,246,0,-20.30170809031315,19.390554186595118,246,0,True,0,0.0,0.0,True
AD,sub-130S5059,ses-01,run-01,COMPLETED,True,135,246,0,0,0,246,0,10,68.0,186,246,0,0,42934.5859375,336694.9375,246,0,0.30928608775138855,0.6253817081451416,0,True,0,2.220446049250313e-16,1.1102230246251565e-16,53.12095569935291,246,0,-10.698942588991056,11.484622487222538,246,0,True,0,0.0,0.0,True
CN_Final,sub-002S1261,ses-01,run-01,COMPLETED,True,135,246,0,0,0,246,0,10,68.0,186,246,0,0,31742.19140625,263873.375,246,0,0.31885457038879395,0.7238271832466125,0,True,0,2.220446049250313e-16,2.220446049250313e-16,48.84685581549693,246,0,-23.388081885329765,27.86231250224101,246,0,True,0,0.0,0.0,True
CN_Final,sub-002S1280,ses-01,run-01,COMPLETED,True,135,246,0,0,0,246,0,10,68.0,186,246,0,0,32855.92578125,249806.375,246,0,0.25755128264427185,0.5721809267997742,0,True,0,2.220446049250313e-16,2.220446049250313e-16,51.64094906255185,246,0,-11.247089912561975,12.554958556062346,246,0,True,0,0.0,0.0,True
CN_Final,sub-006S4357,ses-01,run-01,COMPLETED,True,135,246,0,0,0,246,0,10,68.0,186,246,0,0,4464.86328125,18853.5,246,0,0.3136305510997772,0.6470032930374146,0,True,0,2.220446049250313e-16,1.1102230246251565e-16,49.84901277584204,246,0,-14.026165005624891,16.56771212984024,246,0,True,0,0.0,0.0,True
CN_Final,sub-010S4345,ses-01,run-01,COMPLETED,True,135,246,0,0,0,246,0,10,68.0,186,246,0,0,34478.515625,180155.296875,246,0,0.35757333040237427,0.6959956288337708,0,True,0,2.220446049250313e-16,1.1102230246251565e-16,50.17753442840551,246,0,-20.655618851058392,19.697573861416792,246,0,True,0,0.0,0.0,True
CN_Final,sub-010S4442,ses-01,run-01,COMPLETED,True,135,246,0,0,0,246,0,10,68.0,186,246,0,0,33304.3828125,203316.90625,246,0,0.3347989618778229,0.7061383128166199,0,True,0,2.220446049250313e-16,2.220446049250313e-16,50.34013605442177,246,0,-16.56112507626696,20.244810892702624,246,0,True,0,0.0,0.0,True
CN_Final,sub-010S4442,ses-02,run-01,COMPLETED,True,135,246,0,0,0,246,0,10,68.0,186,246,0,0,18834.169921875,155669.8125,246,0,0.30811598896980286,0.6754592657089233,0,True,0,2.220446049250313e-16,1.1102230246251565e-16,50.034843205574916,246,0,-17.80397802302887,15.03556326328032,246,0,True,0,0.0,0.0,True
CN_Final,sub-012S4545,ses-01,run-01,COMPLETED,True,135,246,0,0,0,246,0,10,68.0,186,246,0,0,19846.41796875,171897.0625,246,0,0.26095083355903625,0.6713331937789917,0,True,0,2.220446049250313e-16,1.1102230246251565e-16,50.695204911232786,246,0,-13.221030295551941,15.728238050291466,246,0,True,0,0.0,0.0,True
CN_Final,sub-012S4643,ses-01,run-01,COMPLETED,True,135,246,0,0,0,246,0,10,68.0,186,246,0,0,18344.10546875,76621.15625,246,0,0.3072371482849121,0.672251284122467,0,True,0,2.220446049250313e-16,2.220446049250313e-16,51.91969470715115,246,0,-12.339688396957715,12.407848486015833,246,0,True,0,0.0,0.0,True
CN_Final,sub-013S4579,ses-01,run-01,COMPLETED,True,135,246,0,0,0,246,0,10,68.0,186,246,0,0,69247.3515625,545829.0625,246,0,0.30962246656417847,0.691430926322937,0,True,0,2.220446049250313e-16,2.220446049250313e-16,48.57142857142857,246,0,-36.59751388900268,32.57950433499239,246,0,True,0,0.0,0.0,True
CN_Final,sub-013S4616,ses-01,run-01,COMPLETED,True,135,246,0,0,0,246,0,10,68.0,186,246,0,0,58190.4609375,292358.125,246,0,0.3207579255104065,0.6731603145599365,0,True,0,2.220446049250313e-16,2.220446049250313e-16,50.7715281234445,246,0,-16.642774607572715,18.243643906759687,246,0,True,0,0.0,0.0,True
CN_Final,sub-018S4257,ses-01,run-01,COMPLETED,True,135,246,0,0,0,246,0,10,68.0,186,246,0,0,32103.5703125,209011.359375,246,0,0.353796124458313,0.6694187521934509,0,True,0,2.220446049250313e-16,1.1102230246251565e-16,49.703003152480505,246,0,-25.528108926750708,18.28470463733933,246,0,True,0,0.0,0.0,True
CN_Final,sub-018S4313,ses-01,run-01,COMPLETED,True,135,246,0,0,0,246,0,10,68.0,186,246,0,0,34.719512939453125,117149.3671875,246,0,0.32434019446372986,0.805856466293335,0,True,0,2.220446049250313e-16,2.220446049250313e-16,47.3469387755102,246,0,-28.283298744629057,34.80914054711264,246,0,True,0,0.0,0.0,True
CN_Final,sub-018S4349,ses-01,run-01,COMPLETED,True,135,246,0,0,0,246,0,10,68.0,186,246,0,0,46004.17578125,370460.1875,246,0,0.30709731578826904,0.6748234033584595,0,True,0,2.220446049250313e-16,2.220446049250313e-16,51.32238261158122,246,0,-19.033092401635667,19.25378816635544,246,0,True,0,0.0,0.0,True
CN_Final,sub-018S4399,ses-01,run-01,COMPLETED,True,135,246,0,0,0,246,0,10,68.0,186,246,0,0,36120.21484375,199082.078125,246,0,0.3570473790168762,0.6366672515869141,0,True,0,2.220446049250313e-16,2.220446049250313e-16,50.157624025219846,246,0,-16.47161566284315,22.31886872538027,246,0,True,0,0.0,0.0,True
CN_Final,sub-018S4400,ses-01,run-01,COMPLETED,True,135,246,0,0,0,246,0,10,68.0,186,246,0,0,32533.693359375,134715.796875,246,0,0.33636409044265747,0.7758229374885559,0,True,0,2.220446049250313e-16,1.1102230246251565e-16,45.551684088269454,246,0,-41.77557793571222,30.331191803913867,246,0,True,0,0.0,0.0,True
CN_Final,sub-019S4367,ses-01,run-01,COMPLETED,True,135,246,0,0,0,246,0,10,68.0,186,246,0,0,33014.86328125,145566.8125,246,0,0.30038490891456604,0.6547414064407349,0,True,0,2.220446049250313e-16,1.1102230246251565e-16,51.773685083789616,246,0,-11.448171712543159,10.311010591430481,246,0,True,0,0.0,0.0,True
CN_Final,sub-019S4835,ses-01,run-01,COMPLETED,True,135,246,0,0,0,246,0,10,68.0,186,246,0,0,51981.390625,275691.5,246,0,0.34376510977745056,0.7061042785644531,0,True,0,2.220446049250313e-16,2.220446049250313e-16,48.236270117803215,246,0,-32.32549806040893,31.80568865741377,246,0,True,0,0.0,0.0,True
CN_Final,sub-031S4021,ses-01,run-01,COMPLETED,True,135,246,0,0,0,246,0,10,68.0,186,246,0,0,28342.15625,146112.09375,246,0,0.34728682041168213,0.7157508134841919,0,True,0,2.220446049250313e-16,2.220446049250313e-16,49.95520159283225,246,0,-23.762029116018923,23.88362417957499,246,0,True,0,0.0,0.0,True
CN_Final,sub-031S4032,ses-01,run-01,COMPLETED,True,135,246,0,0,0,246,0,10,68.0,186,246,0,0,24609.330078125,183080.671875,246,0,0.2888549864292145,0.7186749577522278,0,True,0,2.220446049250313e-16,2.220446049250313e-16,48.55151816824291,246,0,-24.16930715469273,22.847810892690816,246,0,True,0,0.0,0.0,True
CN_Final,sub-031S4218,ses-01,run-01,COMPLETED,True,135,246,0,0,0,246,0,10,68.0,186,246,0,0,28247.353515625,254983.234375,246,0,0.333057701587677,0.6829831600189209,0,True,0,2.220446049250313e-16,1.1102230246251565e-16,51.03368176538908,246,0,-17.095036495765278,21.682731260374545,246,0,True,0,0.0,0.0,True
CN_Final,sub-031S4474,ses-01,run-01,COMPLETED,True,135,246,0,0,0,246,0,10,68.0,186,246,0,0,34572.27734375,351803.46875,246,0,0.327627032995224,0.7093496322631836,0,True,0,2.220446049250313e-16,2.220446049250313e-16,50.30363364858138,246,0,-20.574598283450108,17.344944638932596,246,0,True,0,0.0,0.0,True
CN_Final,sub-031S4496,ses-01,run-01,COMPLETED,True,135,246,0,0,0,246,0,10,68.0,186,246,0,0,31077.376953125,212426.546875,246,0,0.3651614487171173,0.719352126121521,0,True,0,2.220446049250313e-16,2.220446049250313e-16,50.930811348929815,246,0,-12.834472039948393,16.785019494450275,246,0,True,0,0.0,0.0,True
CN_Final,sub-129S0778,ses-01,run-01,COMPLETED,True,135,246,0,0,0,246,0,10,68.0,186,246,0,0,1552.3626708984375,10479.390625,246,0,0.3269940912723541,0.7225006222724915,0,True,0,2.220446049250313e-16,1.1102230246251565e-16,51.53144184503069,246,0,-15.319988045945003,20.075632800619424,246,0,True,0,0.0,0.0,True
CN_Final,sub-129S4422,ses-01,run-01,COMPLETED,True,135,246,0,0,0,246,0,10,68.0,186,246,0,0,5052.4365234375,23924.193359375,246,0,0.3184497356414795,0.7890609502792358,0,True,0,2.220446049250313e-16,2.220446049250313e-16,50.874398539903765,246,0,-12.62589195989237,14.235570389697092,246,0,True,0,0.0,0.0,True
CN_Final,sub-130S4343,ses-01,run-01,COMPLETED,True,135,246,0,0,0,246,0,10,68.0,186,246,0,0,38385.265625,247359.09375,246,0,0.2917412519454956,0.6696969866752625,0,True,0,2.220446049250313e-16,1.1102230246251565e-16,50.801393728223,246,0,-12.256847625539056,15.123529602083794,246,0,True,0,0.0,0.0,True
CN_Final,sub-130S4352,ses-01,run-01,COMPLETED,True,135,246,0,0,0,246,0,10,68.0,186,246,0,0,36527.66015625,188121.015625,246,0,0.280705064535141,0.6238014101982117,0,True,0,2.220446049250313e-16,1.1102230246251565e-16,52.38758918201427,246,0,-12.871241582137536,16.289136674102416,246,0,True,0,0.0,0.0,True
CN_Final,sub-136S0186,ses-01,run-01,COMPLETED,True,135,246,0,0,0,246,0,10,68.0,186,246,0,0,40540.70703125,167388.4375,246,0,0.35163870453834534,0.6653227210044861,0,True,0,2.220446049250313e-16,2.220446049250313e-16,49.05591504894641,246,0,-27.60838354481654,26.812529259301073,246,0,True,0,0.0,0.0,True
EMCI,sub-002S2010,ses-01,run-01,COMPLETED,True,135,246,0,0,0,246,0,10,68.0,186,246,0,0,46336.67578125,179038.953125,246,0,0.36267873644828796,0.6818802952766418,0,True,0,2.220446049250313e-16,2.220446049250313e-16,52.36436037829766,246,0,-11.178128606313212,17.60175559392164,246,0,True,0,0.0,0.0,True
EMCI,sub-002S2073,ses-01,run-01,COMPLETED,True,135,246,0,0,0,246,0,10,68.0,186,246,0,0,37155.3359375,148316.609375,246,0,0.282095342874527,0.6444330215454102,0,True,0,2.220446049250313e-16,1.1102230246251565e-16,50.890990542558484,246,0,-21.69425137209815,20.905779171452394,246,0,True,0,0.0,0.0,True
EMCI,sub-002S4237,ses-01,run-01,COMPLETED,True,135,246,0,0,0,246,0,10,68.0,186,246,0,0,51839.17578125,256751.671875,246,0,0.3079170286655426,0.8067758679389954,0,True,0,2.220446049250313e-16,2.220446049250313e-16,47.53940600630496,246,0,-35.0683336029967,32.28195564776368,246,0,True,0,0.0,0.0,True
EMCI,sub-002S4447,ses-01,run-01,COMPLETED,True,135,246,0,0,0,246,0,10,68.0,186,246,0,0,41975.671875,289071.4375,246,0,0.30238306522369385,0.7296136617660522,0,True,0,2.220446049250313e-16,1.1102230246251565e-16,47.85465405674465,246,0,-23.79627987602709,24.980269466418928,246,0,True,0,0.0,0.0,True
EMCI,sub-002S4473,ses-01,run-01,COMPLETED,True,135,246,0,0,0,246,0,10,68.0,186,246,0,0,43906.64453125,313120.71875,246,0,0.2724773585796356,0.6981053948402405,0,True,0,2.220446049250313e-16,2.220446049250313e-16,52.341131574581055,246,0,-13.490610086144793,13.923280983615246,246,0,True,0,0.0,0.0,True
EMCI,sub-006S4679,ses-01,run-01,COMPLETED,True,135,246,0,0,0,246,0,10,68.0,186,246,0,0,5607.3603515625,31836.4765625,246,0,0.32396772503852844,0.7177773714065552,0,True,0,2.220446049250313e-16,2.220446049250313e-16,49.68309274929484,246,0,-20.327969435269303,16.930975549940168,246,0,True,0,0.0,0.0,True
EMCI,sub-012S4012,ses-01,run-01,COMPLETED,True,135,246,0,0,0,246,0,10,68.0,186,246,0,0,32284.16796875,308044.125,246,0,0.3497009575366974,0.7288554310798645,0,True,0,2.220446049250313e-16,2.220446049250313e-16,48.700846192135394,246,0,-23.639881105788355,22.690764436774664,246,0,True,0,0.0,0.0,True
EMCI,sub-012S4128,ses-01,run-01,COMPLETED,True,135,246,0,0,0,246,0,10,68.0,186,246,0,0,34645.56640625,267398.6875,246,0,0.24228590726852417,0.670630693435669,0,True,0,2.220446049250313e-16,2.220446049250313e-16,51.57126265140202,246,0,-16.523291096936397,14.367150380694152,246,0,True,0,0.0,0.0,True
EMCI,sub-012S4128,ses-02,run-01,COMPLETED,True,135,246,0,0,0,246,0,10,68.0,186,246,0,0,19300.873046875,208466.78125,246,0,0.3344368636608124,0.786587119102478,0,True,0,2.220446049250313e-16,2.220446049250313e-16,50.19744483159117,246,0,-22.601312716308406,20.214012596510734,246,0,True,0,0.0,0.0,True
EMCI,sub-012S4188,ses-01,run-01,COMPLETED,True,135,246,0,0,0,246,0,10,68.0,186,246,0,0,27265.126953125,200309.421875,246,0,0.23515824973583221,0.7097496390342712,0,True,0,2.220446049250313e-16,2.220446049250313e-16,51.65754106520657,246,0,-19.666550517833024,17.456339193585762,246,0,True,0,0.0,0.0,True
EMCI,sub-012S4849,ses-01,run-01,COMPLETED,True,135,246,0,0,0,246,0,10,68.0,186,246,0,0,27885.83984375,308230.5,246,0,0.2908412218093872,0.7678082585334778,0,True,0,2.220446049250313e-16,2.220446049250313e-16,49.304795088767214,246,0,-21.21752728052482,19.865978767366986,246,0,True,0,0.0,0.0,True
EMCI,sub-012S4987,ses-01,run-01,COMPLETED,True,135,246,0,0,0,246,0,10,68.0,186,246,0,0,27725.177734375,135500.421875,246,0,0.3238496780395508,0.7130504846572876,0,True,0,2.220446049250313e-16,1.1102230246251565e-16,49.90210718433715,246,0,-22.862005841897037,23.221462260129396,246,0,True,0,0.0,0.0,True
EMCI,sub-013S2324,ses-01,run-01,COMPLETED,True,135,246,0,0,0,246,0,10,68.0,186,246,0,0,61905.5078125,301390.5,246,0,0.3012394905090332,0.6837104558944702,0,True,0,2.220446049250313e-16,1.1102230246251565e-16,51.252696200431394,246,0,-19.501985658119803,15.729361986880505,246,0,True,0,0.0,0.0,True
EMCI,sub-013S4268,ses-01,run-01,COMPLETED,True,135,246,0,0,0,246,0,10,68.0,186,246,0,0,57387.27734375,384857.9375,246,0,0.27830153703689575,0.6727194786071777,0,True,0,2.220446049250313e-16,2.220446049250313e-16,49.46075991372159,246,0,-10.933069839619467,20.26474829061948,246,0,True,0,0.0,0.0,True
EMCI,sub-013S4791,ses-01,run-01,COMPLETED,True,135,246,0,0,0,246,0,10,68.0,186,246,0,0,44504.19921875,190951.75,246,0,0.34506019949913025,0.7167783379554749,0,True,0,2.220446049250313e-16,2.220446049250313e-16,51.80355068856811,246,0,-5.815885139091289,8.74859733209358,246,0,True,0,0.0,0.0,True
EMCI,sub-013S4917,ses-01,run-01,COMPLETED,True,135,246,0,0,0,246,0,10,68.0,186,246,0,0,35905.76953125,109043.859375,246,0,0.32084980607032776,0.6083855032920837,0,True,0,2.220446049250313e-16,1.1102230246251565e-16,50.061390409822465,246,0,-18.29016298219941,14.098374562984707,246,0,True,0,0.0,0.0,True
EMCI,sub-018S2133,ses-01,run-01,COMPLETED,True,135,246,0,0,0,246,0,10,68.0,186,246,0,0,36764.48046875,257179.546875,246,0,0.3031376004219055,0.6715370416641235,0,True,0,2.220446049250313e-16,1.1102230246251565e-16,52.92185166749627,246,0,-11.127244448462658,16.175578768289864,246,0,True,0,0.0,0.0,True
EMCI,sub-018S2138,ses-01,run-01,COMPLETED,True,135,246,0,0,0,246,0,10,68.0,186,246,0,0,39737.9296875,328001.84375,246,0,0.34472692012786865,0.6646245718002319,0,True,0,2.220446049250313e-16,1.1102230246251565e-16,51.01377136220342,246,0,-19.673872366619776,15.299554322014135,246,0,True,0,0.0,0.0,True
EMCI,sub-018S2155,ses-01,run-01,COMPLETED,True,135,246,0,0,0,246,0,10,68.0,186,246,0,0,38607.22265625,208893.75,246,0,0.3076673448085785,0.7687816023826599,0,True,0,2.220446049250313e-16,1.1102230246251565e-16,50.51269288203086,246,0,-16.834464114575276,23.060098137459498,246,0,True,0,0.0,0.0,True
EMCI,sub-018S4597,ses-01,run-01,COMPLETED,True,135,246,0,0,0,246,0,10,68.0,186,246,0,0,29787.67578125,147116.015625,246,0,0.3130313754081726,0.6713481545448303,0,True,0,2.220446049250313e-16,2.220446049250313e-16,51.458437033349924,246,0,-11.18201532600695,11.930341941599426,246,0,True,0,0.0,0.0,True
EMCI,sub-018S4809,ses-01,run-01,COMPLETED,True,135,246,0,0,0,246,0,10,68.0,186,246,0,0,13837.25,283839.1875,246,0,0.2803734838962555,0.6989147067070007,0,True,0,2.220446049250313e-16,2.220446049250313e-16,49.882196781151485,246,0,-19.20107120969721,18.57693999304045,246,0,True,0,0.0,0.0,True
EMCI,sub-018S4868,ses-01,run-01,COMPLETED,True,135,246,0,0,0,246,0,10,68.0,186,246,0,0,38020.2265625,255372.109375,246,0,0.33192044496536255,0.7125409841537476,0,True,0,2.220446049250313e-16,2.220446049250313e-16,51.402024224323874,246,0,-24.85300695056599,20.912524252228103,246,0,True,0,0.0,0.0,True
EMCI,sub-019S4285,ses-01,run-01,COMPLETED,True,135,246,0,0,0,246,0,10,68.0,186,246,0,0,34036.5546875,182518.359375,246,0,0.3020421862602234,0.6478493809700012,0,True,0,2.220446049250313e-16,2.220446049250313e-16,49.938609590177535,246,0,-19.63083487118138,20.529034880713276,246,0,True,0,0.0,0.0,True
EMCI,sub-019S4680,ses-01,run-01,COMPLETED,True,135,246,0,0,0,246,0,10,68.0,186,246,0,0,39192.765625,250561.953125,246,0,0.35806572437286377,0.6813259720802307,0,True,0,2.220446049250313e-16,1.1102230246251565e-16,51.47502903600465,246,0,-14.996980743861373,16.27908945759168,246,0,True,0,0.0,0.0,True
EMCI,sub-031S2018,ses-01,run-01,COMPLETED,True,135,246,0,0,0,246,0,10,68.0,186,246,0,0,31433.427734375,224726.3125,246,0,0.35546478629112244,0.6811163425445557,0,True,0,2.220446049250313e-16,1.1102230246251565e-16,50.306952049112326,246,0,-17.186247476819155,16.424244613951878,246,0,True,0,0.0,0.0,True
EMCI,sub-031S2018,ses-02,run-01,COMPLETED,True,135,246,0,0,0,246,0,10,68.0,186,246,0,0,37407.76953125,272094.09375,246,0,0.2900005877017975,0.8170106410980225,0,True,0,2.220446049250313e-16,2.220446049250313e-16,49.785963165754104,246,0,-26.454060638151766,21.13257183725954,246,0,True,0,0.0,0.0,True
EMCI,sub-031S2022,ses-01,run-01,COMPLETED,True,135,246,0,0,0,246,0,10,68.0,186,246,0,0,31209.423828125,193514.40625,246,0,0.34522515535354614,0.7289965748786926,0,True,0,2.220446049250313e-16,2.220446049250313e-16,52.01260992201759,246,0,-16.596660130247066,15.596646179086392,246,0,True,0,0.0,0.0,True
EMCI,sub-031S2233,ses-01,run-01,COMPLETED,True,135,246,0,0,0,246,0,10,68.0,186,246,0,0,30548.142578125,135211.78125,246,0,0.3089126944541931,0.7079509496688843,0,True,0,2.220446049250313e-16,2.220446049250313e-16,50.36004645760743,246,0,-20.259930990197176,15.065042213200053,246,0,True,0,0.0,0.0,True
EMCI,sub-031S2233,ses-02,run-01,COMPLETED,True,135,246,0,0,0,246,0,10,68.0,186,246,0,0,23838.52734375,104335.71875,246,0,0.30889463424682617,0.7383645176887512,0,True,0,2.220446049250313e-16,2.220446049250313e-16,51.77036668325867,246,0,-19.024941974049604,16.256181178762652,246,0,True,0,0.0,0.0,True
LMCI,sub-002S4171,ses-02,run-01,COMPLETED,True,135,246,0,0,0,246,0,10,68.0,186,246,0,0,34625.88671875,246989.78125,246,0,0.2964780032634735,0.7193291187286377,0,True,0,2.220446049250313e-16,1.1102230246251565e-16,50.628836900613905,246,0,-15.530623050080383,14.155530966939565,246,0,True,0,0.0,0.0,True
LMCI,sub-002S4219,ses-01,run-01,COMPLETED,True,135,246,0,0,0,246,0,10,68.0,186,246,0,0,40032.2734375,366244.90625,246,0,0.286314457654953,0.6764903664588928,0,True,0,2.220446049250313e-16,2.220446049250313e-16,49.371163099386095,246,0,-22.463697772371404,20.411841119845374,246,0,True,0,0.0,0.0,True
LMCI,sub-002S4251,ses-01,run-01,COMPLETED,True,135,246,0,0,0,246,0,10,68.0,186,246,0,0,47758.75390625,202654.21875,246,0,0.36057335138320923,0.6761776804924011,0,True,0,2.220446049250313e-16,1.1102230246251565e-16,49.663182346109174,246,0,-22.322978190672334,19.24239784227009,246,0,True,0,0.0,0.0,True
LMCI,sub-002S4521,ses-01,run-01,COMPLETED,True,135,246,0,0,0,246,0,10,68.0,186,246,0,0,39474.21875,194169.90625,246,0,0.2750914990901947,0.6552712321281433,0,True,0,2.220446049250313e-16,2.220446049250313e-16,50.52264808362369,246,0,-11.602209123499062,11.046678641075417,246,0,True,0,0.0,0.0,True
LMCI,sub-002S4654,ses-01,run-01,COMPLETED,True,135,246,0,0,0,246,0,10,68.0,186,246,0,0,31274.61328125,148585.828125,246,0,0.2520432472229004,0.7092227935791016,0,True,0,2.220446049250313e-16,2.220446049250313e-16,48.66434378629501,246,0,-30.197081460741934,23.957602265337297,246,0,True,0,0.0,0.0,True
LMCI,sub-002S4746,ses-01,run-01,COMPLETED,True,135,246,0,0,0,246,0,10,68.0,186,246,0,0,35251.421875,264141.96875,246,0,0.2743963301181793,0.6353427171707153,0,True,0,2.220446049250313e-16,2.220446049250313e-16,48.491786958685914,246,0,-21.72600137521619,21.889110452123557,246,0,True,0,0.0,0.0,True
LMCI,sub-006S4346,ses-01,run-01,COMPLETED,True,135,246,0,0,0,246,0,10,68.0,186,246,0,0,3491.206787109375,26748.25,246,0,0.3399520516395569,0.6867709159851074,0,True,0,2.220446049250313e-16,2.220446049250313e-16,50.72838891654223,246,0,-14.0407166093752,16.228543576431875,246,0,True,0,0.0,0.0,True
LMCI,sub-006S4363,ses-01,run-01,COMPLETED,True,135,246,0,0,0,246,0,10,68.0,186,246,0,0,5397.04833984375,38348.27734375,246,0,0.34452956914901733,0.6887695789337158,0,True,0,2.220446049250313e-16,2.220446049250313e-16,50.721752115480335,246,0,-11.16637052501876,17.548752530865848,246,0,True,0,0.0,0.0,True
LMCI,sub-006S4515,ses-01,run-01,COMPLETED,True,135,246,0,0,0,246,0,10,68.0,186,246,0,0,5740.44775390625,27300.099609375,246,0,0.2947470247745514,0.6915535926818848,0,True,0,2.220446049250313e-16,2.220446049250313e-16,47.02173552347768,246,0,-38.753670498386825,40.09632811687844,246,0,True,0,0.0,0.0,True
LMCI,sub-013S4595,ses-01,run-01,COMPLETED,True,135,246,0,0,0,246,0,10,68.0,186,246,0,0,50181.7734375,205757.125,246,0,0.3330201804637909,0.7179048657417297,0,True,0,2.220446049250313e-16,1.1102230246251565e-16,52.01260992201759,246,0,-10.153708108334989,11.115270078943976,246,0,True,0,0.0,0.0,True
LMCI,sub-018S4889,ses-01,run-01,COMPLETED,True,135,246,0,0,0,246,0,10,68.0,186,246,0,0,37330.8046875,188808.71875,246,0,0.2371898740530014,0.6278288960456848,0,True,0,2.220446049250313e-16,2.220446049250313e-16,50.66202090592334,246,0,-14.46208706672464,13.399782952317725,246,0,True,0,0.0,0.0,True
LMCI,sub-019S4293,ses-01,run-01,COMPLETED,True,135,246,0,0,0,246,0,10,68.0,186,246,0,0,31924.087890625,239945.96875,246,0,0.3131941556930542,0.7277034521102905,0,True,0,2.220446049250313e-16,1.1102230246251565e-16,48.86344781815165,246,0,-24.44764893788098,25.440839671270076,246,0,True,0,0.0,0.0,True
LMCI,sub-019S4548,ses-01,run-01,COMPLETED,True,135,246,0,0,0,246,0,10,68.0,186,246,0,0,33140.49609375,189130.53125,246,0,0.3089756965637207,0.6467337608337402,0,True,0,2.220446049250313e-16,2.220446049250313e-16,50.52928488468558,246,0,-20.218838224565626,21.68191150991896,246,0,True,0,0.0,0.0,True
LMCI,sub-031S4194,ses-01,run-01,COMPLETED,True,135,246,0,0,0,246,0,10,68.0,186,246,0,0,23012.046875,116598.5,246,0,0.32674139738082886,0.7022361755371094,0,True,0,2.220446049250313e-16,1.1102230246251565e-16,51.24937779990045,246,0,-12.180010304194699,16.422161800893903,246,0,True,0,0.0,0.0,True
LMCI,sub-031S4203,ses-01,run-01,COMPLETED,True,135,246,0,0,0,246,0,10,68.0,186,246,0,0,31381.59375,247436.375,246,0,0.32853391766548157,0.6710538864135742,0,True,0,2.220446049250313e-16,2.220446049250313e-16,51.9761075161772,246,0,-13.489948649499075,11.994681810551258,246,0,True,0,0.0,0.0,True
LMCI,sub-031S4203,ses-02,run-01,COMPLETED,True,135,246,0,0,0,246,0,10,68.0,186,246,0,0,31608.283203125,275170.21875,246,0,0.2565999925136566,0.6584650278091431,0,True,0,2.220446049250313e-16,2.220446049250313e-16,51.88319230131077,246,0,-9.043384827504754,10.371261037954977,246,0,True,0,0.0,0.0,True
LMCI,sub-031S4590,ses-01,run-01,COMPLETED,True,135,246,0,0,0,246,0,10,68.0,186,246,0,0,29774.5703125,146938.203125,246,0,0.39350783824920654,0.7242755889892578,0,True,0,2.220446049250313e-16,2.220446049250313e-16,51.581217852994854,246,0,-21.181040860598188,18.64132156473208,246,0,True,0,0.0,0.0,True
LMCI,sub-130S4250,ses-01,run-01,COMPLETED,True,135,246,0,0,0,246,0,10,68.0,186,246,0,0,49218.3359375,273416.34375,246,0,0.2369815707206726,0.7074181437492371,0,True,0,2.220446049250313e-16,2.220446049250313e-16,50.81134892981583,246,0,-16.65041247886468,14.493504005063997,246,0,True,0,0.0,0.0,True
LMCI,sub-130S4542,ses-01,run-01,COMPLETED,True,135,246,0,0,0,246,0,10,68.0,186,246,0,0,52508.37890625,337773.34375,246,0,0.33335721492767334,0.8230645656585693,0,True,0,2.220446049250313e-16,1.1102230246251565e-16,46.666666666666664,246,0,-40.835897237334834,34.72940998643831,246,0,True,0,0.0,0.0,True
LMCI,sub-130S4605,ses-01,run-01,COMPLETED,True,135,246,0,0,0,246,0,10,68.0,186,246,0,0,50145.109375,913706.0625,246,0,0.35601988434791565,0.7760860919952393,0,True,0,2.220446049250313e-16,2.220446049250313e-16,47.65223162435706,246,0,-38.55601756600349,32.636087884291015,246,0,True,0,0.0,0.0,True
LMCI,sub-130S4817,ses-01,run-01,COMPLETED,True,135,246,0,0,0,246,0,10,68.0,186,246,0,0,41044.37109375,182822.546875,246,0,0.3032679855823517,0.7048175930976868,0,True,0,2.220446049250313e-16,1.1102230246251565e-16,48.54488136718102,246,0,-25.155243568639044,22.980458079397103,246,0,True,0,0.0,0.0,True
MCI,sub-002S0729,ses-02,run-01,COMPLETED,True,135,246,0,0,0,246,0,10,68.0,186,246,0,0,53689.29296875,345508.9375,246,0,0.30882367491722107,0.6192781925201416,0,True,0,2.220446049250313e-16,2.220446049250313e-16,50.004977600796416,246,0,-11.323289678782338,16.06408936077019,246,0,True,0,0.0,0.0,True
MCI,sub-002S0729,ses-03,run-01,COMPLETED,True,135,246,0,0,0,246,0,10,68.0,186,246,0,0,44822.41796875,239661.328125,246,0,0.312384694814682,0.5849903225898743,0,True,0,2.220446049250313e-16,2.220446049250313e-16,51.98606271777003,246,0,-9.683438582606133,9.608932664427632,246,0,True,0,0.0,0.0,True
MCI,sub-002S1155,ses-01,run-01,COMPLETED,True,135,246,0,0,0,246,0,10,68.0,186,246,0,0,28266.65234375,128885.3203125,246,0,0.36443743109703064,0.6775734424591064,0,True,0,2.220446049250313e-16,1.1102230246251565e-16,49.540401526464244,246,0,-23.856190592545545,22.71156431143656,246,0,True,0,0.0,0.0,True
MCI,sub-002S1155,ses-03,run-01,COMPLETED,True,135,246,0,0,0,246,0,10,68.0,186,246,0,0,41388.33984375,216604.078125,246,0,0.3925984501838684,0.7286657691001892,0,True,0,2.220446049250313e-16,2.220446049250313e-16,49.53376472540236,246,0,-23.384325259560235,24.80269187630494,246,0,True,0,0.0,0.0,True
MCI,sub-002S1268,ses-01,run-01,COMPLETED,True,135,246,0,0,0,246,0,10,68.0,186,246,0,0,43849.67578125,237359.328125,246,0,0.36399510502815247,0.7213624715805054,0,True,0,2.220446049250313e-16,2.220446049250313e-16,49.70632155301145,246,0,-19.957071955384855,24.59431142030049,246,0,True,0,0.0,0.0,True
MCI,sub-002S1268,ses-02,run-01,COMPLETED,True,135,246,0,0,0,246,0,10,68.0,186,246,0,0,50567.3359375,317853.4375,246,0,0.3646436631679535,0.6456687450408936,0,True,0,2.220446049250313e-16,2.220446049250313e-16,50.70847851335656,246,0,-19.625937370320727,21.08322288998252,246,0,True,0,0.0,0.0,True
MCI,sub-002S4229,ses-01,run-01,COMPLETED,True,135,246,0,0,0,246,0,10,68.0,186,246,0,0,52553.25390625,149494.3125,246,0,0.29784339666366577,0.6546358466148376,0,True,0,2.220446049250313e-16,2.220446049250313e-16,50.761572921851666,246,0,-18.756000967075714,15.234464373027278,246,0,True,0,0.0,0.0,True
MCI,sub-002S4229,ses-02,run-01,COMPLETED,True,135,246,0,0,0,246,0,10,68.0,186,246,0,0,40609.51953125,158682.65625,246,0,0.2999606728553772,0.5947523713111877,0,True,0,2.220446049250313e-16,1.1102230246251565e-16,51.329019412643106,246,0,-15.296128310636794,13.806932923681863,246,0,True,0,0.0,0.0,True
MCI,sub-002S4229,ses-03,run-01,COMPLETED,True,135,246,0,0,0,246,0,10,68.0,186,246,0,0,40718.28125,135917.5,246,0,0.2676292061805725,0.6600041389465332,0,True,0,2.220446049250313e-16,2.220446049250313e-16,51.402024224323874,246,0,-18.291733777763994,18.20116385364557,246,0,True,0,0.0,0.0,True
MCI,sub-002S4799,ses-02,run-01,COMPLETED,True,135,246,0,0,0,246,0,10,68.0,186,246,0,0,37872.28125,143640.703125,246,0,0.33833450078964233,0.7120164632797241,0,True,0,2.220446049250313e-16,1.1102230246251565e-16,50.53924008627841,246,0,-20.27245709248696,23.208991462589648,246,0,True,0,0.0,0.0,True
MCI,sub-006S4713,ses-01,run-01,COMPLETED,True,135,246,0,0,0,246,0,10,68.0,186,246,0,0,3603.28173828125,25690.75390625,246,0,0.24829544126987457,0.6404740810394287,0,True,0,2.220446049250313e-16,1.1102230246251565e-16,50.44632487141198,246,0,-16.464287319546045,15.71439735692713,246,0,True,0,0.0,0.0,True
MCI,sub-006S4713,ses-01,run-02,COMPLETED,True,135,246,0,0,0,246,0,10,68.0,186,246,0,0,3582.658203125,23640.955078125,246,0,0.26456785202026367,0.6752266883850098,0,True,0,2.220446049250313e-16,2.220446049250313e-16,50.85116973618716,246,0,-15.941880469168176,17.465554955637575,246,0,True,0,0.0,0.0,True
MCI,sub-006S4713,ses-02,run-01,COMPLETED,True,135,246,0,0,0,246,0,10,68.0,186,246,0,0,4258.99267578125,26636.966796875,246,0,0.25804466009140015,0.6445487141609192,0,True,0,2.220446049250313e-16,1.1102230246251565e-16,49.87887838062054,246,0,-20.461418559978043,23.622462828600078,246,0,True,0,0.0,0.0,True
MCI,sub-013S1186,ses-01,run-01,COMPLETED,True,135,246,0,0,0,246,0,10,68.0,186,246,0,0,76088.1796875,527804.625,246,0,0.3224782645702362,0.6285333037376404,0,True,0,2.220446049250313e-16,1.1102230246251565e-16,51.508213041314086,246,0,-11.599667903344582,14.619674599611711,246,0,True,0,0.0,0.0,True
MCI,sub-013S1186,ses-02,run-01,COMPLETED,True,135,246,0,0,0,246,0,10,68.0,186,246,0,0,56588.03515625,628019.375,246,0,0.3010192811489105,0.6950042843818665,0,True,0,2.220446049250313e-16,2.220446049250313e-16,50.86112493777999,246,0,-14.738114442905374,18.233851050026267,246,0,True,0,0.0,0.0,True
MCI,sub-013S1186,ses-03,run-01,COMPLETED,True,135,246,0,0,0,246,0,10,68.0,186,246,0,0,40479.2109375,462151.15625,246,0,0.3089795708656311,0.6528563499450684,0,True,0,2.220446049250313e-16,2.220446049250313e-16,51.5015762402522,246,0,-11.406732528123403,17.548133167379262,246,0,True,0,0.0,0.0,True
MCI,sub-013S2389,ses-01,run-01,COMPLETED,True,135,246,0,0,0,246,0,10,68.0,186,246,0,0,46773.88671875,193923.109375,246,0,0.2586968243122101,0.6722725033760071,0,True,0,2.220446049250313e-16,1.1102230246251565e-16,50.589016094242574,246,0,-15.31130446355728,12.400125825390678,246,0,True,0,0.0,0.0,True
MCI,sub-013S2389,ses-02,run-01,COMPLETED,True,135,246,0,0,0,246,0,10,68.0,186,246,0,0,52632.9921875,380834.84375,246,0,0.2662903368473053,0.6577892303466797,0,True,0,2.220446049250313e-16,2.220446049250313e-16,50.214036834245896,246,0,-25.291253426942617,22.806475784010367,246,0,True,0,0.0,0.0,True
MCI,sub-018S2180,ses-01,run-01,COMPLETED,True,135,246,0,0,0,246,0,10,68.0,186,246,0,0,36696.9609375,207467.171875,246,0,0.27731412649154663,0.7271954417228699,0,True,0,2.220446049250313e-16,1.1102230246251565e-16,50.496100879376144,246,0,-18.940617172489247,18.541947774733682,246,0,True,0,0.0,0.0,True
MCI,sub-018S2180,ses-02,run-01,COMPLETED,True,135,246,0,0,0,246,0,10,68.0,186,246,0,0,38075.69140625,176867.09375,246,0,0.3005971610546112,0.7163127660751343,0,True,0,2.220446049250313e-16,2.220446049250313e-16,50.37663846026216,246,0,-20.40865106688237,23.63249914568032,246,0,True,0,0.0,0.0,True
MCI,sub-018S2180,ses-03,run-01,COMPLETED,True,135,246,0,0,0,246,0,10,68.0,186,246,0,0,36217.0859375,180079.5,246,0,0.32930928468704224,0.7850554585456848,0,True,0,2.220446049250313e-16,2.220446049250313e-16,51.13323378131741,246,0,-13.931452878839433,18.163803183231266,246,0,True,0,0.0,0.0,True
MCI,sub-018S2180,ses-04,run-01,COMPLETED,True,135,246,0,0,0,246,0,10,68.0,186,246,0,0,48250.19921875,230273.640625,246,0,0.34517285227775574,0.777334451675415,0,True,0,2.220446049250313e-16,2.220446049250313e-16,48.31923013107682,246,0,-30.156805664283567,29.02643434866896,246,0,True,0,0.0,0.0,True
MCI,sub-053S0919,ses-01,run-01,COMPLETED,True,135,246,0,0,0,246,0,10,68.0,186,246,0,0,22883.39453125,135139.109375,246,0,0.2870276868343353,0.6532621383666992,0,True,0,2.220446049250313e-16,2.220446049250313e-16,50.101211216193796,246,0,-18.7384664012652,16.269090119500984,246,0,True,0,0.0,0.0,True
MCI,sub-053S0919,ses-02,run-01,COMPLETED,True,135,246,0,0,0,246,0,10,68.0,186,246,0,0,27284.228515625,218665.421875,246,0,0.32111841440200806,0.6704011559486389,0,True,0,2.220446049250313e-16,2.220446049250313e-16,48.90658702505392,246,0,-27.513065445846202,26.738883448151306,246,0,True,0,0.0,0.0,True
MCI,sub-053S4813,ses-01,run-01,COMPLETED,True,135,246,0,0,0,246,0,10,68.0,186,246,0,0,29250.92578125,174749.3125,246,0,0.35438159108161926,0.6785033941268921,0,True,0,2.220446049250313e-16,2.220446049250313e-16,50.04811680769869,246,0,-17.956778037959722,28.689037592674673,246,0,True,0,0.0,0.0,True
MCI,sub-053S4813,ses-02,run-01,COMPLETED,True,135,246,0,0,0,246,0,10,68.0,186,246,0,0,31923.599609375,144477.515625,246,0,0.3687795102596283,0.6716052293777466,0,True,0,2.220446049250313e-16,1.1102230246251565e-16,51.51816824290692,246,0,-14.529872798533308,17.815496596214224,246,0,True,0,0.0,0.0,True
MCI,sub-100S4556,ses-01,run-01,COMPLETED,True,135,246,0,0,0,246,0,10,68.0,186,246,0,0,32432.541015625,226257.09375,246,0,0.3094899356365204,0.6947580575942993,0,True,0,2.220446049250313e-16,1.1102230246251565e-16,49.93197278911565,246,0,-18.882299026056277,20.625688154009858,246,0,True,0,0.0,0.0,True
MCI,sub-100S4556,ses-02,run-01,COMPLETED,True,135,246,0,0,0,246,0,10,68.0,186,246,0,0,31415.357421875,220571.21875,246,0,0.32956600189208984,0.7397804856300354,0,True,0,2.220446049250313e-16,2.220446049250313e-16,49.84901277584204,246,0,-23.200023788690466,18.283281641033568,246,0,True,0,0.0,0.0,True
MCI,sub-130S4294,ses-01,run-01,COMPLETED,True,135,246,0,0,0,246,0,10,68.0,186,246,0,0,43597.46875,321681.125,246,0,0.3308682143688202,0.6577847003936768,0,True,0,2.220446049250313e-16,1.1102230246251565e-16,50.92749294839887,246,0,-17.647016632502606,16.510533214513078,246,0,True,0,0.0,0.0,True
MCI,sub-130S4294,ses-02,run-01,COMPLETED,True,135,246,0,0,0,246,0,10,68.0,186,246,0,0,44563.37890625,286983.21875,246,0,0.29112526774406433,0.6396966576576233,0,True,0,2.220446049250313e-16,1.1102230246251565e-16,51.6144018583043,246,0,-12.300326552947645,16.357471889311462,246,0,True,0,0.0,0.0,True
MCI,sub-130S4294,ses-03,run-01,COMPLETED,True,135,246,0,0,0,246,0,10,68.0,186,246,0,0,45392.93359375,257490.484375,246,0,0.31046780943870544,0.7284146547317505,0,True,0,2.220446049250313e-16,2.220446049250313e-16,49.44084951053592,246,0,-17.1193555236658,17.34021823421992,246,0,True,0,0.0,0.0,True
MCI,sub-136S0107,ses-01,run-01,COMPLETED,True,135,246,0,0,0,246,0,10,68.0,186,246,0,0,33617.1171875,171032.75,246,0,0.3391094505786896,0.7412907481193542,0,True,0,2.220446049250313e-16,2.220446049250313e-16,49.58354073336652,246,0,-23.575160074090924,25.62343544150627,246,0,True,0,0.0,0.0,True
SMC_Final,sub-002S5230,ses-01,run-01,COMPLETED,True,135,246,0,0,0,246,0,10,68.0,186,246,0,0,34350.984375,241074.703125,246,0,0.2651059031486511,0.6825153231620789,0,True,0,2.220446049250313e-16,2.220446049250313e-16,50.70847851335656,246,0,-13.849225351237719,14.055494413967883,246,0,True,0,0.0,0.0,True
SMC_Final,sub-002S5230,ses-02,run-01,COMPLETED,True,135,246,0,0,0,246,0,10,68.0,186,246,0,0,36936.98828125,296845.0625,246,0,0.30850186944007874,0.7423235774040222,0,True,0,2.220446049250313e-16,2.220446049250313e-16,48.24290691886511,246,0,-23.67623798538938,20.691477432608465,246,0,True,0,0.0,0.0,True
SMC_Final,sub-002S5230,ses-03,run-01,COMPLETED,True,135,246,0,0,0,246,0,10,68.0,186,246,0,0,33037.91796875,264260.5625,246,0,0.2583845853805542,0.7208666801452637,0,True,0,2.220446049250313e-16,2.220446049250313e-16,49.2284718765555,246,0,-20.924770537765745,15.749633696515842,246,0,True,0,0.0,0.0,True
SMC_Final,sub-002S5256,ses-01,run-01,COMPLETED,True,135,246,0,0,0,246,0,10,68.0,186,246,0,0,37921.84765625,186103.53125,246,0,0.3047069311141968,0.6672907471656799,0,True,0,2.220446049250313e-16,2.220446049250313e-16,49.53376472540236,246,0,-27.281628676701146,21.65839813072563,246,0,True,0,0.0,0.0,True
SMC_Final,sub-006S5153,ses-01,run-01,COMPLETED,True,135,246,0,0,0,246,0,10,68.0,186,246,0,0,4970.3740234375,25910.52734375,246,0,0.2968163788318634,0.7176865935325623,0,True,0,2.220446049250313e-16,2.220446049250313e-16,48.833582213373155,246,0,-21.720596197713423,22.35211841934011,246,0,True,0,0.0,0.0,True
SMC_Final,sub-006S5153,ses-02,run-01,COMPLETED,True,135,246,0,0,0,246,0,10,68.0,186,246,0,0,4207.90185546875,23833.78125,246,0,0.3145422339439392,0.7255904674530029,0,True,0,2.220446049250313e-16,2.220446049250313e-16,46.261821801891486,246,0,-34.29907910929582,35.90297818301306,246,0,True,0,0.0,0.0,True
SMC_Final,sub-012S5121,ses-01,run-01,COMPLETED,True,135,246,0,0,0,246,0,10,68.0,186,246,0,0,27524.724609375,208981.328125,246,0,0.34032920002937317,0.68597412109375,0,True,0,2.220446049250313e-16,2.220446049250313e-16,50.04811680769869,246,0,-18.88399017790468,19.44372823396412,246,0,True,0,0.0,0.0,True
SMC_Final,sub-012S5121,ses-02,run-01,COMPLETED,True,135,246,0,0,0,246,0,10,68.0,186,246,0,0,32060.3359375,159585.234375,246,0,0.2885591387748718,0.7109636664390564,0,True,0,2.220446049250313e-16,2.220446049250313e-16,50.091256014600965,246,0,-24.629583729127575,26.109375496560453,246,0,True,0,0.0,0.0,True
SMC_Final,sub-012S5157,ses-01,run-01,COMPLETED,True,135,246,0,0,0,246,0,10,68.0,186,246,0,0,22706.142578125,128346.5703125,246,0,0.28789791464805603,0.6518949270248413,0,True,0,2.220446049250313e-16,1.1102230246251565e-16,50.562468889995024,246,0,-14.878349863687575,16.540828164050303,246,0,True,0,0.0,0.0,True
SMC_Final,sub-012S5157,ses-02,run-01,COMPLETED,True,135,246,0,0,0,246,0,10,68.0,186,246,0,0,21940.064453125,122688.765625,246,0,0.29927459359169006,0.6872801184654236,0,True,0,2.220446049250313e-16,2.220446049250313e-16,50.61224489795919,246,0,-16.85969172205561,18.468279447718626,246,0,True,0,0.0,0.0,True
SMC_Final,sub-012S5195,ses-01,run-01,COMPLETED,True,135,246,0,0,0,246,0,10,68.0,186,246,0,0,21521.6015625,119576.75,246,0,0.27203160524368286,0.6897825598716736,0,True,0,2.220446049250313e-16,1.1102230246251565e-16,50.940766550522646,246,0,-13.873725747853767,18.164863865121948,246,0,True,0,0.0,0.0,True
SMC_Final,sub-012S5213,ses-01,run-01,COMPLETED,True,135,246,0,0,0,246,0,10,68.0,186,246,0,0,21883.53125,111316.125,246,0,0.30981016159057617,0.8094707131385803,0,True,0,2.220446049250313e-16,2.220446049250313e-16,48.56479177036668,246,0,-22.990440743320335,23.086318307314343,246,0,True,0,0.0,0.0,True
SMC_Final,sub-013S5137,ses-01,run-01,COMPLETED,True,135,246,0,0,0,246,0,10,68.0,186,246,0,0,42044.1953125,186782.578125,246,0,0.29167014360427856,0.6669104695320129,0,True,0,2.220446049250313e-16,1.1102230246251565e-16,49.703003152480505,246,0,-14.030146660135259,17.048073051755434,246,0,True,0,0.0,0.0,True
SMC_Final,sub-013S5137,ses-02,run-01,COMPLETED,True,135,246,0,0,0,246,0,10,68.0,186,246,0,0,40912.83203125,203903.90625,246,0,0.29356756806373596,0.6807712316513062,0,True,0,2.220446049250313e-16,2.220446049250313e-16,50.695204911232786,246,0,-15.63198749960264,14.491847913958935,246,0,True,0,0.0,0.0,True
SMC_Final,sub-018S5250,ses-01,run-01,COMPLETED,True,135,246,0,0,0,246,0,10,68.0,186,246,0,0,46144.33984375,346162.28125,246,0,0.33218541741371155,0.7568919062614441,0,True,0,2.220446049250313e-16,2.220446049250313e-16,50.31358885017421,246,0,-12.617162247409027,13.797577787138422,246,0,True,0,0.0,0.0,True
SMC_Final,sub-018S5262,ses-01,run-01,COMPLETED,True,135,246,0,0,0,246,0,10,68.0,186,246,0,0,39900.51953125,216640.75,246,0,0.3073417544364929,0.5951626896858215,0,True,0,2.220446049250313e-16,1.1102230246251565e-16,50.449643271942925,246,0,-17.166858113479307,19.037418704560793,246,0,True,0,0.0,0.0,True
SMC_Final,sub-019S5180,ses-01,run-01,COMPLETED,True,135,246,0,0,0,246,0,10,68.0,186,246,0,0,28571.25,226089.234375,246,0,0.31533515453338623,0.6852284073829651,0,True,0,2.220446049250313e-16,1.1102230246251565e-16,51.87655550024888,246,0,-13.330259893840475,14.347470481175904,246,0,True,0,0.0,0.0,True
SMC_Final,sub-019S5242,ses-01,run-01,COMPLETED,True,135,246,0,0,0,246,0,10,68.0,186,246,0,0,29534.990234375,168197.4375,246,0,0.3558157980442047,0.7289276719093323,0,True,0,2.220446049250313e-16,2.220446049250313e-16,49.805873568939774,246,0,-19.911383938190802,22.558422146614774,246,0,True,0,0.0,0.0,True
SMC_Final,sub-019S5242,ses-02,run-01,COMPLETED,True,135,246,0,0,0,246,0,10,68.0,186,246,0,0,31685.65625,158634.859375,246,0,0.36450496315956116,0.6871067881584167,0,True,0,2.220446049250313e-16,2.220446049250313e-16,51.667496266799404,246,0,-12.656754770311695,10.4151060300096,246,0,True,0,0.0,0.0,True
SMC_Final,sub-053S5202,ses-01,run-01,COMPLETED,True,135,246,0,0,0,246,0,10,68.0,186,246,0,0,32993.01171875,154958.65625,246,0,0.3599616587162018,0.6697795987129211,0,True,0,2.220446049250313e-16,2.220446049250313e-16,49.882196781151485,246,0,-17.856967336612563,23.538791997127042,246,0,True,0,0.0,0.0,True
SMC_Final,sub-053S5202,ses-02,run-01,COMPLETED,True,135,246,0,0,0,246,0,10,68.0,186,246,0,0,25537.265625,125752.4375,246,0,0.3478122651576996,0.660699725151062,0,True,0,2.220446049250313e-16,1.1102230246251565e-16,47.549361207897796,246,0,-22.377757414602122,24.535672336128897,246,0,True,0,0.0,0.0,True
SMC_Final,sub-053S5272,ses-01,run-01,COMPLETED,True,135,246,0,0,0,246,0,10,68.0,186,246,0,0,26980.935546875,128692.6796875,246,0,0.3590097725391388,0.7258036136627197,0,True,0,2.220446049250313e-16,2.220446049250313e-16,49.50058072009291,246,0,-18.72878241263819,17.646901267027253,246,0,True,0,0.0,0.0,True
SMC_Final,sub-053S5287,ses-01,run-01,COMPLETED,True,135,246,0,0,0,246,0,10,68.0,186,246,0,0,29353.75390625,238887.234375,246,0,0.3338915705680847,0.7747778296470642,0,True,0,2.220446049250313e-16,1.1102230246251565e-16,49.26165588186494,246,0,-22.664216651156284,23.296161492583902,246,0,True,0,0.0,0.0,True
SMC_Final,sub-100S5096,ses-01,run-01,COMPLETED,True,135,246,0,0,0,246,0,10,68.0,186,246,0,0,36712.02734375,328501.90625,246,0,0.3463534712791443,0.627764880657196,0,True,0,2.220446049250313e-16,2.220446049250313e-16,50.287041645926664,246,0,-18.737134098110538,17.406926032532745,246,0,True,0,0.0,0.0,True
SMC_Final,sub-100S5102,ses-01,run-01,COMPLETED,True,135,246,0,0,0,246,0,10,68.0,186,246,0,0,38897.1875,248906.875,246,0,0.32582738995552063,0.6867725253105164,0,True,0,2.220446049250313e-16,2.220446049250313e-16,48.48183175709308,246,0,-25.866287143261218,26.574392039051894,246,0,True,0,0.0,0.0,True
SMC_Final,sub-100S5280,ses-01,run-01,COMPLETED,True,135,246,0,0,0,246,0,10,68.0,186,246,0,0,42282.4453125,311725.4375,246,0,0.38714590668678284,0.8047863841056824,0,True,0,2.220446049250313e-16,1.1102230246251565e-16,49.24174547867928,246,0,-31.447187651290534,30.582054044210253,246,0,True,0,0.0,0.0,True
SMC_Final,sub-100S5280,ses-02,run-01,COMPLETED,True,135,246,0,0,0,246,0,10,68.0,186,246,0,0,41892.03125,302518.8125,246,0,0.3787699043750763,0.8000462651252747,0,True,0,2.220446049250313e-16,2.220446049250313e-16,48.936452629832424,246,0,-28.248698161815845,30.723215158515423,246,0,True,0,0.0,0.0,True
SMC_Final,sub-130S5142,ses-01,run-01,COMPLETED,True,135,246,0,0,0,246,0,10,68.0,186,246,0,0,44216.2421875,322022.25,246,0,0.3517204523086548,0.7009291648864746,0,True,0,2.220446049250313e-16,2.220446049250313e-16,48.5813837730214,246,0,-30.17725979645953,28.318905885595267,246,0,True,0,0.0,0.0,True
SMC_Final,sub-130S5142,ses-02,run-01,COMPLETED,True,135,246,0,0,0,246,0,10,68.0,186,246,0,0,36863.23046875,203401.09375,246,0,0.3176918029785156,0.7413874268531799,0,True,0,2.220446049250313e-16,2.220446049250313e-16,49.1753774680604,246,0,-21.840178185017454,24.25589524400526,246,0,True,0,0.0,0.0,True
SMC_Final,sub-130S5258,ses-01,run-01,COMPLETED,True,135,246,0,0,0,246,0,10,68.0,186,246,0,0,61371.73828125,359963.6875,246,0,0.38075172901153564,0.682437539100647,0,True,0,2.220446049250313e-16,1.1102230246251565e-16,50.589016094242574,246,0,-25.74797719302631,29.0984902609391,246,0,True,0,0.0,0.0,True
SMC_Final,sub-131S5148,ses-01,run-01,COMPLETED,True,135,246,0,0,0,246,0,10,68.0,186,246,0,0,674.27392578125,1525.59130859375,246,0,0.2541329562664032,0.42021802067756653,0,True,0,2.220446049250313e-16,1.1102230246251565e-16,49.759415961506555,246,0,-10.09536067054216,12.924341122913042,246,0,True,0,0.0,0.0,True
