volume,DVARS
0,0.0
1,1864.1607666015625
2,1944.4180908203125
3,2173.258056640625
4,1906.0928955078125
5,1824.9429931640625
6,2165.94775390625
7,2005.317626953125
8,2015.2479248046875
9,2066.4033203125
10,2169.129638671875
11,2070.82470703125
12,1767.653564453125
13,1821.093994140625
14,1861.279296875
15,1763.035888671875
16,1673.3614501953125
17,1830.48291015625
18,2145.301025390625
19,1913.897705078125
20,1723.919677734375
21,2020.718505859375
22,1983.984130859375
23,1898.3468017578125
24,1892.1163330078125
25,2075.109375
26,2147.797607421875
27,2490.236328125
28,2453.770751953125
29,2160.235107421875
30,2164.108154296875
31,2060.128662109375
32,1886.9586181640625
33,1923.741455078125
34,2043.5921630859375
35,1960.804443359375
36,2037.40673828125
37,1929.1842041015625
38,1804.3685302734375
39,1786.195068359375
40,1849.914306640625
41,1787.095947265625
42,1711.018310546875
43,1897.08544921875
44,2183.68310546875
45,2036.8870849609375
46,2165.84423828125
47,2340.6953125
48,1803.943603515625
49,2044.45458984375
50,2069.282958984375
51,1861.856201171875
52,1703.500732421875
53,1844.839599609375
54,2137.550048828125
55,2223.604248046875
56,1943.4708251953125
57,1922.89453125
58,1893.739501953125
59,2241.86572265625
60,2489.42431640625
61,2070.41845703125
62,2124.826416015625
63,1937.377685546875
64,2092.850830078125
65,2010.453125
66,1911.2425537109375
67,1835.480224609375
68,1913.774169921875
69,2098.319580078125
70,1946.0965576171875
71,1869.28759765625
72,1922.8367919921875
73,2254.3798828125
74,2036.7818603515625
75,1712.213623046875
76,1805.2366943359375
77,2387.50146484375
78,1963.04541015625
79,1835.817138671875
80,1985.1236572265625
81,2174.37939453125
82,1949.120849609375
83,2046.4581298828125
84,2265.447021484375
85,2161.50244140625
86,1884.951904296875
87,2023.3685302734375
88,2072.7822265625
89,2037.3515625
90,1990.860595703125
91,1721.0379638671875
92,1873.49658203125
93,1851.7054443359375
94,1744.4290771484375
95,2001.5928955078125
96,2288.17724609375
97,1885.9072265625
98,2002.88916015625
99,1975.3558349609375
100,2019.66845703125
101,1786.93994140625
102,2247.395263671875
103,1920.8892822265625
104,1899.1319580078125
105,1884.4058837890625
106,1763.51904296875
107,2539.5205078125
108,2577.401611328125
109,2675.294921875
110,1907.0987548828125
111,2195.20361328125
112,2067.58935546875
113,2155.748046875
114,2397.04443359375
115,2036.0205078125
116,2013.124755859375
117,2147.272705078125
118,2043.62744140625
119,2200.019287109375
120,2081.357177734375
121,2375.869140625
122,1900.0966796875
123,1919.4361572265625
124,1968.6728515625
125,1958.977294921875
126,1725.4522705078125
127,2088.636962890625
128,2098.268798828125
129,1985.4794921875
130,1973.6131591796875
131,1936.2415771484375
132,2318.40625
133,2984.873779296875
134,2392.730224609375
