participant_id,session,run,source_file,md5_before
sub-002S2010,ses-01,run-01,/mnt/c/Users/krish/FYP/BIDS/sub-002S2010/ses-01/func/sub-002S2010_ses-01_task-rest_run-01_bold.nii.gz,b1161d07cfebfe71a2df12f353cfc086
sub-002S2043,ses-01,run-01,/mnt/c/Users/krish/FYP/BIDS/sub-002S2043/ses-01/func/sub-002S2043_ses-01_task-rest_run-01_bold.nii.gz,be99c0b1bc17ddfb6d396ecee988d88e
sub-002S2073,ses-01,run-01,/mnt/c/Users/krish/FYP/BIDS/sub-002S2073/ses-01/func/sub-002S2073_ses-01_task-rest_run-01_bold.nii.gz,1374438a8726f5d8fb203a139f36bf7a
sub-002S4237,ses-01,run-01,/mnt/c/Users/krish/FYP/BIDS/sub-002S4237/ses-01/func/sub-002S4237_ses-01_task-rest_run-01_bold.nii,f9d1120062846ff449b99a274c3cf954
sub-002S4447,ses-01,run-01,/mnt/c/Users/krish/FYP/BIDS/sub-002S4447/ses-01/func/sub-002S4447_ses-01_task-rest_run-01_bold.nii.gz,71f4432104874df1d46f148e3706c428
sub-002S4473,ses-01,run-01,/mnt/c/Users/krish/FYP/BIDS/sub-002S4473/ses-01/func/sub-002S4473_ses-01_task-rest_run-01_bold.nii.gz,b6d8b7cbdf0e16f4a9db231c7f34923a
sub-006S4679,ses-01,run-01,/mnt/c/Users/krish/FYP/BIDS/sub-006S4679/ses-01/func/sub-006S4679_ses-01_task-rest_run-01_bold.nii.gz,911ef57cb4149efbd67dd8484da3903d
sub-012S4012,ses-01,run-01,/mnt/c/Users/krish/FYP/BIDS/sub-012S4012/ses-01/func/sub-012S4012_ses-01_task-rest_run-01_bold.nii,020ec15e69c4e1599fba4781124bad9e
sub-012S4128,ses-01,run-01,/mnt/c/Users/krish/FYP/BIDS/sub-012S4128/ses-01/func/sub-012S4128_ses-01_task-rest_run-01_bold.nii.gz,23ec947a7e9f3a9734de7ec1d8697fcf
sub-012S4128,ses-02,run-01,/mnt/c/Users/krish/FYP/BIDS/sub-012S4128/ses-02/func/sub-012S4128_ses-02_task-rest_run-01_bold.nii.gz,2bd09953fdd2024f5717843c6a3b989c
sub-012S4188,ses-01,run-01,/mnt/c/Users/krish/FYP/BIDS/sub-012S4188/ses-01/func/sub-012S4188_ses-01_task-rest_run-01_bold.nii.gz,7784f76d4d908afbd7f080fb0b50a5a4
sub-012S4849,ses-01,run-01,/mnt/c/Users/krish/FYP/BIDS/sub-012S4849/ses-01/func/sub-012S4849_ses-01_task-rest_run-01_bold.nii.gz,1713cd0c47cbc17cc262d10e1c4e9498
sub-012S4987,ses-01,run-01,/mnt/c/Users/krish/FYP/BIDS/sub-012S4987/ses-01/func/sub-012S4987_ses-01_task-rest_run-01_bold.nii.gz,19df64392b65d9a1d7cfd670b6be97f5
sub-013S2324,ses-01,run-01,/mnt/c/Users/krish/FYP/BIDS/sub-013S2324/ses-01/func/sub-013S2324_ses-01_task-rest_run-01_bold.nii,a5918939de70833d5373ae60333a06c3
sub-013S4268,ses-01,run-01,/mnt/c/Users/krish/FYP/BIDS/sub-013S4268/ses-01/func/sub-013S4268_ses-01_task-rest_run-01_bold.nii,0e493658c7bf7e58d32d959cdbbcd9d1
sub-013S4791,ses-01,run-01,/mnt/c/Users/krish/FYP/BIDS/sub-013S4791/ses-01/func/sub-013S4791_ses-01_task-rest_run-01_bold.nii.gz,14e9b95b3158b27c54fa78f6a023481a
sub-013S4917,ses-01,run-01,/mnt/c/Users/krish/FYP/BIDS/sub-013S4917/ses-01/func/sub-013S4917_ses-01_task-rest_run-01_bold.nii,393f532be1a20122e36b03dc3ab6c4db
sub-018S2133,ses-01,run-01,/mnt/c/Users/krish/FYP/BIDS/sub-018S2133/ses-01/func/sub-018S2133_ses-01_task-rest_run-01_bold.nii.gz,8c74998c1f76975e2fddb35899492bc0
sub-018S2138,ses-01,run-01,/mnt/c/Users/krish/FYP/BIDS/sub-018S2138/ses-01/func/sub-018S2138_ses-01_task-rest_run-01_bold.nii.gz,e238153652ef21a1857ea111ffc65a32
sub-018S2155,ses-01,run-01,/mnt/c/Users/krish/FYP/BIDS/sub-018S2155/ses-01/func/sub-018S2155_ses-01_task-rest_run-01_bold.nii,dc515c3c6ba8dc08d100cbce3d69c499
sub-018S4597,ses-01,run-01,/mnt/c/Users/krish/FYP/BIDS/sub-018S4597/ses-01/func/sub-018S4597_ses-01_task-rest_run-01_bold.nii,f078c4ffefb72206f23bf74ed30e7e70
sub-018S4809,ses-01,run-01,/mnt/c/Users/krish/FYP/BIDS/sub-018S4809/ses-01/func/sub-018S4809_ses-01_task-rest_run-01_bold.nii,90668f17e9bf77e3d1d077294cb9fa3d
sub-018S4868,ses-01,run-01,/mnt/c/Users/krish/FYP/BIDS/sub-018S4868/ses-01/func/sub-018S4868_ses-01_task-rest_run-01_bold.nii,edf0a504702f811c1b79a99942be9f1a
sub-019S4285,ses-01,run-01,/mnt/c/Users/krish/FYP/BIDS/sub-019S4285/ses-01/func/sub-019S4285_ses-01_task-rest_run-01_bold.nii.gz,5204bd3e990c23f0400189485e57e6a8
sub-019S4680,ses-01,run-01,/mnt/c/Users/krish/FYP/BIDS/sub-019S4680/ses-01/func/sub-019S4680_ses-01_task-rest_run-01_bold.nii,b33a62685ddf58e273c88922b06264ae
sub-031S2018,ses-01,run-01,/mnt/c/Users/krish/FYP/BIDS/sub-031S2018/ses-01/func/sub-031S2018_ses-01_task-rest_run-01_bold.nii,c625b4a2d398c94240d02f7a87c5dfdc
sub-031S2018,ses-02,run-01,/mnt/c/Users/krish/FYP/BIDS/sub-031S2018/ses-02/func/sub-031S2018_ses-02_task-rest_run-01_bold.nii,5859ba4d902665a77973b3ae88f6b29d
sub-031S2022,ses-01,run-01,/mnt/c/Users/krish/FYP/BIDS/sub-031S2022/ses-01/func/sub-031S2022_ses-01_task-rest_run-01_bold.nii,519cc344455e3cfad9ddf1bc650444f4
sub-031S2233,ses-01,run-01,/mnt/c/Users/krish/FYP/BIDS/sub-031S2233/ses-01/func/sub-031S2233_ses-01_task-rest_run-01_bold.nii,a4fcac0fa8f1e89a211f497bc2150aa5
sub-031S2233,ses-02,run-01,/mnt/c/Users/krish/FYP/BIDS/sub-031S2233/ses-02/func/sub-031S2233_ses-02_task-rest_run-01_bold.nii,6f3dc027dcc9c9e9a589ff3104aedecd
