ROI_ID,ALFF,ReHo,DC,FC_Strength
1,120168.3359375,0.5897826552391052,-4.8019488051604835,-0.019599791041471363
2,95170.6171875,0.5271186828613281,5.0610775298660275,0.020657459305575623
3,110324.9296875,0.545624315738678,-4.2320515569133415,-0.017273679824136086
4,93833.9453125,0.5138118267059326,-4.998936569738525,-0.020403822733626634
5,216604.078125,0.6597608923912048,-16.280644383347322,-0.06645160972794825
6,137219.5,0.6053422093391418,-12.893064791432128,-0.05262475425074338
7,72807.359375,0.5247280597686768,18.452615851156477,0.07531679939247542
8,89563.0234375,0.5821975469589233,19.69189210090754,0.08037506979962261
9,99356.609375,0.6213578581809998,13.757570951430484,0.05615335082216524
10,114086.9375,0.6733278036117554,17.70097102872988,0.07224886134175462
11,90909.296875,0.5648314952850342,0.03301194642824612,0.00013474263848263724
12,88226.7109375,0.5317424535751343,3.6879474280156916,0.015052846644962007
13,149241.65625,0.5844413042068481,-13.7248031291802,-0.05601960460889878
14,132816.765625,0.551398515701294,-14.805391060995078,-0.060430167595898275
15,104622.8046875,0.5383792519569397,-10.828244178540036,-0.044196915014449126
16,85320.109375,0.5781468749046326,-7.038915523437673,-0.028730267442602746
17,114602.375,0.5266542434692383,-10.833385685838925,-0.044217900758526225
18,88426.1640625,0.4957177937030792,9.780363640156278,0.0399198515924746
19,141060.1875,0.545610249042511,-15.39405686007067,-0.0628328851431456
20,104504.40625,0.5931060910224915,-13.052136877161338,-0.053274028070046275
21,127653.8671875,0.538756251335144,-10.180957758289678,-0.04155492962567215
22,105900.703125,0.6360951066017151,-13.303717949737857,-0.05430088959076677
23,121142.0625,0.5945039987564087,-7.945755103525104,-0.032431653483775934
24,113219.6171875,0.661773145198822,-9.00622845088618,-0.03676011612606604
25,117226.65625,0.6130755543708801,8.06871409474262,0.03293352691731682
26,99355.4375,0.594918429851532,6.888155917657941,0.028114922112889556
27,158956.6875,0.5156003832817078,-4.028812710284244,-0.016444133511364263
28,97359.296875,0.47469332814216614,-17.63263360505863,-0.07196993308187195
29,106941.671875,0.5253656506538391,-11.796554062586363,-0.04814920025545454
30,73248.3671875,0.422018826007843,3.411506878396054,0.0139245178710043
31,141896.203125,0.5383005738258362,-4.312117452334329,-0.017600479397282976
32,100039.5390625,0.5996214747428894,-6.036197604560673,-0.02463754124310479
33,95872.2734375,0.5726820826530457,-5.051418079045099,-0.020618032975694284
34,74934.3125,0.46794548630714417,1.4657271148102886,0.005982559652286892
35,153278.5625,0.6347615718841553,-4.464864021401178,-0.018223934781229297
36,76635.9921875,0.5726086497306824,2.9026874522754493,0.011847703886838569
37,82845.2890625,0.46116432547569275,5.525606232504279,0.022553494826548077
38,58720.23828125,0.5165587663650513,16.264808975790043,0.06638697541138792
39,102506.84375,0.5994746685028076,-0.14450434668280643,-0.0005898136599298222
40,67392.8984375,0.44599011540412903,17.14856804162077,0.06999415527192152
41,101954.28125,0.6404496431350708,3.182916966897772,0.012991497824072539
42,79085.4140625,0.5547633767127991,15.377286860300758,0.0627644361644929
43,91499.671875,0.4846622943878174,6.024525434988609,0.024589899734647386
44,72382.984375,0.564915120601654,5.3572021968877435,0.02186613141586834
45,58793.86328125,0.4313226044178009,20.166058294080297,0.08231044201665427
46,49145.03515625,0.4652943015098572,19.23822036053399,0.07852334841034282
47,106938.0234375,0.5628185272216797,-8.339600148464456,-0.03403918427944676
48,109291.8984375,0.5665980577468872,-13.480839903725833,-0.055023836341738096
49,47006.97265625,0.4464738965034485,23.256308043767675,0.09492370630109255
50,42970.87890625,0.44230276346206665,24.80269187630494,0.10123547704614262
51,112150.515625,0.5379326939582825,-1.731198153715452,-0.007066114913124293
52,67726.84375,0.5292049646377563,10.522531391815665,0.04294910772169659
53,106624.921875,0.6764529347419739,5.728900171738523,0.023383266007096015
54,78210.4765625,0.5747888088226318,22.004657439308126,0.08981492832370663
55,76706.484375,0.576231837272644,12.435964138440946,0.05075903729975896
56,63843.14453125,0.5517764687538147,17.933725899857258,0.07319888122390718
57,62729.23828125,0.5555785298347473,19.425351279652396,0.07928714808021387
58,93771.265625,0.6150550246238708,16.499585437824322,0.06734524668499724
59,95136.6171875,0.5224630832672119,22.641314892599738,0.09241353017387648
60,100841.84375,0.5924336314201355,12.544218890635783,0.05120089343116646
61,72585.6328125,0.5159777998924255,10.818080214786708,0.04415542944810901
62,74871.6328125,0.5149743556976318,10.114336974187818,0.041283008057909465
63,117756.4140625,0.5335357785224915,1.511321272807204,0.006168658256355935
64,86571.71875,0.4863106906414032,19.370795433698497,0.07906447115795305
65,69229.875,0.5090504288673401,15.078425283447398,0.06154459299366285
66,74545.53125,0.5435259342193604,15.221456779073769,0.062128395016627626
67,85066.4609375,0.5992897748947144,9.334436483258994,0.038099740747995894
68,116396.3828125,0.6443447470664978,7.632213788265119,0.031151893013327017
69,115552.859375,0.42676591873168945,14.916741217254863,0.06088465802961168
70,117890.1953125,0.5189332365989685,15.68927297512346,0.06403784887805494
71,102666.6875,0.5560529232025146,16.99646686910621,0.06937333415961719
72,76003.5859375,0.4952223598957062,13.962235008089964,0.05698871431873455
73,84043.4375,0.45946165919303894,20.656493094486894,0.0843122167121914
74,82066.234375,0.47816506028175354,21.30229214461859,0.08694813120252486
75,97868.5859375,0.5165420770645142,13.238914224582071,0.0540363845901309
76,90057.8359375,0.5003734827041626,11.519306364077758,0.04701757699623575
77,134916.28125,0.47217559814453125,11.200260001566596,0.04571534694516978
78,76744.796875,0.49552199244499207,20.743596376230236,0.08466774031114382
79,70501.84375,0.4742470681667328,18.75358813315807,0.07654525768635946
80,69284.6015625,0.46617069840431213,16.223242478037815,0.06621731623688903
81,80392.2265625,0.5000483393669128,2.8813083520465117,0.011760442253251069
82,85584.1328125,0.45232293009757996,6.816479148058639,0.0278223638696271
83,74852.84375,0.5142523646354675,20.271113929173858,0.08273924052724023
84,62459.984375,0.4823072552680969,24.119333133482655,0.09844625768768431
85,121118.3671875,0.5760319232940674,-11.917910442608573,-0.048644532418810504
86,96170.5078125,0.5313684940338135,-7.8005858403749055,-0.03183912587908125
87,60319.65234375,0.43259450793266296,15.322626400332414,0.06254133224625476
88,66367.015625,0.4330058693885803,18.00531078944321,0.07349106444670699
89,57599.7578125,0.43100711703300476,-12.608937675962853,-0.05146505173862389
90,68821.640625,0.4730413556098938,-12.333965954866448,-0.05034271818312836
91,83161.390625,0.5858460068702698,2.5795521041904577,0.010528784098736562
92,70807.4921875,0.5361387133598328,-4.738122800338651,-0.019339276736076126
93,81180.3671875,0.4992513358592987,6.600131027856484,0.02693931031778157
94,67803.2890625,0.5225333571434021,18.927247229544925,0.07725407032467316
95,76097.5546875,0.5158900022506714,0.15087301392448005,0.0006158082200999186
96,71576.921875,0.40949302911758423,9.132452079940837,0.03727531461200342
97,105608.71875,0.6254866123199463,-4.221800542001119,-0.017231838946943343
98,87285.9375,0.6080455780029297,0.6174129380396138,0.0025200528083249543
99,79072.6171875,0.5471677184104919,-5.445296084619411,-0.022225698304569025
100,70334.7578125,0.48821714520454407,2.4912157755300397,0.010168227655224652
101,59245.203125,0.46042442321777344,-0.5739222405086168,-0.002342539757178028
102,55776.73828125,0.44552183151245117,9.192025086467783,0.03751846974068483
103,66194.8671875,0.45866647362709045,12.82945724813895,0.05236513162505694
104,61653.17578125,0.4500707983970642,5.691113573319252,0.023229034993139806
105,70325.0546875,0.5673075914382935,-9.375869390557646,-0.03826885465533733
106,66619.6953125,0.5703904628753662,-1.8419982505245223,-0.00751836020622254
107,61454.81640625,0.45929619669914246,5.589309147950521,0.022813506726328658
108,63270.96484375,0.49588385224342346,7.77381611783745,0.03172986170545898
109,66053.8046875,0.417833149433136,18.326891229127533,0.0748036376699083
110,49378.72265625,0.4011729955673218,21.32681955502835,0.08704824308174837
111,74504.65625,0.46863824129104614,2.1605259732900506,0.008818473360367554
112,59407.828125,0.4183141589164734,2.834389014593574,0.01156893475344316
113,65302.16796875,0.4739038646221161,6.01092636898013,0.024534393342776042
114,48284.453125,0.42699936032295227,13.570089828696272,0.0553881217497807
115,111256.15625,0.5415162444114685,13.95888337268444,0.05697503417422221
116,72879.7421875,0.4688933193683624,19.091858208986224,0.07792595187341315
117,115937.2734375,0.5117211937904358,14.67806601364638,0.059910473525087264
118,88875.2109375,0.5384705662727356,23.251427453478712,0.0949037855244029
119,102825.2890625,0.5407418012619019,5.687542009574799,0.023214457181937955
120,87780.4453125,0.4631870687007904,7.579790402768801,0.030937920011301228
121,68379.7109375,0.405433714389801,11.244922593709756,0.04589764323963166
122,75262.7578125,0.4927474856376648,11.704264196697949,0.04777250692529775
123,95981.5390625,0.5676392316818237,-5.1419089035024,-0.020987383279601632
124,83713.125,0.5446951389312744,5.65756276535337,0.023092092919809674
125,99177.53125,0.6630774140357971,9.043315658485795,0.03691149248361549
126,179168.328125,0.6351927518844604,-4.536577440414317,-0.01851664261393599
127,169265.75,0.6421966552734375,-8.633141545569824,-0.03523731243089724
128,85009.5,0.6009519696235657,-7.424320259926535,-0.030303347999700143
129,74436.5546875,0.5515543222427368,1.7230144441447257,0.007032712016917248
130,81209.796875,0.5997281074523926,13.62057702869128,0.05559419195384196
131,81167.1171875,0.6042963862419128,19.403542645236637,0.07919813324586382
132,107349.0625,0.5703876614570618,21.712646927534863,0.08862304868381576
133,74445.765625,0.5530158281326294,10.483799361906543,0.042791017803700176
134,107985.0,0.6039248704910278,-3.9212236049812352,-0.016004994306045857
135,136355.515625,0.685326099395752,-12.61073387817714,-0.051472383176233226
136,131809.140625,0.5736318826675415,-17.832743931630436,-0.07278670992502219
137,106473.8828125,0.6312738060951233,-5.797843594808965,-0.02366466773391414
138,104543.46875,0.6176430583000183,-10.420959803091556,-0.04253452980853696
139,82267.390625,0.5873231291770935,-2.0918870633404385,-0.008538314544246688
140,89589.78125,0.5837668180465698,4.384844633293985,0.017897325033853002
141,86788.6796875,0.6148555874824524,-4.578253903867871,-0.01868675062803213
142,122920.4609375,0.7070965766906738,-3.5290665305952773,-0.014404353186103173
143,122925.484375,0.7286657691001892,-7.832063204074189,-0.03196760491458853
144,116366.859375,0.6761360168457031,-5.074356558814834,-0.020711659423734017
145,78547.203125,0.5469521880149841,8.06938452257494,0.03293626335744873
146,81898.2578125,0.5506500601768494,8.066549277893893,0.032924690930179155
147,128794.4765625,0.6181460022926331,-16.377443137327848,-0.06684670668297081
148,167469.71875,0.6163430213928223,-18.90878652419023,-0.0771787205068989
149,62538.19140625,0.5234362483024597,6.2771118957139445,0.02562086488046508
150,98562.28125,0.5325726866722107,0.11291467068475658,0.0004608762068765575
151,103466.453125,0.6230141520500183,-5.592663465841349,-0.02282719781976061
152,107127.9765625,0.6485154032707214,-5.91362684370384,-0.02413725242328098
153,90595.6484375,0.5807962417602539,-8.968185321645658,-0.0366048380475333
154,103152.4609375,0.609544038772583,-13.622312217168652,-0.05560127435579042
155,81982.8828125,0.668306827545166,9.4171168856208,0.03843721177804408
156,89668.9140625,0.5753346085548401,18.549074323337166,0.07571050744219252
157,69685.171875,0.5539615750312805,14.506452097129975,0.05921000855971418
158,74009.84375,0.4590712785720825,20.52359828556264,0.08376978892066385
159,96629.828125,0.5987092852592468,5.073472768534332,0.02070805211646666
160,91087.796875,0.5284805297851562,9.651039151078018,0.03939199653501232
161,100885.546875,0.5775167942047119,18.67508697171861,0.07622484478252493
162,115524.296875,0.5969793796539307,11.172451292795193,0.045601842011408954
163,56446.78125,0.4552179276943207,14.628828958126336,0.05970950595153607
164,56303.078125,0.4172435998916626,13.1907586163958,0.0538398310873298
165,66659.921875,0.42721033096313477,12.421206751545807,0.0506988030675339
166,44214.00390625,0.48470306396484375,15.23631576867291,0.062189043953766975
167,82786.640625,0.47493305802345276,12.932912835480053,0.05278739932849001
168,61047.83984375,0.5396954417228699,17.68461306494059,0.07218209414261464
169,68602.5625,0.39596256613731384,5.2081082665121095,0.021257584761273915
170,62440.390625,0.47516515851020813,19.77890502052714,0.08073022457358017
171,59088.50390625,0.3925984501838684,11.55923574413965,0.04718055405771286
172,57578.6796875,0.45481282472610474,17.461099133469073,0.07126979238150642
173,77975.453125,0.4389756917953491,13.67559246441689,0.055818744752722006
174,56208.58203125,0.5054314136505127,20.913950518341032,0.08536306334016748
175,92542.4609375,0.6373637318611145,-4.88788486082857,-0.01995055045236151
176,99731.6328125,0.6688161492347717,-8.570571992803039,-0.034981926501236896
177,55923.26953125,0.39848315715789795,6.793618772871035,0.027729056215800144
178,59921.21484375,0.44410011172294617,15.4611955136629,0.06310692046393021
179,67026.5390625,0.538827121257782,12.825650605162487,0.05234959430678566
180,84805.8359375,0.5825303792953491,15.67996113906522,0.06399984138393967
181,113752.8203125,0.6063875555992126,-2.425076595078361,-0.009898271816646372
182,99283.9140625,0.6005055904388428,-6.902292166848467,-0.028172621089177414
183,73021.203125,0.5308219790458679,18.698572726905276,0.07632070500777664
184,91327.7421875,0.6232957243919373,21.3114477495328,0.08698550101850122
185,59295.671875,0.4505006670951843,13.576441487853277,0.05541404688919705
186,77764.0859375,0.5390700697898865,8.692126335930142,0.035478066677265885
187,67973.1796875,0.5717374086380005,17.743403086810517,0.07242205341555313
188,68220.4375,0.6191093325614929,17.565150350089347,0.07169449122485448
189,156810.75,0.7041203379631042,-19.05925311259518,-0.07779286984732726
190,110203.9375,0.6019651889801025,-22.339137002859317,-0.09118015103207884
191,114190.609375,0.7002291679382324,-5.0736748606492155,-0.020708876982241695
192,110673.0078125,0.6861433386802673,-5.330488435608855,-0.021757095655546347
193,122397.453125,0.6545544266700745,-18.183439785668114,-0.07421812157415557
194,125622.2890625,0.6157792806625366,-7.71435932477518,-0.03148718091744972
195,90942.390625,0.616729199886322,-2.8702402279473986,-0.011715266236519995
196,72912.6796875,0.5310288667678833,-3.9268673024504075,-0.01602802980592003
197,109270.046875,0.6613582968711853,-4.0288728424907845,-0.016444378948941976
198,110323.5234375,0.5984774231910706,-5.050159866784259,-0.020612897415445957
199,98061.3359375,0.644795835018158,-13.563610115930048,-0.055361673942571625
200,116692.9140625,0.6378382444381714,-13.297637453111438,-0.05427607123718954
201,107986.09375,0.5943701267242432,-4.883116758780076,-0.01993108881134725
202,102577.640625,0.615868330001831,-4.593992199802957,-0.018750988570624315
203,110945.0859375,0.7045186161994934,-22.25237399941821,-0.09082601632415596
204,117701.015625,0.6421549916267395,-23.384325259560235,-0.09544622554922545
205,104592.8984375,0.6294664144515991,-23.37170919888936,-0.0953947314240382
206,99509.2734375,0.6010158658027649,-19.815589206533993,-0.0808799559450367
207,102489.1484375,0.6985562443733215,-16.692568201731213,-0.0681329314356376
208,154654.078125,0.6629002094268799,-23.357775996138532,-0.0953378612087287
209,98582.953125,0.5602736473083496,-11.512182913918735,-0.046988501689464224
210,128246.4765625,0.6013559699058533,-16.67584540265537,-0.06806467511287906
211,87081.7890625,0.45233234763145447,7.9972414494878645,0.032641801834644345
212,62126.69140625,0.44072312116622925,15.956034431493372,0.06512667114895254
213,78111.3984375,0.41992613673210144,9.151740076006371,0.03735404112655662
214,49420.515625,0.4413154423236847,15.717518050246357,0.06415313489896472
215,94394.8984375,0.48145782947540283,9.537140308589064,0.03892710330036353
216,66464.421875,0.45860764384269714,13.70235469466028,0.05592797834555216
217,58485.171875,0.4346628785133362,13.1391651522536,0.05362924551940245
218,54475.0703125,0.4299403429031372,14.948186710860568,0.06101300698310436
219,62623.9140625,0.518744707107544,18.456425849297514,0.07533235040529597
220,58868.5,0.5291454792022705,19.4383131391387,0.07934005362913756
221,47445.3359375,0.4474289119243622,5.793341077869303,0.023646290113752258
222,47067.38671875,0.4212550222873688,0.9093801987308865,0.0037117559131872916
223,57038.07421875,0.4567994773387909,8.166062799688062,0.03333086857015535
224,56703.9765625,0.47491946816444397,20.26467841401989,0.08271297311844854
225,47761.859375,0.4816291332244873,12.291309164558992,0.05016860883493466
226,48500.23828125,0.48206815123558044,12.313793740427162,0.050260382613988415
227,56679.57421875,0.4407370090484619,9.216208294597251,0.037617176712641844
228,52942.04296875,0.43425053358078003,15.247079366781186,0.062232977007270145
229,59282.3359375,0.4354749321937561,-0.7494822018464562,-0.0030591110279447192
230,41388.33984375,0.41699767112731934,11.745218965721227,0.047939669247841744
231,90016.609375,0.5524170994758606,-0.8015777881486752,-0.0032717460740762255
232,94419.171875,0.5347580909729004,-2.8386744820390906,-0.01158642645730241
233,47318.3671875,0.4747377634048462,1.8710224348128426,0.007636826264542215
234,59363.6328125,0.45124298334121704,10.03154782445998,0.04094509316106114
235,51014.2421875,0.5233727693557739,10.088682121118943,0.04117829437191405
236,46145.3828125,0.4466712474822998,10.511948796969552,0.04290591345701858
237,85308.7578125,0.5053886771202087,3.4447079360480632,0.014060032392032911
238,111082.8828125,0.5234922170639038,-0.9777669609324455,-0.003990885554826309
239,63622.2265625,0.5266879796981812,6.279487890059702,0.025630562816570213
240,65726.6953125,0.48572343587875366,9.883118257882877,0.04033925819544031
241,73568.25,0.5052432417869568,6.72806932501417,0.02746150744903743
242,74159.6796875,0.4898707866668701,3.314481972036237,0.013528497845045865
243,69789.3515625,0.4930993914604187,5.324582142054808,0.021732988334917585
244,58790.94921875,0.43026408553123474,11.645640254422071,0.04753322552825335
245,57675.47265625,0.49393323063850403,6.150066591591461,0.025102312618740658
246,62772.52734375,0.4868222773075104,5.128685462554797,0.02093341005124407
