volume,FD_mm
0,0.0
1,0.33787939518000804
2,0.30697910415175944
3,0.2624868683768171
4,0.0642989663289532
5,0.05479709802975095
6,0.12841081170943103
7,0.0818301838154849
8,0.0640349540849362
9,0.053620352248333655
10,0.03465958653158129
11,0.12239143960337716
12,0.20964640137963142
13,0.10262742735936015
14,0.5171242192886858
15,0.040664502315156906
16,0.07648706741970838
17,0.03350865238198014
18,0.04061356816555574
19,0.03201627109291351
20,0.09013869068334072
21,0.033330038301360596
22,0.10880810878207331
23,0.13141115626644656
24,0.041952603405912094
25,0.05878706741970838
26,0.12446361415823445
27,0.08153952531149622
28,0.292201669256311
29,0.3056159265358979
30,0.2690257581030492
31,0.3814359342272159
32,0.26426007660272116
33,0.14943986986851185
34,0.060903882112528784
35,0.029938690683340725
36,0.051956684561332234
37,0.052169762655748145
38,0.08467516851046361
39,0.16768333082130388
40,0.054606439525762315
41,0.0798860337486616
42,0.05607502299633936
43,0.1629617458590322
44,0.07053613327010727
45,0.04650643952576227
46,0.2952480321793521
47,0.021761110273767956
48,0.17810333851262197
49,0.12366789435654585
50,0.04259591884457988
51,0.05001627109291351
52,0.09342900463031378
53,0.0671960643587042
54,0.07029876728606192
55,0.11160083462815548
56,0.08039537524467297
57,0.026937166941154077
58,0.2403403599396517
59,1.1783575810304916
60,1.5978691738393114
61,1.068417052192302
62,1.0732688443544722
63,0.21951679962064372
64,0.32136178431562246
65,0.25740607989657005
66,0.28080323145508795
67,0.23202156989009506
68,0.2423103600948814
69,0.38893532202636544
70,0.5231990432421338
71,0.43019748104335687
72,0.41482102629018813
73,0.2131482161500667
74,0.23919320084504542
75,0.23757112581163375
76,0.23668150097869195
77,0.6279268536150999
78,0.7000923896013036
79,0.36042991617164993
80,1.1482848478035508
81,0.24650869083857052
82,0.241057557646078
83,0.31823209057127744
84,0.22277477042468102
85,0.09464527572322737
86,0.06645073510670987
87,0.07990609496874665
88,0.03988470904936628
89,0.028770107212763706
90,0.04138996938995747
91,0.05972664625997165
92,0.023684709049366273
93,0.2605193185772869
94,0.21792290966156708
95,0.21703780252641827
96,0.3129198086484267
97,0.36719871375729496
98,0.13054257279586956
99,0.053710666195306726
100,0.05366042115973674
101,0.09666395871525003
102,0.17495171524898964
103,0.12190520681182422
104,0.1254994564000931
105,0.09553564319896735
106,0.11620270292735776
107,0.05374886680750757
108,0.37112806294462436
109,0.2654079481957723
110,0.22978356832078553
111,0.23123312424232428
112,0.3585333232852156
113,0.3220984227290464
114,0.4806788515801012
115,0.48504232022421123
116,0.3423144027937113
117,0.3202298392584693
118,0.34440963252425993
119,0.5116568685320468
120,0.28811115626644657
121,0.48859624832941884
122,0.34863495408493617
123,0.25903156204354727
124,0.1653527489200364
125,0.06469232776029962
126,0.02456637061435916
127,0.11942374428972266
128,0.10716297857297029
129,0.16124817769347644
130,0.11456410422937431
131,0.11214748857944526
132,0.07715039054969425
133,0.3011938515024863
134,0.08542561258892485
