group,subject,session,run,is_4D,is_4mm_isotropic,n_timepoints,affine_valid,mask_is_3D,status
AD,sub-002S5018,ses-01,run-01,True,True,135,True,True,PASS
AD,sub-002S5018,ses-02,run-01,True,True,135,True,True,PASS
AD,sub-006S4153,ses-01,run-01,True,True,135,True,True,PASS
AD,sub-006S4192,ses-01,run-01,True,True,135,True,True,PASS
AD,sub-013S5071,ses-01,run-01,True,True,135,True,True,PASS
AD,sub-018S4696,ses-01,run-01,True,True,135,True,True,PASS
AD,sub-018S4733,ses-01,run-01,True,True,135,True,True,PASS
AD,sub-019S4252,ses-01,run-01,True,True,135,True,True,PASS
AD,sub-019S4477,ses-01,run-01,True,True,135,True,True,PASS
AD,sub-019S4477,ses-02,run-01,True,True,135,True,True,PASS
AD,sub-019S4549,ses-01,run-01,True,True,135,True,True,PASS
AD,sub-019S4549,ses-02,run-01,True,True,135,True,True,PASS
AD,sub-019S5012,ses-01,run-01,True,True,135,True,True,PASS
AD,sub-019S5019,ses-01,run-01,True,True,135,True,True,PASS
AD,sub-031S4024,ses-01,run-01,True,True,135,True,True,PASS
AD,sub-130S4641,ses-01,run-01,True,True,135,True,True,PASS
AD,sub-130S4660,ses-01,run-01,True,True,135,True,True,PASS
AD,sub-130S4730,ses-01,run-01,True,True,135,True,True,PASS
AD,sub-130S4730,ses-02,run-01,True,True,135,True,True,PASS
AD,sub-130S4971,ses-01,run-01,True,True,135,True,True,PASS
AD,sub-130S4982,ses-01,run-01,True,True,135,True,True,PASS
AD,sub-130S4982,ses-02,run-01,True,True,135,True,True,PASS
AD,sub-130S4984,ses-01,run-01,True,True,135,True,True,PASS
AD,sub-130S4990,ses-01,run-01,True,True,135,True,True,PASS
AD,sub-130S5059,ses-01,run-01,True,True,135,True,True,PASS
CN_Final,sub-002S1261,ses-01,run-01,True,True,135,True,True,PASS
CN_Final,sub-002S1280,ses-01,run-01,True,True,135,True,True,PASS
CN_Final,sub-006S4357,ses-01,run-01,True,True,135,True,True,PASS
CN_Final,sub-010S4345,ses-01,run-01,True,True,135,True,True,PASS
CN_Final,sub-010S4442,ses-01,run-01,True,True,135,True,True,PASS
CN_Final,sub-010S4442,ses-02,run-01,True,True,135,True,True,PASS
CN_Final,sub-012S4545,ses-01,run-01,True,True,135,True,True,PASS
CN_Final,sub-012S4643,ses-01,run-01,True,True,135,True,True,PASS
CN_Final,sub-013S4579,ses-01,run-01,True,True,135,True,True,PASS
CN_Final,sub-013S4616,ses-01,run-01,True,True,135,True,True,PASS
CN_Final,sub-018S4257,ses-01,run-01,True,True,135,True,True,PASS
CN_Final,sub-018S4313,ses-01,run-01,True,True,135,True,True,PASS
CN_Final,sub-018S4349,ses-01,run-01,True,True,135,True,True,PASS
CN_Final,sub-018S4399,ses-01,run-01,True,True,135,True,True,PASS
CN_Final,sub-018S4400,ses-01,run-01,True,True,135,True,True,PASS
CN_Final,sub-019S4367,ses-01,run-01,True,True,135,True,True,PASS
CN_Final,sub-019S4835,ses-01,run-01,True,True,135,True,True,PASS
CN_Final,sub-031S4021,ses-01,run-01,True,True,135,True,True,PASS
CN_Final,sub-031S4032,ses-01,run-01,True,True,135,True,True,PASS
CN_Final,sub-031S4218,ses-01,run-01,True,True,135,True,True,PASS
CN_Final,sub-031S4474,ses-01,run-01,True,True,135,True,True,PASS
CN_Final,sub-031S4496,ses-01,run-01,True,True,135,True,True,PASS
CN_Final,sub-129S0778,ses-01,run-01,True,True,135,True,True,PASS
CN_Final,sub-129S4422,ses-01,run-01,True,True,135,True,True,PASS
CN_Final,sub-130S4343,ses-01,run-01,True,True,135,True,True,PASS
CN_Final,sub-130S4352,ses-01,run-01,True,True,135,True,True,PASS
CN_Final,sub-136S0186,ses-01,run-01,True,True,135,True,True,PASS
EMCI,sub-002S2010,ses-01,run-01,True,True,135,True,True,PASS
EMCI,sub-002S2073,ses-01,run-01,True,True,135,True,True,PASS
EMCI,sub-002S4237,ses-01,run-01,True,True,135,True,True,PASS
EMCI,sub-002S4447,ses-01,run-01,True,True,135,True,True,PASS
EMCI,sub-002S4473,ses-01,run-01,True,True,135,True,True,PASS
EMCI,sub-006S4679,ses-01,run-01,True,True,135,True,True,PASS
EMCI,sub-012S4012,ses-01,run-01,True,True,135,True,True,PASS
EMCI,sub-012S4128,ses-01,run-01,True,True,135,True,True,PASS
EMCI,sub-012S4128,ses-02,run-01,True,True,135,True,True,PASS
EMCI,sub-012S4188,ses-01,run-01,True,True,135,True,True,PASS
EMCI,sub-012S4849,ses-01,run-01,True,True,135,True,True,PASS
EMCI,sub-012S4987,ses-01,run-01,True,True,135,True,True,PASS
EMCI,sub-013S2324,ses-01,run-01,True,True,135,True,True,PASS
EMCI,sub-013S4268,ses-01,run-01,True,True,135,True,True,PASS
EMCI,sub-013S4791,ses-01,run-01,True,True,135,True,True,PASS
EMCI,sub-013S4917,ses-01,run-01,True,True,135,True,True,PASS
EMCI,sub-018S2133,ses-01,run-01,True,True,135,True,True,PASS
EMCI,sub-018S2138,ses-01,run-01,True,True,135,True,True,PASS
EMCI,sub-018S2155,ses-01,run-01,True,True,135,True,True,PASS
EMCI,sub-018S4597,ses-01,run-01,True,True,135,True,True,PASS
EMCI,sub-018S4809,ses-01,run-01,True,True,135,True,True,PASS
EMCI,sub-018S4868,ses-01,run-01,True,True,135,True,True,PASS
EMCI,sub-019S4285,ses-01,run-01,True,True,135,True,True,PASS
EMCI,sub-019S4680,ses-01,run-01,True,True,135,True,True,PASS
EMCI,sub-031S2018,ses-01,run-01,True,True,135,True,True,PASS
EMCI,sub-031S2018,ses-02,run-01,True,True,135,True,True,PASS
EMCI,sub-031S2022,ses-01,run-01,True,True,135,True,True,PASS
EMCI,sub-031S2233,ses-01,run-01,True,True,135,True,True,PASS
EMCI,sub-031S2233,ses-02,run-01,True,True,135,True,True,PASS
LMCI,sub-002S4171,ses-02,run-01,True,True,135,True,True,PASS
LMCI,sub-002S4219,ses-01,run-01,True,True,135,True,True,PASS
LMCI,sub-002S4251,ses-01,run-01,True,True,135,True,True,PASS
LMCI,sub-002S4521,ses-01,run-01,True,True,135,True,True,PASS
LMCI,sub-002S4654,ses-01,run-01,True,True,135,True,True,PASS
LMCI,sub-002S4746,ses-01,run-01,True,True,135,True,True,PASS
LMCI,sub-006S4346,ses-01,run-01,True,True,135,True,True,PASS
LMCI,sub-006S4363,ses-01,run-01,True,True,135,True,True,PASS
LMCI,sub-006S4515,ses-01,run-01,True,True,135,True,True,PASS
LMCI,sub-013S4595,ses-01,run-01,True,True,135,True,True,PASS
LMCI,sub-018S4889,ses-01,run-01,True,True,135,True,True,PASS
LMCI,sub-019S4293,ses-01,run-01,True,True,135,True,True,PASS
LMCI,sub-019S4548,ses-01,run-01,True,True,135,True,True,PASS
LMCI,sub-031S4194,ses-01,run-01,True,True,135,True,True,PASS
LMCI,sub-031S4203,ses-01,run-01,True,True,135,True,True,PASS
LMCI,sub-031S4203,ses-02,run-01,True,True,135,True,True,PASS
LMCI,sub-031S4590,ses-01,run-01,True,True,135,True,True,PASS
LMCI,sub-130S4250,ses-01,run-01,True,True,135,True,True,PASS
LMCI,sub-130S4542,ses-01,run-01,True,True,135,True,True,PASS
LMCI,sub-130S4605,ses-01,run-01,True,True,135,True,True,PASS
LMCI,sub-130S4817,ses-01,run-01,True,True,135,True,True,PASS
MCI,sub-002S0729,ses-02,run-01,True,True,135,True,True,PASS
MCI,sub-002S0729,ses-03,run-01,True,True,135,True,True,PASS
MCI,sub-002S1155,ses-01,run-01,True,True,135,True,True,PASS
MCI,sub-002S1155,ses-03,run-01,True,True,135,True,True,PASS
MCI,sub-002S1268,ses-01,run-01,True,True,135,True,True,PASS
MCI,sub-002S1268,ses-02,run-01,True,True,135,True,True,PASS
MCI,sub-002S4229,ses-01,run-01,True,True,135,True,True,PASS
MCI,sub-002S4229,ses-02,run-01,True,True,135,True,True,PASS
MCI,sub-002S4229,ses-03,run-01,True,True,135,True,True,PASS
MCI,sub-002S4799,ses-02,run-01,True,True,135,True,True,PASS
MCI,sub-006S4713,ses-01,run-01,True,True,135,True,True,PASS
MCI,sub-006S4713,ses-01,run-02,True,True,135,True,True,PASS
MCI,sub-006S4713,ses-02,run-01,True,True,135,True,True,PASS
MCI,sub-013S1186,ses-01,run-01,True,True,135,True,True,PASS
MCI,sub-013S1186,ses-02,run-01,True,True,135,True,True,PASS
MCI,sub-013S1186,ses-03,run-01,True,True,135,True,True,PASS
MCI,sub-013S2389,ses-01,run-01,True,True,135,True,True,PASS
MCI,sub-013S2389,ses-02,run-01,True,True,135,True,True,PASS
MCI,sub-018S2180,ses-01,run-01,True,True,135,True,True,PASS
MCI,sub-018S2180,ses-02,run-01,True,True,135,True,True,PASS
MCI,sub-018S2180,ses-03,run-01,True,True,135,True,True,PASS
MCI,sub-018S2180,ses-04,run-01,True,True,135,True,True,PASS
MCI,sub-053S0919,ses-01,run-01,True,True,135,True,True,PASS
MCI,sub-053S0919,ses-02,run-01,True,True,135,True,True,PASS
MCI,sub-053S4813,ses-01,run-01,True,True,135,True,True,PASS
MCI,sub-053S4813,ses-02,run-01,True,True,135,True,True,PASS
MCI,sub-100S4556,ses-01,run-01,True,True,135,True,True,PASS
MCI,sub-100S4556,ses-02,run-01,True,True,135,True,True,PASS
MCI,sub-130S4294,ses-01,run-01,True,True,135,True,True,PASS
MCI,sub-130S4294,ses-02,run-01,True,True,135,True,True,PASS
MCI,sub-130S4294,ses-03,run-01,True,True,135,True,True,PASS
MCI,sub-136S0107,ses-01,run-01,True,True,135,True,True,PASS
SMC_Final,sub-002S5230,ses-01,run-01,True,True,135,True,True,PASS
SMC_Final,sub-002S5230,ses-02,run-01,True,True,135,True,True,PASS
SMC_Final,sub-002S5230,ses-03,run-01,True,True,135,True,True,PASS
SMC_Final,sub-002S5256,ses-01,run-01,True,True,135,True,True,PASS
SMC_Final,sub-006S5153,ses-01,run-01,True,True,135,True,True,PASS
SMC_Final,sub-006S5153,ses-02,run-01,True,True,135,True,True,PASS
SMC_Final,sub-012S5121,ses-01,run-01,True,True,135,True,True,PASS
SMC_Final,sub-012S5121,ses-02,run-01,True,True,135,True,True,PASS
SMC_Final,sub-012S5157,ses-01,run-01,True,True,135,True,True,PASS
SMC_Final,sub-012S5157,ses-02,run-01,True,True,135,True,True,PASS
SMC_Final,sub-012S5195,ses-01,run-01,True,True,135,True,True,PASS
SMC_Final,sub-012S5213,ses-01,run-01,True,True,135,True,True,PASS
SMC_Final,sub-013S5137,ses-01,run-01,True,True,135,True,True,PASS
SMC_Final,sub-013S5137,ses-02,run-01,True,True,135,True,True,PASS
SMC_Final,sub-018S5250,ses-01,run-01,True,True,135,True,True,PASS
SMC_Final,sub-018S5262,ses-01,run-01,True,True,135,True,True,PASS
SMC_Final,sub-019S5180,ses-01,run-01,True,True,135,True,True,PASS
SMC_Final,sub-019S5242,ses-01,run-01,True,True,135,True,True,PASS
SMC_Final,sub-019S5242,ses-02,run-01,True,True,135,True,True,PASS
SMC_Final,sub-053S5202,ses-01,run-01,True,True,135,True,True,PASS
SMC_Final,sub-053S5202,ses-02,run-01,True,True,135,True,True,PASS
SMC_Final,sub-053S5272,ses-01,run-01,True,True,135,True,True,PASS
SMC_Final,sub-053S5287,ses-01,run-01,True,True,135,True,True,PASS
SMC_Final,sub-100S5096,ses-01,run-01,True,True,135,True,True,PASS
SMC_Final,sub-100S5102,ses-01,run-01,True,True,135,True,True,PASS
SMC_Final,sub-100S5280,ses-01,run-01,True,True,135,True,True,PASS
SMC_Final,sub-100S5280,ses-02,run-01,True,True,135,True,True,PASS
SMC_Final,sub-130S5142,ses-01,run-01,True,True,135,True,True,PASS
SMC_Final,sub-130S5142,ses-02,run-01,True,True,135,True,True,PASS
SMC_Final,sub-130S5258,ses-01,run-01,True,True,135,True,True,PASS
SMC_Final,sub-131S5148,ses-01,run-01,True,True,135,True,True,PASS
