group,subject,session,run,mean_FD_mm,median_FD_mm,max_FD_mm,FD_gt_0.2mm,FD_gt_0.5mm,FD_gt_1.0mm
AD,sub-002S5018,ses-01,run-01,0.28058693722256844,,0.8958651077560678,87,11,0
AD,sub-002S5018,ses-02,run-01,0.2757573521826267,,1.1132570525027616,87,12,1
AD,sub-006S4153,ses-01,run-01,0.3823519452804447,,2.006238898038469,94,29,7
AD,sub-006S4192,ses-01,run-01,0.17771746139926473,,0.4900091273809434,38,0,0
AD,sub-013S5071,ses-01,run-01,0.575377498350307,,3.561931426393957,105,56,21
AD,sub-018S4696,ses-01,run-01,0.286292655286329,,1.0910060648243933,84,11,2
AD,sub-018S4733,ses-01,run-01,0.45026978223344805,,2.8768925065233715,108,39,7
AD,sub-019S4252,ses-01,run-01,0.22258265912252936,,1.5978691738393114,60,10,5
AD,sub-019S4477,ses-01,run-01,0.48636926285177,,2.3471601852125525,97,51,17
AD,sub-019S4477,ses-02,run-01,0.383971720869112,,1.929794839957003,82,32,9
AD,sub-019S4549,ses-01,run-01,0.3597276587075672,,1.3931205060746947,90,35,4
AD,sub-019S4549,ses-02,run-01,0.3888759478161012,,1.183726577659028,115,32,3
AD,sub-019S5012,ses-01,run-01,0.35167009349999384,,0.9898527338478598,105,21,0
AD,sub-019S5019,ses-01,run-01,1.3339434173560547,,3.7953638396901344,133,119,82
AD,sub-031S4024,ses-01,run-01,0.22300364262568023,,1.355689196602806,39,13,3
AD,sub-130S4641,ses-01,run-01,0.45225008176977094,,4.10445929029569,101,36,7
AD,sub-130S4660,ses-01,run-01,1.0123568835979229,,4.436466902246684,132,120,52
AD,sub-130S4730,ses-01,run-01,0.5194685083989997,,1.5887831551628262,120,66,7
AD,sub-130S4730,ses-02,run-01,0.3602365074915157,,1.3930660962105843,102,26,3
AD,sub-130S4971,ses-01,run-01,0.29639670386640743,,1.0120478414486977,81,16,1
AD,sub-130S4982,ses-01,run-01,0.5127927148810612,,1.553839265979898,127,59,7
AD,sub-130S4982,ses-02,run-01,0.45162625723567196,,1.4529008429403927,119,43,5
AD,sub-130S4984,ses-01,run-01,0.2769293197069125,,1.8501300232291837,78,12,3
AD,sub-130S4990,ses-01,run-01,0.5212380688012064,,2.0578085234923296,129,57,13
AD,sub-130S5059,ses-01,run-01,0.40253150590835285,,1.4610233311317633,119,29,6
CN_Final,sub-002S1261,ses-01,run-01,0.48456839316906924,,1.7804737985946382,127,48,7
CN_Final,sub-002S1280,ses-01,run-01,0.29801025119834296,,1.191089517775408,85,19,3
CN_Final,sub-006S4357,ses-01,run-01,0.2229017813905763,,0.6621689664841829,68,4,0
CN_Final,sub-010S4345,ses-01,run-01,0.501960388872598,,1.9594156588920628,111,48,12
CN_Final,sub-010S4442,ses-01,run-01,0.4410882659444502,,1.2964343501963227,119,39,3
CN_Final,sub-010S4442,ses-02,run-01,0.27548358264927664,,1.4493447705799107,66,16,3
CN_Final,sub-012S4545,ses-01,run-01,0.1859138232657508,,0.8693651612848348,46,9,0
CN_Final,sub-012S4643,ses-01,run-01,0.15579200442599483,,0.49235225884889655,42,0,0
CN_Final,sub-013S4579,ses-01,run-01,1.2654488058029323,,7.228733858022135,127,88,55
CN_Final,sub-013S4616,ses-01,run-01,0.40214125144854557,,1.1897734540376226,105,37,3
CN_Final,sub-018S4257,ses-01,run-01,0.19946278980816673,,0.8253020221255636,57,3,0
CN_Final,sub-018S4313,ses-01,run-01,1.0785733438169134,,2.5855298943395333,133,111,62
CN_Final,sub-018S4349,ses-01,run-01,0.1826177535866257,,0.677572090881737,51,2,0
CN_Final,sub-018S4399,ses-01,run-01,0.3017175936052878,,0.9154500309205019,97,16,0
CN_Final,sub-018S4400,ses-01,run-01,0.12465008625933843,,0.27339566627292156,18,0,0
CN_Final,sub-019S4367,ses-01,run-01,0.1893536783287727,,0.8451690969261305,47,3,0
CN_Final,sub-019S4835,ses-01,run-01,0.4780848133914259,,1.9754512485622633,104,46,11
CN_Final,sub-031S4021,ses-01,run-01,0.28420295455095634,,1.752031548523668,79,15,2
CN_Final,sub-031S4032,ses-01,run-01,0.1955241201628203,,1.3424276882432555,40,9,2
CN_Final,sub-031S4218,ses-01,run-01,0.31150613681328476,,0.7738382239966145,105,12,0
CN_Final,sub-031S4474,ses-01,run-01,0.39404063674697526,,2.27749489348577,96,33,7
CN_Final,sub-031S4496,ses-01,run-01,0.8532778433383276,,2.93848366185844,131,92,40
CN_Final,sub-129S0778,ses-01,run-01,0.2583330788677769,,0.7585197935762502,89,5,0
CN_Final,sub-129S4422,ses-01,run-01,0.18861768586475067,,1.312173216538141,41,9,2
CN_Final,sub-130S4343,ses-01,run-01,0.36613380200780415,,1.271135199896655,107,26,1
CN_Final,sub-130S4352,ses-01,run-01,0.26118163976439557,,0.7921747938090946,90,5,0
CN_Final,sub-136S0186,ses-01,run-01,0.3411353241754518,,1.6881736296961,92,26,4
EMCI,sub-002S2010,ses-01,run-01,0.8352899134928923,,1.7928899392456041,133,113,37
EMCI,sub-002S2073,ses-01,run-01,0.3301945116171791,,0.7419863097047334,107,17,0
EMCI,sub-002S4237,ses-01,run-01,0.19178633917439236,,0.5755365162837132,51,3,0
EMCI,sub-002S4447,ses-01,run-01,0.27736926561249786,,1.3354277033154323,92,11,1
EMCI,sub-002S4473,ses-01,run-01,0.18088632474241476,,0.6711145867644258,47,4,0
EMCI,sub-006S4679,ses-01,run-01,0.5461207970550911,,1.5307108049494915,125,58,15
EMCI,sub-012S4012,ses-01,run-01,0.5457231923238031,,2.915269098478428,117,52,13
EMCI,sub-012S4128,ses-01,run-01,0.5424600157702458,,1.7785567162579827,130,59,8
EMCI,sub-012S4128,ses-02,run-01,0.4383206346913578,,0.9752396406812672,129,39,0
EMCI,sub-012S4188,ses-01,run-01,0.21047904954103042,,0.5065462023367401,86,1,0
EMCI,sub-012S4849,ses-01,run-01,0.44350107902927555,,5.038777110067501,78,19,9
EMCI,sub-012S4987,ses-01,run-01,0.26434852213476656,,1.172078744522567,81,13,1
EMCI,sub-013S2324,ses-01,run-01,0.4733782833079636,,1.254160138443725,114,55,8
EMCI,sub-013S4268,ses-01,run-01,0.4051467024051838,,1.6437225198880214,87,40,11
EMCI,sub-013S4791,ses-01,run-01,0.14181838423314047,,0.31518219009272314,25,0,0
EMCI,sub-013S4917,ses-01,run-01,0.13868848109066617,,1.0074667536279651,18,3,1
EMCI,sub-018S2133,ses-01,run-01,0.319212807321901,,1.0033691119983073,98,15,1
EMCI,sub-018S2138,ses-01,run-01,0.5822213236091741,,2.3194788900366916,123,64,18
EMCI,sub-018S2155,ses-01,run-01,0.15958637514510063,,0.5910850920629722,33,1,0
EMCI,sub-018S4597,ses-01,run-01,0.25935142848961584,,2.1877846638328364,64,11,4
EMCI,sub-018S4809,ses-01,run-01,0.38016791499729047,,2.5562521299592462,97,33,5
EMCI,sub-018S4868,ses-01,run-01,0.4514347685767769,,1.6915590278594976,125,35,7
EMCI,sub-019S4285,ses-01,run-01,0.41063519458327497,,1.5496747252081509,109,36,5
EMCI,sub-019S4680,ses-01,run-01,0.2903958092733468,,0.8388988977280095,89,14,0
EMCI,sub-031S2018,ses-01,run-01,0.24863979655285065,,0.795541470523879,69,13,0
EMCI,sub-031S2018,ses-02,run-01,0.25393331367292266,,1.237293025186568,72,12,1
EMCI,sub-031S2022,ses-01,run-01,0.6178677417045122,,3.3667060497522168,129,75,13
EMCI,sub-031S2233,ses-01,run-01,0.19939440669315336,,1.5788374512094632,54,3,1
EMCI,sub-031S2233,ses-02,run-01,0.14611752612636217,,1.030175919465499,24,1,1
LMCI,sub-002S4171,ses-02,run-01,0.22946102907799276,,0.7423880709464019,75,5,0
LMCI,sub-002S4219,ses-01,run-01,0.25015655333230385,,0.9718756668938405,74,10,0
LMCI,sub-002S4251,ses-01,run-01,0.21701980425974687,,0.5190993877991494,75,1,0
LMCI,sub-002S4521,ses-01,run-01,0.22432830672742435,,0.756224747816416,59,7,0
LMCI,sub-002S4654,ses-01,run-01,0.21161777374295251,,0.8606094953223726,42,12,0
LMCI,sub-002S4746,ses-01,run-01,0.3145378134817994,,1.7879965258377881,71,20,4
LMCI,sub-006S4346,ses-01,run-01,0.25298129611204445,,1.2048094033370151,67,11,2
LMCI,sub-006S4363,ses-01,run-01,0.4342046429513635,,1.7260550771460252,103,35,9
LMCI,sub-006S4515,ses-01,run-01,0.4333826537750317,,3.1075884321278915,97,37,11
LMCI,sub-013S4595,ses-01,run-01,0.1892778281838029,,0.9071584691874142,50,6,0
LMCI,sub-018S4889,ses-01,run-01,0.23626214256241096,,0.7618403064108846,69,6,0
LMCI,sub-019S4293,ses-01,run-01,0.29389046727148,,1.3558459346929053,70,25,3
LMCI,sub-019S4548,ses-01,run-01,0.25195277033488245,,0.9352290664713176,71,13,0
LMCI,sub-031S4194,ses-01,run-01,0.36029391023520846,,1.0230937444449524,112,31,1
LMCI,sub-031S4203,ses-01,run-01,0.45140699953537367,,2.291896126199708,117,40,6
LMCI,sub-031S4203,ses-02,run-01,0.36066459435800674,,1.5378159114637215,97,27,5
LMCI,sub-031S4590,ses-01,run-01,0.272652223928994,,0.9229259420737638,86,13,0
LMCI,sub-130S4250,ses-01,run-01,0.42022685819405653,,1.1610256359733384,118,39,1
LMCI,sub-130S4542,ses-01,run-01,0.3612645948546634,,1.4264119758224256,107,26,2
LMCI,sub-130S4605,ses-01,run-01,0.6446887117378426,,2.9812030942532006,125,80,19
LMCI,sub-130S4817,ses-01,run-01,0.36066645044256834,,1.201784678905013,109,24,3
MCI,sub-002S0729,ses-02,run-01,0.4599052352981874,,1.5296343803406758,106,44,13
MCI,sub-002S0729,ses-03,run-01,0.4456551366083357,,1.2857573970597769,110,43,9
MCI,sub-002S1155,ses-01,run-01,0.20250506286815934,,0.4174663170855922,69,0,0
MCI,sub-002S1155,ses-03,run-01,0.1679739055813228,,0.4842579557318606,37,0,0
MCI,sub-002S1268,ses-01,run-01,0.5469714814397559,,2.582386418314565,108,55,18
MCI,sub-002S1268,ses-02,run-01,0.3587824429870798,,1.27039032225921,104,29,2
MCI,sub-002S4229,ses-01,run-01,0.31125486302649996,,0.71577359123951,112,12,0
MCI,sub-002S4229,ses-02,run-01,0.3288208840950206,,0.8675423202242113,107,18,0
MCI,sub-002S4229,ses-03,run-01,0.16648346912518863,,0.6295907354171693,39,2,0
MCI,sub-002S4799,ses-02,run-01,0.1375391956831149,,0.5404567765466896,21,1,0
MCI,sub-006S4713,ses-01,run-01,0.21304349153742758,,0.5030926723173152,73,1,0
MCI,sub-006S4713,ses-01,run-02,0.2334581836928604,,0.5611536755335491,84,4,0
MCI,sub-006S4713,ses-02,run-01,0.2080903562265956,,0.8301861792627859,60,3,0
MCI,sub-013S1186,ses-01,run-01,0.4681128143622618,,1.3829256359733386,124,48,5
MCI,sub-013S1186,ses-02,run-01,0.3818179074619425,,1.910308553636683,88,37,5
MCI,sub-013S1186,ses-03,run-01,0.4737286320861905,,1.3077790204786393,119,58,3
MCI,sub-013S2389,ses-01,run-01,0.2666951263803215,,0.7500036830696375,92,8,0
MCI,sub-013S2389,ses-02,run-01,0.27395903723032217,,1.1186758960810852,72,20,2
MCI,sub-018S2180,ses-01,run-01,0.2530821319527251,,1.2539113251649845,53,17,2
MCI,sub-018S2180,ses-02,run-01,0.16809051432145417,,0.4316432083811338,40,0,0
MCI,sub-018S2180,ses-03,run-01,0.2170395748169365,,0.8014243112740429,54,13,0
MCI,sub-018S2180,ses-04,run-01,0.3363582835197566,,1.3325502918043972,87,24,5
MCI,sub-053S0919,ses-01,run-01,0.15584202688255816,,1.7183656513559749,20,5,2
MCI,sub-053S0919,ses-02,run-01,0.36628721750314924,,2.965573109480607,111,16,5
MCI,sub-053S4813,ses-01,run-01,0.5393699141824245,,1.7956321825566346,119,55,15
MCI,sub-053S4813,ses-02,run-01,0.5120679224119042,,1.9494694030265558,119,53,8
MCI,sub-100S4556,ses-01,run-01,0.16592498197690553,,0.45633424989872834,42,0,0
MCI,sub-100S4556,ses-02,run-01,0.30311330455320684,,1.47956493209759,98,7,4
MCI,sub-130S4294,ses-01,run-01,0.4512384255350279,,1.0434996403708077,121,46,3
MCI,sub-130S4294,ses-02,run-01,0.4072581179609513,,1.1818988977280096,119,34,1
MCI,sub-130S4294,ses-03,run-01,0.5459169038903732,,2.655190668368523,127,44,17
MCI,sub-136S0107,ses-01,run-01,0.19677168638095477,,0.8661927492304957,53,11,0
SMC_Final,sub-002S5230,ses-01,run-01,0.2159757169949666,,0.624469188911488,67,5,0
SMC_Final,sub-002S5230,ses-02,run-01,0.23746640295417046,,1.0005584925718276,67,9,1
SMC_Final,sub-002S5230,ses-03,run-01,0.3973855310771297,,1.506267412597643,104,31,9
SMC_Final,sub-002S5256,ses-01,run-01,0.16477287290358927,,0.6724612942444825,35,2,0
SMC_Final,sub-006S5153,ses-01,run-01,0.5108204630076141,,1.4429873049191901,126,61,7
SMC_Final,sub-006S5153,ses-02,run-01,0.36912701134608605,,1.5211715623540067,100,26,6
SMC_Final,sub-012S5121,ses-01,run-01,1.0663731913232597,,3.1277706689894416,134,112,65
SMC_Final,sub-012S5121,ses-02,run-01,0.5925135463256429,,2.1344994797845067,118,73,14
SMC_Final,sub-012S5157,ses-01,run-01,0.15049075668735487,,0.4965363707695889,32,0,0
SMC_Final,sub-012S5157,ses-02,run-01,0.1431164349811123,,0.8378037984394086,25,4,0
SMC_Final,sub-012S5195,ses-01,run-01,0.18202006263624396,,0.4964733921966187,47,0,0
SMC_Final,sub-012S5213,ses-01,run-01,0.589896303578866,,2.8108194422592945,125,69,12
SMC_Final,sub-013S5137,ses-01,run-01,0.21857810957676163,,1.4211515546626885,49,6,2
SMC_Final,sub-013S5137,ses-02,run-01,0.2861733348340613,,0.9721497398922534,98,11,0
SMC_Final,sub-018S5250,ses-01,run-01,0.31326141969092874,,1.0211687757535286,95,14,2
SMC_Final,sub-018S5262,ses-01,run-01,0.26644583986039233,,1.366660789101166,64,16,2
SMC_Final,sub-019S5180,ses-01,run-01,0.5363737656602443,,1.6259803217935205,127,72,8
SMC_Final,sub-019S5242,ses-01,run-01,0.468501556431773,,1.9989337915242391,124,47,5
SMC_Final,sub-019S5242,ses-02,run-01,0.43708836056331163,,1.2885225198880215,122,35,7
SMC_Final,sub-053S5202,ses-01,run-01,0.438232951881287,,1.8042321524122813,114,44,5
SMC_Final,sub-053S5202,ses-02,run-01,0.5250351386138795,,1.7556980095710868,123,58,8
SMC_Final,sub-053S5272,ses-01,run-01,0.3069872593944218,,0.7819692039836645,90,20,0
SMC_Final,sub-053S5287,ses-01,run-01,0.19423352869933364,,0.6633282084587486,48,4,0
SMC_Final,sub-100S5096,ses-01,run-01,0.5371996090621445,,2.1302086690064543,123,48,14
SMC_Final,sub-100S5102,ses-01,run-01,0.3031677094796859,,0.8683253834016803,95,18,0
SMC_Final,sub-100S5280,ses-01,run-01,0.2657686375683309,,0.6998179788058149,80,11,0
SMC_Final,sub-100S5280,ses-02,run-01,0.43599808561298076,,1.1144221368744156,123,49,1
SMC_Final,sub-130S5142,ses-01,run-01,0.3494787857825402,,1.3787998326537594,82,31,4
SMC_Final,sub-130S5142,ses-02,run-01,0.16041851411426053,,0.8493515546626886,25,8,0
SMC_Final,sub-130S5258,ses-01,run-01,0.4374111251688359,,1.2926936992284221,127,45,4
SMC_Final,sub-131S5148,ses-01,run-01,0.5397564748431034,,1.7938509575340147,127,65,13
